Date,Nifty 50,Nifty Midcap,Gold ETF,Debt MF,REIT,SGB (proxy)
2019-01-02,0.0,0.0,3.9215110251968006e-05,-0.0114847739514061,0.0,3.9215110251968006e-05
2019-01-03,-0.0111419967570072,-0.0072568472724238,6.4337492257096e-05,-0.013692942675627,0.0,6.4337492257096e-05
2019-01-04,0.0051628859308019,0.0016206333307737,-6.0589243118156e-05,0.0100967507991687,0.0,-6.0589243118156e-05
2019-01-07,0.0041436325775803,-0.0004653992727652,-2.5973453492655e-05,0.0041649471268823,0.0,-2.5973453492655e-05
2019-01-08,0.0028175965472634,-0.0006316304454333,-2.143566661105e-05,0.0004147751401359,0.0,-2.143566661105e-05
2019-01-09,0.0049064304868406,-0.0002022353816689,6.1071185808903e-05,-0.0078773021329486,0.0,6.1071185808903e-05
2019-01-10,-0.0030907707440862,0.0041432420916991,8.575664410036699e-05,-0.0025072906467704,0.0,8.575664410036699e-05
2019-01-11,-0.0024626132017869,-0.0032609379944701,-1.5745853790940998e-05,0.0041892949562336,0.0,-1.5745853790940998e-05
2019-01-14,-0.0053127235327499,-0.0069548160767268,2.6634966203953e-05,-0.0066750042551302,0.0,2.6634966203953e-05
2019-01-15,0.0138951162960325,0.00718702244342,3.844697424246e-06,0.0083998642345848,0.0,3.844697424246e-06
2019-01-16,0.000321490250835,0.0005431127648978,3.2318499828765e-05,0.0016659311868976,0.0,3.2318499828765e-05
2019-01-17,0.001368225934293,-0.0006131180207107,3.4652919133291e-05,-0.0004157306382694,0.0,3.4652919133291e-05
2019-01-18,0.0001604738994844,-0.0108297508582151,-5.7265473831794996e-05,-0.0016639315309471,0.0,-5.7265473831794996e-05
2019-01-21,0.0050334340103701,-0.0032159188983047,-2.2863815191183997e-05,-0.009583314259847,0.0,-2.2863815191183997e-05
2019-01-22,-0.003566880660501,0.0039655999183347,5.0554997903968e-05,-0.0067311671994457,0.0,5.0554997903968e-05
2019-01-23,-0.0083541232748163,-0.0060771368951825,1.566938032446e-06,-0.0046590685094406,0.0,1.566938032446e-06
2019-01-24,0.0016894986555417,-0.0011535268930732,-5.0467415417356e-05,-0.0046808770362366,0.0,-5.0467415417356e-05
2019-01-25,-0.0063826062458849,-0.0133773444940541,2.9034748086729e-05,-0.0064129808655171,0.0,2.9034748086729e-05
2019-01-28,-0.0110383980553809,-0.0184678898969192,0.000109175158796026,0.0008606049036423,0.0,0.000109175158796026
2019-01-29,-0.0008769465552643,0.0010124972421281,6.3659014962444e-05,-0.0012897973495398,0.0,6.3659014962444e-05
2019-01-30,-3.758759858607519e-05,-0.0001004000464637,2.3656956345801e-05,0.0004304876917304,0.0,2.3656956345801e-05
2019-01-31,0.0168187906184795,0.006040590405631,3.8479695179123e-05,0.006454372633716,0.0,3.8479695179123e-05
2019-02-01,0.0057889838086075,0.0102652879195959,4.0547691158274e-05,0.0008550858608624,0.0,4.0547691158274e-05
2019-02-04,0.0017073807867935,-0.0089458347390296,-6.789882647650902e-07,-0.0046988727496178,0.0,-6.789882647650902e-07
2019-02-05,0.0020252110586724,-0.007162911649979,1.3405264801396e-05,-0.0154505886176306,0.0,1.3405264801396e-05
2019-02-06,0.0117154280331102,0.0091693233906942,4.575503566234401e-05,0.0191804104823687,0.0,4.575503566234401e-05
2019-02-07,0.0006282690714798,0.0118750796868964,-0.000116733728462532,0.0102652560770635,0.0,-0.000116733728462532
2019-02-08,-0.0113647331210952,-0.0155642006430269,-2.7309319996434e-05,-0.0190516827667504,0.0,-2.7309319996434e-05
2019-02-11,-0.0050074752954736,-0.011176992776864,2.9780205072291e-05,-0.0198533012648511,0.0,2.9780205072291e-05
2019-02-12,-0.0052714178873772,-0.0055487220521599,-3.2593066484192e-05,0.0083663822860973,0.0,-3.2593066484192e-05
2019-02-14,-0.0078799216038005,-0.0056986185711462,0.0,-0.0288209545155646,0.0,0.0
2019-02-15,-0.0020146392819672,-0.0171549929516425,8.9537726815007e-05,0.0175359439596265,0.0,8.9537726815007e-05
2019-02-18,-0.0077813390280961,-0.008005707694358,7.7374910302763e-05,-0.0035351271176691,0.0,7.7374910302763e-05
2019-02-19,-0.0034395975233135,0.0016227417641627,2.5761892490665e-05,0.0057650143021548,0.0,2.5761892490665e-05
2019-02-20,0.0123629068039776,0.0134110060362824,5.0047921562397e-05,0.0194003760201539,0.0,5.0047921562397e-05
2019-02-21,0.0050672690080806,0.0085541970812219,-7.8374017551776e-05,0.004325193360348,0.0,-7.8374017551776e-05
2019-02-22,0.0001668958618696,0.0077461422957878,-6.0972060292415e-05,0.0193798783913246,0.0,-6.0972060292415e-05
2019-02-25,0.0081960789636807,0.004410369254854,2.1691606573277e-05,0.0033798024270468,0.0,2.1691606573277e-05
2019-02-26,-0.0041175914096317,-0.0004959531312368,-1.0991008517757e-05,0.0105263157894737,0.0,-1.0991008517757e-05
2019-02-27,-0.0026440813432874,0.004244307444621,2.0144478433654e-05,-0.0020833015441894,0.0,2.0144478433654e-05
2019-02-28,-0.0013094150466157,0.0077382357526223,-3.1592152726059e-05,0.025469673635537,0.0,-3.1592152726059e-05
2019-03-01,0.0065786425758629,0.012576149301138,-0.000145242308751331,0.012215030575436,0.0,-0.000145242308751331
2019-03-05,0.0114097846285727,0.0185918469730239,-0.000205853790447104,0.0362027190842271,0.0,-0.000205853790447104
2019-03-06,0.0059658795737218,0.0077174287617152,1.5978578590392e-05,0.0077639306604735,0.0,1.5978578590392e-05
2019-03-07,0.0004704781790012,-0.0046665079081582,-6.889687557554399e-05,-0.0234976396192473,0.0,-6.889687557554399e-05
2019-03-08,-0.0020618006804727,0.0010463100800519,5.0839736447905e-05,0.0015778701213728,0.0,5.0839736447905e-05
2019-03-11,0.0120203535320015,0.0229202867025761,1.1767627807968e-05,0.0204805226571087,0.0,1.1767627807968e-05
2019-03-12,0.0119224388280498,0.0042990697228402,-5.0347792318635e-05,-0.0015437672101223,0.0,-5.0347792318635e-05
2019-03-13,0.0035836901656514,-0.0056880529907267,8.357332828625901e-05,-0.0162350236826042,0.0,8.357332828625901e-05
2019-03-14,0.0001366465927339,-0.0037703442988749,-8.253048669455e-05,0.0188604922533168,0.0,-8.253048669455e-05
2019-03-15,0.007369987382364,-0.0012329020296539,-3.702446762446e-06,0.0235248979241162,0.0,-3.702446762446e-06
2019-03-18,0.0030936423551506,0.0022592379885117,-8.271927662717201e-05,0.0094197434580243,0.0,-8.271927662717201e-05
2019-03-19,0.0061244956567072,0.0031443934375678,8.2164327977534e-05,0.0108248972851145,0.0,8.2164327977534e-05
2019-03-20,-0.0009842344657688,-0.0033697493282115,-7.4968343753528e-05,-0.0291727847268987,0.0,-7.4968343753528e-05
2019-03-22,-0.0055680181190085,-0.0072986282096376,9.170772147732899e-05,0.0019018347401813,0.0,9.170772147732899e-05
2019-03-25,-0.0089597000170305,-0.0121307822054843,8.800770114403278e-07,0.0318906662005225,0.0,8.800770114403278e-07
2019-03-26,0.0113613845036,0.0094262728840794,-1.6728724549455e-05,0.0073583095417675,0.0,-1.6728724549455e-05
2019-03-27,-0.0033266013813597,-0.0021151097522315,1.2699956693376e-05,-0.0084002757226486,0.0,1.2699956693376e-05
2019-03-28,0.0109174007492152,0.0090450200490568,-4.5980125994415005e-05,-0.0103130306899072,0.0,-4.5980125994415005e-05
2019-04-01,0.008569610252809,0.0165374137780738,-5.6279664448678e-05,0.0040937364930155,0.0,-5.6279664448678e-05
2019-04-02,0.00377489390512,-0.0069527715165089,-3.4350945757701004e-05,0.0037064634235142,-0.0050210164041055,-3.4350945757701004e-05
2019-04-03,-0.0059121332210912,-0.003690856318233,-4.0363219238739996e-05,-0.0110782584160173,0.0287134986981281,-4.0363219238739996e-05
2019-04-04,-0.00394627205903,-0.0004494624391604,5.612734136404e-05,0.0014936149048965,0.0183805588443262,5.612734136404e-05
2019-04-05,0.0058587855934213,0.0043718044785223,-1.604677522739e-06,0.0059656916194144,0.0018600839770246,-1.604677522739e-06
2019-04-08,-0.0052674830839918,-0.0036865233036451,9.3633231449326e-05,-0.008895469799488,-0.022184609848137,9.3633231449326e-05
2019-04-09,0.0058124171926838,0.0038213689889488,-1.5019506552961001e-05,0.0100972498158096,0.0159655904860906,-1.5019506552961001e-05
2019-04-10,-0.0075094897732,-0.0031850618869619,8.494131502223e-06,-0.0003702417177746,0.0046865210375066,8.494131502223e-06
2019-04-11,0.0010704480058416,0.0032701441926485,-2.2101206366507e-05,0.0044444755271628,0.0024085198594483,-2.2101206366507e-05
2019-04-12,0.0040313191867198,0.0043536591754596,-1.5061947175435e-05,-0.0018436999580341,0.0246681670505146,-1.5061947175435e-05
2019-04-15,0.0040279653604204,0.004187977377364,-5.4837458339792e-05,0.0055411754791765,0.0064413203376476,-5.4837458339792e-05
2019-04-16,0.0082804008848778,0.0053875612412064,7.137368579839001e-06,0.0077149521351478,-0.0006488857953348,7.137368579839001e-06
2019-04-18,-0.0029142400664389,-0.0043058257878337,-3.8873466041547e-05,-0.0032810846367693,-0.0001768749352206,-3.8873466041547e-05
2019-04-22,-0.0134733520528311,-0.0180263487236963,2.5062098690584e-05,-0.0157278823253802,-0.0167668253415487,2.5062098690584e-05
2019-04-23,-0.0015955909670886,-0.0011610246495702,-1.2142782115328e-05,0.0070605921640645,-0.0086463569211322,-1.2142782115328e-05
2019-04-24,0.0129751936366588,0.0065651124340755,-3.3964194373399998e-06,0.013653096925333,-0.001211090866742,-3.3964194373399998e-06
2019-04-25,-0.0071933740509534,-0.0050930896413431,8.4951615280075e-05,-0.0061885722804259,0.0034563234407052,8.4951615280075e-05
2019-04-26,0.0096935686775907,0.0002185810243264,-1.3477843853465e-05,-0.0025640914571598,-0.011059026108723,-1.3477843853465e-05
2019-04-30,-0.0005529726349993,-0.0043265247818742,-1.4205281560260002e-06,0.0099155513148236,-0.0209903625454779,-1.4205281560260002e-06
2019-05-02,-0.0019918361484096,-0.0050772623209341,-0.000121125868545688,-0.0032727328213778,0.0033389967169452,-0.000121125868545688
2019-05-03,-0.0010661208128105,-0.0043873428442565,-1.0966834361640001e-05,0.002553801357676,0.0048525113565669,-1.0966834361640001e-05
2019-05-06,-0.0097333987918631,-0.0121596750308407,8.153038277076601e-05,-0.0025472960695152,0.0061601702676434,8.153038277076601e-05
2019-05-07,-0.0086521336731834,-0.0067088270136012,5.3554904264479995e-06,-0.0080262427792484,0.0136597878299737,5.3554904264479995e-06
2019-05-08,-0.0120413458639272,-0.0115709037534056,1.4452901130286001e-05,-0.0099301380088416,0.0281049254559044,1.4452901130286001e-05
2019-05-09,-0.005075103956069,-0.0028137847957772,1.852975315729e-05,-0.013744459070757,-0.0118377551399093,1.852975315729e-05
2019-05-10,-0.0020261741013145,-0.0027654748408086,-1.9558549362129998e-06,-0.0094161961274571,0.0040925857422184,-1.9558549362129998e-06
2019-05-13,-0.0115880263843041,-0.0182367543751531,5.4073717110543e-05,-0.0148288745612916,-0.0125856708050261,5.4073717110543e-05
2019-05-14,0.0066243526381999,0.0021246534254606,0.000103498206303298,0.0034735682407531,0.0230815430592161,0.000103498206303298
2019-05-15,-0.0057966063080854,-0.0043838136158643,5.953033027575999e-06,-0.0073077128483698,0.0076574614350068,5.953033027575999e-06
2019-05-16,0.0089719108519314,-0.0004132238230141,-7.1225664631342e-05,0.0112359907604808,-0.0033025649114248,-7.1225664631342e-05
2019-05-17,0.0133294353303079,0.0085291938188487,-3.6309382131335e-05,0.0057471117370853,-0.0017595683966853,-3.6309382131335e-05
2019-05-20,0.0369154078761932,0.0325968390894264,-0.000130729080978421,0.0415238153366814,0.0018801812639965,-0.000130729080978421
2019-05-21,-0.0100733743897025,-0.0082104292017534,1.0575032611934e-05,-0.0138990880027213,0.0200561045608762,1.0575032611934e-05
2019-05-22,0.0024596922232125,-0.0004095531471199,-1.0563861294164e-05,0.0129822104360273,-0.0030756361749866,-1.0563861294164e-05
2019-05-23,-0.0068879938700173,0.0036892345165746,4.301807847842e-05,-0.000732279414358,0.0077563025398674,4.301807847842e-05
2019-05-24,0.0160460672143893,0.0232140360419299,-8.031085119698e-06,0.0098936805187652,-0.0043206182873939,-8.031085119698e-06
2019-05-27,0.0068093306612486,0.0053404674628596,3.6974319936615e-05,0.0156023335815793,-0.003074528806755,3.6974319936615e-05
2019-05-28,0.0003354368016101,0.0037824682645262,1.7793140116529999e-06,0.0060736004888917,0.0003457725095625,1.7793140116529999e-06
2019-05-29,-0.0056712053337525,-0.0071662912864957,3.5941721916155e-05,-0.0110085038218091,0.0044953238641449,3.5941721916155e-05
2019-05-30,0.0071494873192847,0.0008398667101341,-5.7442291577759e-05,0.0089766605592702,0.0109005729509041,-5.7442291577759e-05
2019-05-31,-0.0019337668306382,0.0069062906414971,0.000121968274888926,0.0035587323883337,0.0046820794624988,0.000121968274888926
2019-06-03,0.0139019360146293,0.0109035963942747,5.373129192864e-05,0.0138297652162115,-0.0022594835456665,5.373129192864e-05
2019-06-04,-0.0055341141115669,-0.006145408460522,3.8550039384245995e-05,0.0003497806515726,0.0109835588463931,3.8550039384245995e-05
2019-06-06,-0.0147983334105052,-0.0213067074848363,0.000107175617899837,0.0006993166956958,-0.0078680579683652,0.000107175617899837
2019-06-07,0.0022712730870713,0.0003141566940527,-1.5543262486853e-05,-0.0038434873209636,-0.0222116383414725,-1.5543262486853e-05
2019-06-10,0.0043847475053773,0.0026897148027824,-3.8399689191875e-05,-0.0084180908169559,0.0286041485141119,-3.8399689191875e-05
2019-06-11,0.0035981290613484,0.005710795536959,-6.7718808899834e-05,0.0070745968288761,0.018941668772429,-6.7718808899834e-05
2019-06-12,-0.0049641819885031,-0.0078929443211727,6.381036644528201e-05,-0.0049174356524401,0.0013222019638168,6.381036644528201e-05
2019-06-13,0.0006592875347493,-0.0005859076170984,1.4939118981627e-05,-0.0024708681614095,-0.0181251989019638,1.4939118981627e-05
2019-06-14,-0.0076170572968643,-0.0104531468515505,0.000144314286799434,-0.0042463141635348,0.0006724817609389,0.000144314286799434
2019-06-17,-0.0127840295483816,-0.0155279733707303,-0.00010413124061148299,-0.0142146278324873,0.0140801440635482,-0.00010413124061148299
2019-06-18,0.0016577587443133,0.0012259849344891,3.801316988391e-05,0.0082912597020203,-0.0082256309214191,3.801316988391e-05
2019-06-19,-4.259905700743083e-06,-0.0057367596936406,-1.0500184644606999e-05,-0.0017876023699676,0.0199280260682146,-1.0500184644606999e-05
2019-06-20,0.0120002054786796,0.0168105459773328,0.000255712366806204,0.0143266338623653,0.0173555040288608,0.000255712366806204
2019-06-21,-0.0090984335051873,-0.0026650189531187,2.01573012982e-06,-0.005649712187015,0.003379874270575,2.01573012982e-06
2019-06-24,-0.0020853813567439,0.0012645480511939,8.130374090252701e-05,-0.0071022998587776,-0.0017910211367732,8.130374090252701e-05
2019-06-25,0.0082737348087824,0.002529669169579,0.000136634734504976,0.0135908827095156,-0.0118371103259132,0.000136634734504976
2019-06-26,0.0043317785036134,0.0080600917569089,-0.000187230815961705,0.0077628550518693,0.0002980616024235,-0.000187230815961705
2019-06-27,-0.0005064338279993,0.004956543593827,-2.144205590169e-05,0.0045518582124015,0.0053376300715441,-2.144205590169e-05
2019-06-28,-0.0044504474652159,-0.0017840093273514,6.5807961149479e-05,-0.0062739735735488,-0.0112923419122664,6.5807961149479e-05
2019-07-01,0.0065103892697864,0.0050946210779996,-0.00013125615063394,-0.02034373619957,-0.0043609266271555,-0.00013125615063394
2019-07-02,0.0037672091410518,0.0033161825770982,1.4195841366306e-05,0.0146795504093184,0.0153579907738798,1.4195841366306e-05
2019-07-03,0.0005415644793391,0.0051536602552511,0.000176353138888236,0.00388146117711,0.0094373482985783,0.000176353138888236
2019-07-04,0.0025174649128327,0.0,-6.8157958746914e-05,0.0024604461492812,0.007478941144823,-6.8157958746914e-05
2019-07-05,-0.0113503345575156,-0.0117993829945631,0.000100517815381644,-0.0287517419937838,-0.0051434815945837,0.000100517815381644
2019-07-08,-0.021382403313606,-0.0207227940961399,1.5704757619603e-05,-0.0487364745229872,-0.0064225069392629,1.5704757619603e-05
2019-07-09,-0.0002335247210926,0.0053150069357059,-8.9623692564132e-05,-0.0007590306441792,0.0047475747502001,-8.9623692564132e-05
2019-07-10,-0.004932545113165,-0.0079266647637338,4.6632902533352e-05,-0.0060767127943686,0.010277535970274,4.6632902533352e-05
2019-07-11,0.0073050463215147,0.0072028028471118,0.00014107119990261501,0.0068781163412694,-0.0145855650774561,0.00014107119990261501
2019-07-12,-0.002624592252352,0.0019140655425124,-8.4838743531305e-05,-0.009867181218892,0.0055776999263972,-8.4838743531305e-05
2019-07-15,0.0031031905972733,0.0041747714700592,6.1659285186992e-05,-0.0045994955358976,-0.0011737041958509,6.1659285186992e-05
2019-07-16,0.0064072971995883,0.0099348787428972,1.0322747272143999e-05,0.0084713602818615,0.0198094931777537,1.0322747272143999e-05
2019-07-17,0.0021350634900458,0.0022967167634844,-1.9642010512162998e-05,-0.0084001991682678,-0.0045291348885582,-1.9642010512162998e-05
2019-07-18,-0.0077518382352941,-0.0112401516223435,0.000156134628602402,-0.0257990024647175,0.0019199047304494,0.000156134628602402
2019-07-19,-0.0153187821435988,-0.0171054755195152,7.1376883039009e-05,0.0015810639025137,-0.0233077037983229,7.1376883039009e-05
2019-07-22,-0.0063970755248812,0.0007484050414392,-0.000102297766823749,0.0106551087662916,0.0228423746404999,-0.000102297766823749
2019-07-23,-0.0013352832106081,-0.0043428332780783,-2.6243540076630003e-05,-0.0050761837179608,-0.0224110135440952,-2.6243540076630003e-05
2019-07-24,-0.0052731212932523,-0.01605217893914,1.380594841698e-05,-0.0121663842822492,0.0130079170357433,1.380594841698e-05
2019-07-25,-0.0016989534831232,0.0064380455360391,3.081977380847e-06,-0.011521689100052,-0.0045896190272676,3.081977380847e-06
2019-07-26,0.0028571795564771,0.0095714192148395,-4.8969847432525e-05,-0.0076366010095608,-0.0030389651111492,-4.8969847432525e-05
2019-07-29,-0.0084276039294431,-0.0134273959626898,-5.051121941456001e-06,-0.0214662079862825,-0.0061487921182266,-5.051121941456001e-06
2019-07-30,-0.0092767850137299,-0.0137170576529609,3.9290050138098e-05,-0.0153145254230785,-0.0247746791796577,3.9290050138098e-05
2019-07-31,0.0029407696814063,0.0090293870081235,-4.319635696061899e-05,0.0184951075988317,0.0323275800377897,-4.319635696061899e-05
2019-08-01,-0.0124123043712898,-0.0129779529950473,-6.5565284531322e-05,-0.0119685932173957,-0.0205474656583828,-6.5565284531322e-05
2019-08-02,0.0015801101434427,0.0030428796313022,0.000267439647387719,-0.0187970239306917,0.0003003430009722,0.000267439647387719
2019-08-05,-0.0122529522827143,-0.0081166180228541,0.00022417659205662102,-0.017454229519245,0.0218174069193739,0.00022417659205662102
2019-08-06,0.0078848888576432,0.0096379665067827,6.255692932328e-05,0.0155979467738991,-0.0160401322137712,6.255692932328e-05
2019-08-07,-0.0084716735551343,-0.0045844166707407,0.000149202549139229,-0.0102388978519625,-0.0212661461546709,0.000149202549139229
2019-08-08,0.0163005108297638,0.0124621304420766,-1.4241878740975e-05,0.0163792736323364,-0.0055978030779942,-1.4241878740975e-05
2019-08-09,0.0069975566574775,0.0071379730207952,3.7110945804377e-05,-0.0076336007531033,-0.0037069077885488,3.7110945804377e-05
2019-08-13,-0.0165442452991232,-0.0228878623533114,0.000177232391549719,-0.0273504017128969,0.0356941509847874,0.000177232391549719
2019-08-14,0.0094775953314556,0.0108402510728407,-0.000158682380623987,0.0,0.0128566136667891,-0.000158682380623987
2019-08-16,0.0016682152620135,0.0033032058190569,3.8441422046313e-05,0.0048330671900422,0.008773271572668,3.8441422046313e-05
2019-08-19,0.0005521991749806,-0.0006903782679438,1.2157224470639e-05,-0.0043725569654626,-0.0087235307012567,1.2157224470639e-05
2019-08-20,-0.0033382235519596,-0.0076285000104868,7.3612087343284e-05,-0.0140535655859027,0.0258666614672533,7.3612087343284e-05
2019-08-21,-0.0089225564752201,-0.0116896030233145,-7.1115412822523e-05,-0.0213809101680454,-0.0044045273931071,-7.1115412822523e-05
2019-08-22,-0.0162428295277892,-0.0135448700167239,7.5873683099094e-05,-0.0245789269483714,0.0059339292367284,7.5873683099094e-05
2019-08-23,0.0081926390258439,0.0082826146600476,-3.2531124146132e-05,0.0382641009401278,0.0010273639885964,-3.2531124146132e-05
2019-08-26,0.0211000667853762,0.0184828741616058,0.00026260504928218,0.0139325602670734,0.0270182636262903,0.00026260504928218
2019-08-27,0.0042955910667956,0.013275967751003,-3.3855502603129997e-06,0.0155142016735463,-0.0085301008932695,-3.3855502603129997e-06
2019-08-28,-0.0053352665232603,-0.0047445643010254,7.7320963237708e-05,-0.0235704500993136,-0.018317947558659,7.7320963237708e-05
2019-08-29,-0.0088537862364102,0.0005666178078853,3.215757120689e-06,0.0116226335171703,0.0008949341332027,3.215757120689e-06
2019-08-30,0.0068458296401794,0.0137502474549631,-0.00012360299147619,-0.0110472827782257,0.0295553810781379,-0.00012360299147619
2019-09-03,-0.0204431188057061,-0.0216133730498929,0.000193050240984089,-0.0245754806829808,-0.0033969207094254,0.000193050240984089
2019-09-04,0.0043295454031591,-0.0013082394894781,3.6137314487201e-05,0.0137425212143389,0.0066891556756429,3.6137314487201e-05
2019-09-05,0.0002996869316147,0.0052130142611088,-1.8075860804397e-05,0.042024416649077,0.0181504222845023,-1.8075860804397e-05
2019-09-06,0.0090616433731685,0.0045844807400599,-0.000286694715239491,0.0177796989118601,0.0222529414814385,-0.000286694715239491
2019-09-09,0.0051935473827113,0.0033411625392476,4.8471555248732e-05,0.0042607747931557,0.000391286311961,4.8471555248732e-05
2019-09-11,0.0029673946046386,0.0064516138673087,-0.000105530104989952,-0.009758147866537,-0.015231918384207,-0.000105530104989952
2019-09-12,-0.0047935690249604,-0.0009369511530786,-5.5053685469084e-05,-0.0047129652798809,-0.0034017390180192,-5.5053685469084e-05
2019-09-13,0.0084769446400874,0.0066615568153911,-7.390487124245e-06,0.0142057653985767,0.0063030755362583,-7.390487124245e-06
2019-09-16,-0.0065367498868337,-0.0010922460348966,3.8190158913948e-05,0.0016978317671512,-0.0091349905506844,3.8190158913948e-05
2019-09-17,-0.016894659937747,-0.0167699031894805,3.4285237018327004e-05,-0.016949136104436,-0.0140412036532079,3.4285237018327004e-05
2019-09-18,0.0021308591630644,0.006231747316802,-7.3282345693636e-05,-0.0043103611284992,0.0084380580167147,-7.3282345693636e-05
2019-09-19,-0.0125315899915916,-0.0087113600146991,-9.707238290188099e-05,-0.0142857107470341,-0.0006531669484672,-9.707238290188099e-05
2019-09-20,0.0531911293077771,0.0572774146327459,6.098072308969999e-06,0.0346947295694652,-0.0368117362122792,6.098072308969999e-06
2019-09-23,0.028915576657539,0.0184442876128996,8.059591014434e-05,0.0195246605368668,0.0177259225262491,8.059591014434e-05
2019-09-24,-0.0010344649056013,0.0010820208620172,1.208434271611e-06,-0.0116569809038037,0.0103885976517148,1.208434271611e-06
2019-09-25,-0.0127716122871148,-0.0163926210208569,7.8129440646701e-05,-0.0122156280949724,-0.0019042767501665,7.8129440646701e-05
2019-09-26,0.011450848565891,0.0118794351567181,-0.00010751279688170599,0.0255862880426569,-0.0010173391101198,-0.00010751279688170599
2019-09-27,-0.0050815648934429,0.0002552854625217,1.0610355035778e-05,-0.0128897910925784,0.0005346972591941,1.0610355035778e-05
2019-09-30,-0.0032964624252822,-0.0107052105736054,-1.4838752606744999e-05,0.0037910763881887,0.0218344429342682,-1.4838752606744999e-05
2019-10-01,-0.0099830321050411,-0.0098273067375475,-0.00010069019151058701,-0.0096516803597437,-0.0069234820748655,-0.00010069019151058701
2019-10-03,-0.0040405627731454,-0.0083175054665541,0.000218593770287913,-0.0093220854723318,0.0168271299126201,0.000218593770287913
2019-10-04,-0.0123077602969772,-0.0126409984203088,8.589645099571001e-05,0.0004277258015739,0.0195330572528233,8.589645099571001e-05
2019-10-07,-0.0043266837625002,-0.0144874501490405,-1.0998275814169e-05,-0.0141085905223281,0.0400590481665872,-1.0998275814169e-05
2019-10-09,0.0167978328570648,0.013890412633736,3.541282304055e-05,0.0056375139256716,-0.0239563110313045,3.541282304055e-05
2019-10-10,-0.006960833829169,-0.0062808909864345,3.1284533488171e-05,-0.004312219886449,-0.000786251663459,3.1284533488171e-05
2019-10-11,0.0062752848334504,0.0039916449930044,-4.9219609763721995e-05,-0.0004330978265807,0.0137605295325844,-4.9219609763721995e-05
2019-10-14,0.0031933150725733,0.0072560117049027,2.5251128719334e-05,0.0186308625042115,0.001646217456664,2.5251128719334e-05
2019-10-15,0.007684353972992,0.0081742131082371,5.2894711794865994e-05,0.0153126587344438,-0.0022544239808605,5.2894711794865994e-05
2019-10-16,0.0031238413344614,0.0085133845752798,-5.6152794792896e-05,0.0058650768632706,-0.0015534390700595,-5.6152794792896e-05
2019-10-17,0.0106725060515526,0.0142085358335595,1.5710204011013998e-05,0.0087463174706698,-0.021076450675419,1.5710204011013998e-05
2019-10-18,0.0065162887833896,0.013991454120777,-7.250606569352e-06,0.0194055009920655,-0.0061412098706324,-7.250606569352e-06
2019-10-22,-0.0063026022853966,0.0053472874835642,-2.9025729744582e-05,0.0044551924108384,-0.0079239984710108,-2.9025729744582e-05
2019-10-23,0.0013591236483976,-0.0008344158246628,3.8021193693698e-05,-0.004435431709149,0.0007573145754609,3.8021193693698e-05
2019-10-24,-0.001852793471596,-0.003382997503338,-2.7076415410415e-05,-0.0109356197619854,-0.008908534589236,-2.7076415410415e-05
2019-10-25,0.0001123047756004,-0.0030557363184468,0.000172099708352773,-0.0016380391237662,0.0166471725876307,0.000172099708352773
2019-10-27,0.0,0.0,-4.3026965434436996e-05,-0.0008202851149897,-0.0051348714598514,-4.3026965434436996e-05
2019-10-29,0.017519938181983,0.0174555129825535,-0.000124069864371157,0.016009826760132,0.0171651131566485,-0.000124069864371157
2019-10-30,0.0048571078699828,0.0066367797364828,-1.4980188423566001e-05,0.0024242208461568,-0.0071811727030413,-1.4980188423566001e-05
2019-10-31,0.0028157974888274,0.002992655828756,0.000120468956172572,0.0064490064835247,-0.0041229920982523,0.000120468956172572
2019-11-01,0.0011070906504571,-0.0005413644314932,3.3612293570954e-05,-0.0028033518922357,0.0167293063612896,3.3612293570954e-05
2019-11-04,0.0042638888683566,-0.0018688924458112,2.047972328824e-06,0.0064256967816593,-0.0154539352702894,2.047972328824e-06
2019-11-05,-0.0020181730439042,-0.0073483264186581,-2.7934871523581e-05,-0.0127693416458013,-0.0233873427872647,-2.7934871523581e-05
2019-11-06,0.0040990843968715,0.0032293181933205,-6.7318780755972e-05,-0.0016167747998691,-0.0024019483621399,-6.7318780755972e-05
2019-11-07,0.0038442093047263,0.0053287533986212,-2.2148946908318e-05,-0.0072874615229104,0.0027304244276156,-2.2148946908318e-05
2019-11-08,-0.0086495990069866,-0.0104231051477754,-8.3611275480947e-05,-0.012234956721389,-0.0285692910363369,-8.3611275480947e-05
2019-11-11,0.0004450569159482,0.002250998125292,1.4475685084511e-05,0.0020644568879739,0.0166925986501467,1.4475685084511e-05
2019-11-13,-0.0061275280295143,-0.0053618822585438,8.1214518246264e-05,-0.0053564509956013,0.0227100516331943,8.1214518246264e-05
2019-11-14,0.0026729907681237,-0.0043464492931274,4.729816292763e-06,-0.0053852180635243,0.0190198326372323,4.729816292763e-06
2019-11-15,0.0019668455206576,0.0007080451368723,-8.9534327710811e-05,-0.0066638836271082,0.0101499535766655,-8.9534327710811e-05
2019-11-18,-0.0009205364347466,-0.0014736231636686,-3.2351306319201005e-05,-0.0004192968017562,0.0080920186918225,-3.2351306319201005e-05
2019-11-19,0.0046783297046573,-0.0029160762630878,8.3308286188787e-05,-0.003355701476259,0.0183070065473622,8.3308286188787e-05
2019-11-20,0.0049413323113045,0.0062000866791751,4.2867743392420004e-05,-0.0004208850498949,-0.0022825791343344,4.2867743392420004e-05
2019-11-21,-0.0025584601969645,-0.0040129578557138,-4.430966916942e-05,-0.0147368581671464,0.0135379856389592,-4.430966916942e-05
2019-11-22,-0.0045118811401312,-0.0026090666942153,1.187317905444e-06,0.0085470412905936,0.0029553062319178,1.187317905444e-06
2019-11-25,0.0133745387220984,0.0136960517576245,-9.4490910457206e-05,-0.0012712155152787,0.0282360081245429,-9.4490910457206e-05
2019-11-26,-0.0029858001604721,-0.0063089533081421,-2.0067191501490998e-05,-0.0059397281061136,0.0040836986571215,-2.0067191501490998e-05
2019-11-27,0.005233557820665,0.0072405900937881,-1.0353712539772e-05,0.0,-0.0128541955690223,-1.0353712539772e-05
2019-11-28,0.0041691963686567,0.0104290031256135,1.4870524102317e-05,0.0098164549398456,0.0092427786195161,1.4870524102317e-05
2019-11-29,-0.0078264676907359,-0.0076184970533093,2.3098850515788e-05,-0.0038038948929973,0.0019175275038567,2.3098850515788e-05
2019-12-02,-0.0006510929783939,-0.0002452190328011,-1.496720743077e-06,-0.0123037340659105,-0.0039173725241852,-1.496720743077e-06
2019-12-03,-0.0044819972381442,-0.0072268389625156,2.2748765163274e-05,-0.0047251119891359,-0.0228506984879688,2.2748765163274e-05
2019-12-04,0.0040853078322928,0.0010941435676015,8.1231421087906e-05,0.0004316024535566,-0.0162143167952545,8.1231421087906e-05
2019-12-05,-0.002059237103536,-0.0077086142969433,-2.6957653374412997e-05,-0.0064710792301749,-0.0106509903489103,-2.6957653374412997e-05
2019-12-06,-0.0080626695296811,-0.010356864756466,-1.2920940455914e-05,-0.0151975844999727,0.0076284541503168,-1.2920940455914e-05
2019-12-09,0.0013421129891373,-0.0034465315345258,-0.00011495487874364301,-0.0008818543868849,-0.0001177028171396,-0.00011495487874364301
2019-12-10,-0.0067602257853403,-0.0106060061274205,-8.725407567322e-06,-0.015445736267721,-0.0017689929744009,-8.725407567322e-06
2019-12-11,0.0044995771891509,0.0047553815406764,1.9724556958535e-05,0.0094128640451949,0.004087859857552,1.9724556958535e-05
2019-12-12,0.0051762078597283,0.0072316029713501,4.658305869431e-06,0.0084368837853856,-0.0025888628103305,4.658305869431e-06
2019-12-13,0.0095975870378328,0.0101785250983896,-2.0126933878271003e-05,0.0105681060388458,0.0065592924878081,-2.0126933878271003e-05
2019-12-16,-0.0027095898360001,-0.0057503312348287,6.6976668345093e-05,-0.0056645343700887,-0.0020157762285358,6.6976668345093e-05
2019-12-17,0.0092127313360466,0.0041733552742284,1.7940243749146e-05,-0.0008764442607862,-0.0018322328311323,1.7940243749146e-05
2019-12-18,0.0046568344122481,0.003797454066281,2.775940181791e-05,-0.0017543425226828,0.0012232993669338,2.775940181791e-05
2019-12-19,0.0031133114981498,0.0038062719671037,-0.009900136922489975,0.0017574256492296,-0.0083192365529854,-0.009900136922489975
2019-12-20,0.0009869417018555,0.0056982350158907,2.9805875401243e-05,0.0043859817901739,0.0046923203493718,2.9805875401243e-05
2019-12-23,-0.0007374472230261,-0.0003696439783923,0.9900000779377253,-0.0048034368923709,0.000353815308409,0.9900000779377253
2019-12-24,-0.0039306187692401,-0.0004542469336956,2.9717227217416e-05,0.0030715090834649,-0.0070742356002283,2.9717227217416e-05
2019-12-26,-0.0072045225904461,-0.0036148448527582,7.4074074074073e-05,-0.001749821279936,0.0024225115194183,7.4074074074073e-05
2019-12-27,0.0098337946011572,0.0069501010206769,4.4118095846736005e-05,0.0144609959736723,0.0067754124380052,4.4118095846736005e-05
2019-12-30,0.0008206736062803,0.0002826504477482,4.3923193112589e-05,0.0008639506735741,-0.0156013174934754,4.3923193112589e-05
2019-12-31,-0.0071312407420245,-0.0062243695422514,4.3732224261052004e-05,0.0125161418741392,0.0116417011497425,4.3732224261052004e-05
2020-01-01,0.00115460921169,0.0,-2.9028239943013e-05,0.0038363237894352,0.0069704778551156,-2.9028239943013e-05
2020-01-02,0.0081838863379848,0.0080490900865102,0.0,0.0050955772025909,-0.0113102107090512,0.0
2020-01-03,-0.0045227893866035,-0.0019782546676734,0.000305677757904085,-0.0008449707519732,0.0072623491968604,0.000305677757904085
2020-01-06,-0.0191058530729412,-0.0205081343830503,0.00021186439764747398,-0.0241014674003466,-0.0097787125837929,0.00021186439764747398
2020-01-07,0.0049945920012428,0.0073955753001802,-0.000179806776885911,0.0095320326725185,0.0003333671753178,-0.000179806776885911
2020-01-08,-0.0022899444111396,0.0004395469663649,0.00016901365468199699,-0.0154505886176306,-0.0049956797715413,0.00016901365468199699
2020-01-09,0.0158457581226116,0.013187632369763,-0.000290858526715245,0.0008717763709442,0.0021039080560516,-0.000290858526715245
2020-01-10,0.0033480474426501,0.0025189105141183,-2.8530235748296e-05,0.012630702399438,-0.0037695280917745,-2.8530235748296e-05
2020-01-13,0.0059354808073293,0.0079668020503649,-5.7224823626192e-05,0.0159140145906837,-0.0037599765145508,-5.7224823626192e-05
2020-01-14,0.0026562202609821,0.0021435310101534,0.0,0.0055037746040496,-0.030263509824666,0.0
2020-01-15,-0.0015369308543056,0.0039070350329701,8.6330715700877e-05,0.002947355571546,-0.0308860383328984,8.6330715700877e-05
2020-01-16,0.0009884063018437,0.0007131299891023,-1.4265117874148e-05,-0.0113350319572984,-0.0146817286489462,-1.4265117874148e-05
2020-01-17,-0.0002549788049855,0.0019410569502968,-1.4285496303012999e-05,-0.0029723862884063,0.055915990395313,-1.4285496303012999e-05
2020-01-20,-0.0103461939411514,-0.0096573550100127,8.0114098193033e-05,-0.0272572147413032,0.0094405988336983,8.0114098193033e-05
2020-01-21,-0.0044746183856623,-0.0047679666327922,-2.8384466483233e-05,-0.0096321940404875,-0.0011447910056057,-2.8384466483233e-05
2020-01-22,-0.0051725551893021,-0.0008508166741231,4.5545073312658e-05,-0.036693187131384,0.0158975008204409,4.5545073312658e-05
2020-01-23,0.0060667236352978,0.010677462964687,-2.2669829690904e-05,0.0036714052475805,0.0073924316502544,-2.2669829690904e-05
2020-01-24,0.0055745847042631,0.0088395575726649,5.3962637417404e-05,0.0032007175188875,0.0104350492049245,5.3962637417404e-05
2020-01-27,-0.0105525279121506,-0.0066200661283064,0.000127117776510043,-0.0091158048345983,-0.0228947708226741,0.000127117776510043
2020-01-28,-0.0052149678449129,-0.0024861031333208,-3.6261439037943e-05,-0.0119595322731902,0.01730214699587,-3.6261439037943e-05
2020-01-29,0.0061132563999481,0.0054225070246558,-3.0795242607049e-05,0.0051210713545533,-0.0082075491798538,-3.0795242607049e-05
2020-01-30,-0.007724984155365,-0.0176413592045114,8.986231096306e-05,-0.0078740192261447,-0.0065292280779825,8.986231096306e-05
2020-01-31,-0.0061234148547233,-0.008355273006983,-1.6699519282322e-05,-0.0345471413857342,-0.0008425621302688,-1.6699519282322e-05
2020-02-03,-0.0212503847193161,-0.0268566864735313,1.1151635550172e-05,-0.0285299876151464,-0.0304799388453426,1.1151635550172e-05
2020-02-04,0.0232108226866707,0.0209825870532069,-9.1895855683553e-05,0.0219014699211408,0.0192107485525909,-9.1895855683553e-05
2020-02-05,0.0091405004678344,0.0151303721085247,-7.5885453588709e-05,-0.0038967326366479,-0.002828353757539,-7.5885453588709e-05
2020-02-06,0.0040366612301674,0.0116879816593944,7.6465717151714e-05,0.0068459356687238,0.0464601554218866,7.6465717151714e-05
2020-02-07,-0.0032625431230384,0.0060648020332501,3.3726510879499e-05,0.0126275000949505,-0.005748578864608,3.3726510879499e-05
2020-02-10,-0.0055255147630383,-0.0031931546918603,7.0028009707923e-05,-0.0225420245613441,-0.0025142639024986,7.0028009707923e-05
2020-02-11,0.0063500303889789,-0.0034313245677806,-3.6161631531660003e-05,0.0103042689140813,0.0180480412970904,-3.6161631531660003e-05
2020-02-12,0.0077056964194832,3.465747683950582e-05,-1.6750802289840998e-05,0.0014570513075851,0.0121272576664408,-1.6750802289840998e-05
2020-02-13,-0.0021759994314084,-0.0016548371666085,5.313267626521e-05,-0.0087294033874769,0.0257021781199611,5.313267626521e-05
2020-02-14,-0.0050268544351488,-0.0106412471826459,-2.781704775969e-05,-0.023483436254572,-0.0003121155704189,-2.781704775969e-05
2020-02-17,-0.0055847334602637,-0.0116293835478956,2.2315713935787e-05,-0.0210419933972861,-0.0021185518303245,2.2315713935787e-05
2020-02-18,-0.0044247626186481,-0.003878298460426,5.8446724934317005e-05,0.0015352496361982,-0.0180126371123411,5.8446724934317005e-05
2020-02-19,0.011123651500938,0.0203275967281673,0.000157719896084858,0.0260603084739301,0.0157486523265253,0.000157719896084858
2020-02-20,-0.0037152524595064,0.0013639713190818,2.996475431624e-05,0.0044820793291755,0.0289167277588511,2.996475431624e-05
2020-02-24,-0.0208138687990014,-0.0207849354096354,0.00047800167051002796,-0.0257808852650841,-0.0396944978904822,0.00047800167051002796
2020-02-25,-0.0026628568617023,-0.0074891650053413,-0.000295490707682669,0.0015267525306827,-0.0010345796505789,-0.000295490707682669
2020-02-26,-0.0101204779385897,-0.0141223989846009,2.1368011215048e-05,-0.0106707819392695,0.0127264628623999,2.1368011215048e-05
2020-02-27,-0.0038703767874727,-0.0023971076010793,-3.7313269706922e-05,-0.0087313858392045,-0.0052037780032271,-3.7313269706922e-05
2020-02-28,-0.0370960786649383,-0.0336553264205099,-2.675798808096e-06,-0.0274610777330577,0.0232544140361181,-2.675798808096e-06
2020-03-02,-0.0061597518244916,-0.002934020782641,-9.098211461221001e-05,-0.004262116236282,0.0266543224514199,-9.098211461221001e-05
2020-03-03,0.0153196474085468,0.0197695111661984,2.4304659885165e-05,0.0390582943486863,0.0175045536194837,2.4304659885165e-05
2020-03-04,-0.0046269501465237,-0.0077675149544773,0.000264008504966455,0.0051493502099311,-0.0065395331198373,0.000264008504966455
2020-03-05,0.0015998577904186,0.0060036163668453,-1.5747391337693e-05,-0.0056352770374967,0.0325030693589063,-1.5747391337693e-05
2020-03-06,-0.0248069753028219,-0.0217914409843147,0.000265509541857276,-0.0262751279181402,-0.0167296261062476,0.000265509541857276
2020-03-09,-0.0489560433359516,-0.0438311017792507,-0.00015108839029834,-0.0582010795593479,-0.0222262361758829,-0.00015108839029834
2020-03-11,0.0006649981756232,-0.0073131748714995,-7.2802596454017e-05,-0.0134831337867965,0.0157323502279591,-7.2802596454017e-05
2020-03-12,-0.0830193880106471,-0.0873230662067264,-5.7622110776489e-05,-0.0717540015491233,-0.0747981320549151,-5.7622110776489e-05
2020-03-13,0.0380650761268936,0.0284241991627689,-0.000353003209933165,0.0030675550153091,-0.0716675166550294,-0.000353003209933165
2020-03-16,-0.0761210010667908,-0.0529141792976912,-0.000259421297282533,-0.0495413089124274,-0.0116244564596824,-0.000259421297282533
2020-03-17,-0.0250451840905282,-0.0081679516739137,-0.00023549099551732898,0.0057915156247632,-0.0286747263867188,-0.00023549099551732898
2020-03-18,-0.055564540272715,-0.0490111357795671,0.000175135447483789,-0.0140755128226484,-0.0143338123199633,0.000175135447483789
2020-03-19,-0.0242477817531284,-0.032808006594439,-6.4898293213531e-05,-0.0558078952104383,-0.0642849235660544,-6.4898293213531e-05
2020-03-20,0.0583291468584656,0.0358504729106599,0.00025560964194282,0.0769759361427551,0.0143069164467026,0.00025560964194282
2020-03-23,-0.1298046607047124,-0.1163506381982814,-0.000301855478860175,-0.1059348972131408,-0.087673265968297,-0.000301855478860175
2020-03-24,0.0250714240251634,0.0105507535973916,0.000391204715584476,-0.0071377858555329,-0.0275865778139223,0.000391204715584476
2020-03-25,0.0662474689466749,0.0359453989766194,0.000164881093399809,-0.0201293843308908,0.0235058873926938,0.000164881093399809
2020-03-26,0.0389043564303894,0.0550120313891753,-7.2992821171146e-05,0.0975788637226,0.1343244765142159,-7.2992821171146e-05
2020-03-27,0.0021755381634551,-0.0013806838294172,0.00039487933007601795,0.0334224598078232,0.003168234681677,0.00039487933007601795
2020-03-30,-0.0437805364308189,-0.0082519651257396,0.00041131872801577,-0.0019404743141764,-0.0476189813620588,0.00041131872801577
2020-03-31,0.0382377227133605,0.0421087981551615,-0.00038500315283659795,0.040829497621933,-0.014221619598243,-0.00038500315283659795
2020-04-01,-0.0400046750966822,-0.0213911073722299,7.852026881187e-06,-0.0267745557783698,-0.0469004927601527,7.852026881187e-06
2020-04-03,-0.0205965741867707,-0.0128166703197688,0.000143828246056343,0.0076775358080907,-0.0412520016891058,0.000143828246056343
2020-04-07,0.0876321046711503,0.0638539250710041,0.000226861880033035,0.0298412262447296,0.0497664177976739,0.000226861880033035
2020-04-08,-0.0049419024075071,0.020152245893777,3.0250252614323e-05,0.001849610845594,0.028354657885214,3.0250252614323e-05
2020-04-09,0.0415088316188025,0.0342914153202662,0.000251319421209101,0.0307692307692306,0.0208098639344247,0.000251319421209101
2020-04-13,-0.0129556707370791,-0.0015000867025719,0.000416768993572715,-0.0005970285899603,-0.0230754478685963,0.000416768993572715
2020-04-15,-0.0076218535626885,0.0081633109814611,4.2362081282225e-05,0.0119474770414584,0.0705715964602391,4.2362081282225e-05
2020-04-16,0.0075627711647903,0.0074486748604998,0.00013827048931473501,0.0194805143625937,-0.0208451659374937,0.00013827048931473501
2020-04-17,0.0304632818768748,0.0125242706524897,-0.00018261607292685602,0.0185292232971749,0.0047277437344319,-0.00018261607292685602
2020-04-20,-0.0005288143766692,-0.0050310720698913,-0.00021662395978319302,-0.0221716535682382,0.0458176044969182,-0.00021662395978319302
2020-04-21,-0.0302746671440956,-0.01592407151047,0.00012033694565125799,-0.0296511747825456,-0.0256282828869091,0.00012033694565125799
2020-04-22,0.0229194177887257,0.0125049671363064,0.000133175120915927,-0.0065908092769138,-0.0050501595145372,0.000133175120915927
2020-04-23,0.0137799558770148,0.0026554104700524,0.0,0.0,0.0042344383730374,0.0
2020-04-24,-0.0171249415723349,-0.0174926482693035,1.8774469657714e-05,-0.0144752576732531,0.0008647444300582,1.8774469657714e-05
2020-04-27,0.0139713589754586,0.0202688674547255,-3.0451454110995e-05,-0.001836027317341,-0.0114766328309938,-3.0451454110995e-05
2020-04-28,0.0106224306488902,-0.0026164704925135,2.8195236845098e-05,-0.0091967886843585,0.0240390783271753,2.8195236845098e-05
2020-04-29,0.0183830135241964,0.0109595631554,-7.263387326017001e-05,0.0154702971757785,-0.0019475137713513,-7.263387326017001e-05
2020-04-30,0.032088303452139,0.0202631851998527,4.7203391074184004e-05,0.0511883095916274,-0.0035543839899347,4.7203391074184004e-05
2020-05-04,-0.057444839013135,-0.0412318135576765,3.7585118289666e-05,-0.030724677486696,-0.0236315100137036,3.7585118289666e-05
2020-05-05,-0.0094582655216011,-0.0137370750327218,-0.000278492543753184,0.0053827844667437,-0.0243679492913994,-0.000278492543753184
2020-05-06,0.0070935934671216,0.0095781764837805,-4.3331800965006e-05,-0.0005948976323346,-0.0121084844860062,-4.3331800965006e-05
2020-05-07,-0.0077501195040513,-0.010862849238952,-7.2533663596093e-05,-0.0184523500012148,-0.0177294517968933,-7.2533663596093e-05
2020-05-08,0.0057016970693835,0.008772038223874,0.000109594966680859,-0.0254699867873597,0.0140159147359557,0.000109594966680859
2020-05-11,-0.0013294930214019,0.0105381172213692,-8.1908014053452e-05,0.0031114589520051,-0.0071542429583909,-8.1908014053452e-05
2020-05-12,-0.0046162427183511,-0.0015860873512291,1.7003525050989e-05,0.0043424126042135,0.0061682714938422,1.7003525050989e-05
2020-05-13,0.0203337125303977,0.0126485698742571,-6.5470525406077e-05,0.0290302222267251,0.0003149750671174,-6.5470525406077e-05
2020-05-14,-0.0256619093732747,-0.0064392528648206,0.000126922246099641,-0.0234093273241546,-0.0182994993311557,0.000126922246099641
2020-05-15,-0.0006453627874545,-0.0055263022707333,7.4716207773652e-05,0.0036877359713749,0.0053095390595667,7.4716207773652e-05
2020-05-18,-0.0343225097032598,-0.031512936628541,0.00017703389760129502,-0.034905064144964,-0.012825864394715,0.00017703389760129502
2020-05-19,0.0063298228402233,0.0053636821707685,-0.00027503572131224797,0.0177665407727836,0.005026122791069,-0.00027503572131224797
2020-05-20,0.021111396826158,0.0192885106618678,0.000123278257045686,0.0099750522618251,-0.048345718747895,0.000123278257045686
2020-05-21,0.0043787544510012,0.0121701256749813,-0.000107450036165842,-0.0067901608130296,0.0186242721496721,-0.000107450036165842
2020-05-22,-0.0073575840768702,-0.0108018860643707,5.310191143678101e-05,-0.0049720275293588,0.0203959685930312,5.310191143678101e-05
2020-05-26,-0.0011284338094974,0.0013134406327039,-0.000108043396507404,0.0181136167415885,-0.003991710116295,-0.000108043396507404
2020-05-27,0.0316645047717616,0.0011577467656349,-0.000133494957979536,0.0110429640245948,0.0470965538665091,-0.000133494957979536
2020-05-28,0.0188030435364687,0.0176711314559201,0.000132840610223914,0.0151699033339944,-0.031866694877167,0.000132840610223914
2020-05-29,0.0095046626511057,0.0241950526933545,-4.8554735350853e-05,0.0292886900493403,-0.0113907098047508,-4.8554735350853e-05
2020-06-01,0.0256620973194605,0.0156036265102816,5.3670992192573e-05,0.0162602031248839,0.0171768845135495,5.3670992192573e-05
2020-06-02,0.0155655279707429,0.0065260168401635,-7.27949040605e-06,-0.0005714416503905,0.0244973828822789,-7.27949040605e-06
2020-06-03,0.0082622880359908,0.0059024398725808,-7.2850712685118e-05,0.0051458063902614,0.030731422108186,-7.2850712685118e-05
2020-06-04,-0.0032251686810099,0.0044292100701364,-1.7123212572225998e-05,0.0011376824715854,0.0401758593314824,-1.7123212572225998e-05
2020-06-05,0.0112722762414605,0.0189097928971599,9.311375658680199e-05,0.0250000298023216,-0.0253885605511152,9.311375658680199e-05
2020-06-08,0.0024945207587225,0.0001835562590679,-0.000131099082018402,0.0182926777693241,-0.015968881047683,-0.000131099082018402
2020-06-09,-0.0118810323499978,-0.0065851446034493,8.6100482406692e-05,-0.0087099481464922,0.0471594568736666,8.6100482406692e-05
2020-06-10,0.0069177285262014,-0.0003537210531091,5.121928889576901e-05,-0.0109829140936835,0.010645853793584,5.121928889576901e-05
2020-06-11,-0.021169158460066,-0.0153038294282646,0.000126183079183712,-0.0105497241334245,-0.0174673582167462,0.000126183079183712
2020-06-12,0.0071602091117954,0.0100912471239342,1.6774429808792e-05,-0.0117844606099319,-0.0090108007754032,1.6774429808792e-05
2020-06-15,-0.0159632793948444,-0.0090112251536123,-9.3301291092526e-05,-0.0193072198071379,0.0128998049443602,-9.3301291092526e-05
2020-06-16,0.010220386061458,0.002829384030744,0.000106254196650639,-0.0057904098910878,0.0019740225409825,0.000106254196650639
2020-06-17,-0.0033134566648174,0.0008185488511447,-4.7788997738162e-05,-0.0058241340142912,0.053729435085426,-4.7788997738162e-05
2020-06-18,0.0213031875518985,0.0028070059767202,4.561791590594e-05,0.0216755035646301,0.0039949408679356,4.561791590594e-05
2020-06-19,0.0151362754442923,0.0109542661423618,-2.3900208832793e-05,0.0172017905890939,-0.0197430917870576,-2.3900208832793e-05
2020-06-22,0.0065206163504338,0.01967338286939,0.000131767900082353,0.0225478931054721,-0.0187878622386274,0.000131767900082353
2020-06-23,0.0154976919912916,0.0180983714601581,-1.6552303927359998e-05,0.0259096602269639,-0.0358555826318616,-1.6552303927359998e-05
2020-06-24,-0.0158246772335498,-0.010573193579535,0.00011369008251021801,-0.0231058727067746,-0.0214276001593246,0.00011369008251021801
2020-06-25,-0.0015913572989929,0.0007371105342435,-9.133475004218899e-05,-0.0110011418912084,0.0006183598423663,-9.133475004218899e-05
2020-06-26,0.0091457401473864,0.0016755990270287,4.7271229294480005e-06,0.0094549544283693,-0.022164112292464,4.7271229294480005e-06
2020-06-29,-0.0067995386087835,-0.008277355397057,3.7798214148605004e-05,-0.0209365933197398,-0.0128702490137038,3.7798214148605004e-05
2020-06-30,-0.0009988732845714,-0.0006134078986617,2.8241686783828998e-05,-0.005064724269524,-0.0028517940118575,2.8241686783828998e-05
2020-07-01,0.0124198173347171,0.0004564310189791,9.1527665820707e-05,-0.0050905062802257,0.0043483671477209,9.1527665820707e-05
2020-07-02,0.0116634525148986,0.007456694477854,-0.00017674379570539598,0.0068219972054468,-0.0015690797492019,-0.00017674379570539598
2020-07-03,0.0052739760448483,0.0076596922152332,-9.469913337559e-06,0.0112930984347032,0.0002036114878889,-9.469913337559e-06
2020-07-06,0.014735139974255,0.0045360197558368,1.6587605108693e-05,0.0134003223429866,-0.0055869668276824,1.6587605108693e-05
2020-07-07,0.0033445902359812,0.0047877841787093,3.5485618537316e-05,-0.0176308375509558,-0.004272428158586,3.5485618537316e-05
2020-07-08,-0.008694762073642,-0.0034519633346756,0.000139085379079486,-0.0039259503714943,-0.0075233062443994,0.000139085379079486
2020-07-09,0.0100600327219018,-0.0011749643838224,7.4402120904355e-05,-0.0101351521878394,0.0067807734347968,7.4402120904355e-05
2020-07-10,-0.0041985110954393,-0.0022821316372013,-3.000255310907e-05,-0.0073947190745604,0.000235446710648,-3.000255310907e-05
2020-07-13,0.0032178891492418,0.0025258270718016,1.3888323503277e-05,-0.0045845226480425,-0.0044695702077952,1.3888323503277e-05
2020-07-14,-0.0180834960154004,-0.0098173063857129,-3.236231971344e-05,-0.0201497043499955,-0.0100723886934908,-3.236231971344e-05
2020-07-15,0.0010229309240368,-0.0054445808350664,2.3191625996170003e-05,-0.0076381354065084,0.0017904797813377,2.3191625996170003e-05
2020-07-16,0.0114661616621005,0.0028908028056118,-2.3137965292434e-05,-0.008288892522651,0.0134924253588522,-2.3137965292434e-05
2020-07-17,0.0150605912558696,0.0164065290730046,-5.5658133050663e-05,0.0346268611167794,0.0124894832321147,-5.5658133050663e-05
2020-07-20,0.0110533217609316,0.0056851395503931,4.4309380125053e-05,-0.0063474097424022,-0.0034826942225315,4.4309380125053e-05
2020-07-21,0.0127061568657644,0.001728453440623,4.4113914106160004e-05,0.022067426438312,0.0136894279149759,4.4113914106160004e-05
2020-07-22,-0.0026563094918139,-0.0054475018782524,0.000143320104169633,0.0136363503361538,0.0391919197830437,0.000143320104169633
2020-07-23,0.0074421598588463,0.0081526701827772,0.000141294192523453,0.0050448515593108,0.0034561651349493,0.000141294192523453
2020-07-24,-0.0018991484351116,-0.0113259688962339,9.438161099894499e-05,-0.010039057563419,0.0135286514853945,9.438161099894499e-05
2020-07-27,-0.0055699256988469,-0.0078301327306785,0.00034060611227982603,-0.0107042554398657,-0.0167193335041013,0.00034060611227982603
2020-07-28,0.0151592736988444,0.0067134222407698,-9.4726035345366e-05,0.0,0.0008019052303611,-9.4726035345366e-05
2020-07-29,-0.0086456143286032,0.0046864454838806,0.000110845936717145,0.0017084674007932,-0.0121833396196053,0.000110845936717145
2020-07-30,-0.0089887146807479,0.0050069956215943,6.448576741548e-06,-0.0159181742021936,0.0048385139469167,6.448576741548e-06
2020-07-31,-0.0025851023723058,0.0111403919661072,0.000126745469872782,-0.0005777139913557,-0.0031173695520743,0.000126745469872782
2020-08-03,-0.0164222155452939,-0.0050480812928322,3.1820434412614e-05,-0.006358306812366,-0.0035180617592348,3.1820434412614e-05
2020-08-04,0.0186979321613793,0.006415107439164,-6.34438431239e-06,0.0005817468627777,0.0025217287044181,-6.34438431239e-06
2020-08-05,0.0005768586219327,-0.0008513478039706,0.000264494296317072,0.0,0.053911231235304,0.000264494296317072
2020-08-06,0.0088725546683743,0.0070754636418599,8.039645801690001e-05,0.0040697495185608,0.0165739161860654,8.039645801690001e-05
2020-08-07,0.001241002448872,0.002438669715485,5.521403571399e-05,0.0040532537908968,-0.0111385921338825,5.521403571399e-05
2020-08-10,0.005002705259437,0.0145814482056727,-0.000156598875684464,0.0184544228378487,-0.0024533802276826,-0.000156598875684464
2020-08-11,0.0046449787767293,-0.0048681369731267,-0.000227273193003971,-0.0016987931429628,5.339170826768047e-05,-0.000227273193003971
2020-08-12,-0.0012452735151247,-0.0003979474723597,-0.00034249449429492996,0.0045377156843027,0.0038072343775539,-0.00034249449429492996
2020-08-13,-0.000703034473301,0.0049176528543679,6.7863697727665e-05,0.0095991013598071,-0.0155172385639401,6.7863697727665e-05
2020-08-14,-0.0108004373788689,-0.0092802131315817,7.1754295349792e-05,-0.0027963780429172,-0.0003528190634134,7.1754295349792e-05
2020-08-17,0.0061457110453491,0.0033382328759909,-3.6700813917386e-05,0.029725220914939,0.0045668150775888,-3.6700813917386e-05
2020-08-18,0.0122920579350753,0.0115606065464091,0.000251354238149186,0.0021785951442812,0.0005683010029799,0.000251354238149186
2020-08-19,0.0020246002135075,0.0015198119835364,-9.088993715788401e-05,0.0,-0.0029751352411915,-9.088993715788401e-05
2020-08-20,-0.008432399987605,-0.0007867007605573,-0.000255972853156698,0.031521735637535,-0.0022242912998492,-0.000255972853156698
2020-08-21,0.0052509160938571,0.0030536255242687,8.756767788990999e-06,0.0168598368041117,-0.009325323616358,8.756767788990999e-06
2020-08-24,0.0083410064718865,0.000144030363401,-4.8119250837531e-05,-0.0046632205256811,-0.009906867975347,-4.8119250837531e-05
2020-08-25,0.0005058064691958,0.0008910595339151,-0.000125274658203125,-0.0083289877687415,-0.0021065954454616,-0.000125274658203125
2020-08-26,0.0067423225064831,0.0006258982050231,-2.8934134705592998e-05,0.0031496785141222,0.0089163181664335,-2.8934134705592998e-05
2020-08-27,0.0008355606212675,0.0042040734394996,5.58035723789e-05,-0.0062794785662327,0.0134346963789584,5.58035723789e-05
2020-08-28,0.0076431956549949,0.0029782424069919,1.1098609968325001e-05,0.0031595295769111,-0.0092361417310617,1.1098609968325001e-05
2020-08-31,-0.0223307478019462,-0.042635692958711,5.321545157136e-05,-0.0251968273732273,-0.0070464903641503,5.321545157136e-05
2020-09-01,0.0072667398463226,0.011882955109346,2.6466460406024e-05,-0.0048465349524466,0.0013253260796941,2.6466460406024e-05
2020-09-02,0.0056450382511279,0.0112404908662375,-0.00010118765810309301,0.0129870009233301,0.0065082732562249,-0.00010118765810309301
2020-09-03,-0.0006545127600779,0.0060550298119064,-0.000124444749620226,-0.0106836999426674,0.013754008631978,-0.000124444749620226
2020-09-04,-0.0167947449485598,-0.0184216493723883,6.3006886284162e-05,-0.0172786008053295,-0.0005405963975401,6.3006886284162e-05
2020-09-07,0.0018705202595032,-0.0033019034133263,6.708134722275e-06,-0.011538515550445,-0.0040830738234224,6.708134722275e-06
2020-09-08,-0.0033201259317187,-0.0067830013598969,1.5642389904853e-05,-0.0161200117770032,-0.0177580267104624,1.5642389904853e-05
2020-09-09,-0.0034769279675166,-0.0016658771353377,2.6773523583629e-05,-0.0124294469615937,0.0005531059771901,2.6773523583629e-05
2020-09-10,0.0151844298634509,0.0097170136947108,6.2305875066879e-05,0.0045766547941121,-0.0029285945203459,6.2305875066879e-05
2020-09-11,0.0013276149365679,0.0088785111852964,-1.1057728971249e-05,-0.0051252935834334,0.0032420419422074,-1.1057728971249e-05
2020-09-14,-0.0021283524468515,-0.0011910004740381,-3.0993888714542e-05,0.0017172689081088,0.0029826126446519,-3.0993888714542e-05
2020-09-15,0.0071459479106903,0.0095319125517105,0.00011769989081985301,0.0005714416503905,0.0098035678794683,0.00011769989081985301
2020-09-16,0.0071820376506051,0.0047336625396272,-3.9508406442082005e-05,-0.0074243898581339,-0.0045269841066032,-3.9508406442082005e-05
2020-09-17,-0.0076220272911209,-0.0057802778054485,-8.8144891243723e-05,-0.0074798139841145,0.0082458199878503,-8.8144891243723e-05
2020-09-18,-0.0009681588767627,0.0024230614566806,7.5589185426432e-05,0.0098550768866054,-0.0159218662918826,7.5589185426432e-05
2020-09-21,-0.0221122548386738,-0.0319967147739896,-7.0608935785311e-05,-0.0241102224141492,0.0093598415798108,-7.0608935785311e-05
2020-09-22,-0.0086128603263573,-0.0117636065559604,-0.000164444817437066,-0.0188235114602481,-0.007577211196561,-0.000164444817437066
2020-09-23,-0.0019545871070447,-0.0025609153877528,-6.3262266135389e-05,-0.01019185091029,0.0047409877433308,-6.3262266135389e-05
2020-09-24,-0.0293122720965164,-0.0225713166013198,-0.00014097292822601,-0.027861961565366,-0.0158288847951035,-0.00014097292822601
2020-09-25,0.0226457884823545,0.0272837346966232,5.9962711686663e-05,0.0137072418168797,0.0090035340429612,5.9962711686663e-05
2020-09-28,0.0160448681873712,0.0224716814920142,-7.106775932705199e-05,0.0350337848055946,0.0117959440422497,-7.106775932705199e-05
2020-09-29,-0.0004586409458945,-0.0046275153358628,0.00019395061786027,-0.0136579299377846,-0.011385482703115,0.00019395061786027
2020-09-30,0.0022410013176423,0.0062626084767931,6.794740262758e-06,-0.0108368632487347,-0.003617849695972,6.794740262758e-06
2020-10-01,0.0150610927327836,0.0080157361237123,-1.8108155387521e-05,0.0024345104951768,0.004434750160656,-1.8108155387521e-05
2020-10-05,0.0075676439490797,0.0025815959637109,1.8141005401992e-05,-0.0006071784637979,0.0120040723580425,1.8141005401992e-05
2020-10-06,0.0138264754746197,0.0037333500330742,9.7329176596996e-05,-0.0018225261825909,-0.0161702142329744,9.7329176596996e-05
2020-10-07,0.0065551872847253,-0.0024924389963181,-0.000147948854154231,-0.008520960867197,0.0017186661816435,-0.000147948854154231
2020-10-08,0.0081566766068399,0.0049003714191935,1.1376390487507e-05,-0.0116636294278235,0.0040117643681307,1.1376390487507e-05
2020-10-09,0.0067260903253916,-0.0028629182069959,9.0909437699751e-05,0.0062112036708286,-0.0080466748107979,9.0909437699751e-05
2020-10-12,0.0014058853909966,-0.0041207632311913,8.7837697352584e-05,-0.0061728627629756,-0.0163078934942654,8.7837697352584e-05
2020-10-13,0.0002975290843887,-0.0041597088947907,-1.5628420047643e-05,-0.002484528855874,0.0116074651836375,-1.5628420047643e-05
2020-10-14,0.0030625333853533,0.0073443857172685,-0.000127459677832105,-0.0118306093836567,-0.006225574422875,-0.000127459677832105
2020-10-15,-0.0242836008583533,-0.0168494999308134,3.3974565344854004e-05,-0.0094517718722081,-0.0183449124999334,3.3974565344854004e-05
2020-10-16,0.007028949362235,0.0086786480012193,4.2889942365347e-05,0.0076335803766345,-0.0021180034598464,4.2889942365347e-05
2020-10-19,0.0094027696218492,0.0082506116825358,6.742813703104e-06,0.0176768108553182,0.00192195177879,6.742813703104e-06
2020-10-20,0.0020003285078973,0.0020179529904269,-1.7969863035061e-05,-0.0080645819694272,0.0018029594216204,-1.7969863035061e-05
2020-10-21,0.0034337457642519,-0.0023437943839775,7.8758393257016e-05,0.0131332704707476,0.0005145778689537,7.8758393257016e-05
2020-10-22,-0.0034512817819539,-0.0007086721605944,0.0,0.0166665764012006,-0.0113945090496901,0.0
2020-10-23,0.0028495402835257,0.0029705930638841,-3.1256840095286e-05,0.0151791141725969,0.0020508027845429,-3.1256840095286e-05
2020-10-26,-0.0136290733045432,-0.0134931506849315,-2.2396928421245e-05,-0.013755954047954,-0.0102335935520078,-2.2396928421245e-05
2020-10-27,0.0103376083469652,0.0147714086476844,-6.733732841889e-06,0.0030322101336079,-0.0005827635690932,-6.733732841889e-06
2020-10-28,-0.0134406089457635,-0.0082276733572995,2.0215667489329e-05,-0.0084644068468968,0.0160870212075823,2.0215667489329e-05
2020-10-29,-0.0050129421843609,0.0044573302917889,-5.8283374282254e-05,-0.0109756286196738,-0.0017499360732534,-5.8283374282254e-05
2020-10-30,-0.0024333734223676,-0.0003344797743614,-6.7640992850040005e-06,0.0080148627385081,-0.0107453052819336,-6.7640992850040005e-06
2020-11-02,0.0022976361491175,0.003530388674132,6.7689359008633e-05,0.0103975579405255,-0.0038046101149892,6.7689359008633e-05
2020-11-03,0.0123701901631991,0.0057770040566273,4.0340723775131005e-05,0.0048426102596419,-0.014810791284975,4.0340723775131005e-05
2020-11-04,0.008041647267956,0.0066965735614088,8.928775939409e-06,-0.007228966052757,-0.0114523358511536,8.928775939409e-06
2020-11-05,0.0177855989156905,0.0160480582841928,1.7840770759409e-05,0.02245150785867,0.0380180818733033,1.7840770759409e-05
2020-11-06,0.0118190145712895,0.0035594923612554,0.000153606961160401,0.0059347406056855,0.0049893627066213,0.000153606961160401
2020-11-09,0.0161046355374614,0.0145104130592546,4.8235303170154e-05,0.0147492618729914,-0.0087759699383402,4.8235303170154e-05
2020-11-10,0.0136465071043638,-0.0069070701598004,-0.000403666204430475,0.0203487475928041,-8.822242602712915e-05,-0.000403666204430475
2020-11-11,0.0093460415087203,0.0116420910019467,5.0023015687357e-05,0.0131054962725731,-0.0060597366486013,5.0023015687357e-05
2020-11-12,-0.0045768215253314,0.0058933417411854,1.3574108044824e-05,-0.0089988662110842,-0.0154196195454195,1.3574108044824e-05
2020-11-13,0.0022969703307613,0.0089518693811292,1.8075425686532e-05,0.0045402905729676,0.0030058580341678,1.8075425686532e-05
2020-11-14,0.0,0.0,8.344585715189101e-05,0.0039547848478507,0.0166327132123473,8.344585715189101e-05
2020-11-17,0.0121266198083733,0.0129323620717527,-4.4732893543921e-05,0.0011255181344091,-0.0047754312140515,-4.4732893543921e-05
2020-11-18,0.0049750511655721,0.0034305380515984,-7.4140199685824e-05,-0.0022485055350632,-0.0013328807783454,-7.4140199685824e-05
2020-11-19,-0.0128726686134137,-0.0070876738555467,-7.9221021209474e-05,0.0022535727057657,0.0184785528251687,-7.9221021209474e-05
2020-11-20,0.0068393094137191,0.0126132988514497,-4.5631888953049995e-06,0.0140528379502102,-0.0004076161235794,-4.5631888953049995e-06
2020-11-23,0.005241475198302,0.0089274011818518,1.5978017034916e-05,0.0221729267311725,-0.0249097256526158,1.5978017034916e-05
2020-11-24,0.0099563448098976,0.0051901757834755,-0.000250684198277666,0.007592157570162,0.023125654678813,-0.000250684198277666
2020-11-25,-0.0150706804680923,-0.0151708958499192,-2.3375053056216002e-05,0.0086114019412866,0.0009636631152538,-2.3375053056216002e-05
2020-11-26,0.0100012136399767,0.0090167982254321,6.0918069276976e-05,0.0042689394174566,0.0167467506507899,6.0918069276976e-05
2020-11-27,-0.0013898363507738,0.0049145371730054,-2.3287954662134002e-05,-0.0015939840479979,0.0018935102119841,-2.3287954662134002e-05
2020-12-01,0.0108026946873185,0.0131961927043724,-0.000128384508660494,0.0127727386601581,0.0028071241782394,-0.000128384508660494
2020-12-02,0.0003585458429504,0.0083895594447029,0.000127689974896423,0.0189174298483112,-0.0378708223623662,0.000127689974896423
2020-12-03,0.00153658492994,0.0105460809679425,5.603498797787e-05,0.0226921375919442,0.0360958976474949,5.603498797787e-05
2020-12-04,0.0094906623588735,0.0038218973985342,-2.321412027872e-06,0.0080685752913611,-0.0046697196170574,-2.321412027872e-06
2020-12-07,0.0073311332494399,0.0090858182088369,-6.9670934089633e-05,0.0110054685279361,0.0101318469058948,-6.9670934089633e-05
2020-12-08,0.0027853318093331,-0.0003262375787765,0.000135641219322173,-0.0128648358887338,0.0007696321459127,0.000135641219322173
2020-12-09,0.0101657522858669,0.0002459127702507,-3.6917361986339e-05,0.0015036981528644,0.0008826033671611,-3.6917361986339e-05
2020-12-10,-0.0037548548058806,0.0040492670054621,-0.00012274172662137401,0.0,-0.0027027254668857,-0.00012274172662137401
2020-12-11,0.0026375585350264,0.0024536364987688,1.4067422379187e-05,0.0255255375658909,0.0168016734476055,1.4067422379187e-05
2020-12-14,0.0032781762806703,0.0035907599303026,-3.5120045515564e-05,0.0297706499348717,-0.0040679629753795,-3.5120045515564e-05
2020-12-15,0.0007153791977927,-0.0022079204873114,6.1089829216116e-05,0.0023696320453365,0.0011269200080183,6.1089829216116e-05
2020-12-16,0.008464907059269,0.005352995825461,0.000119103722528077,0.0104019491570286,-0.0004505141342395,0.000119103722528077
2020-12-17,0.0042389293905504,-0.0034874410741615,7.8466725945751e-05,-0.0079550804687775,0.0182695974859365,7.8466725945751e-05
2020-12-18,0.0014445849987885,0.0015922004616479,1.3739724251622e-05,-0.0075471623421736,0.0748626202539843,1.3739724251622e-05
2020-12-21,-0.0314049525779333,-0.0346370404047666,9.833073626275e-05,-0.0627377160045036,-0.0377559967311876,9.833073626275e-05
2020-12-22,0.0103462838766079,0.0143939244403157,-0.00010416645970609401,0.0126774852284452,0.0075104885464647,-0.00010416645970609401
2020-12-23,0.0100101591857162,0.0169492705568847,-2.7459709334039998e-05,0.0045067679360262,-0.0542527689148899,-2.7459709334039998e-05
2020-12-24,0.0108925303747413,0.0037167773934057,3.4418931821786e-05,0.0104686439387911,-0.0083032208750395,3.4418931821786e-05
2020-12-28,0.0090150513891666,0.0088092378566089,2.744087197368e-05,0.0113467951180157,-0.022458917923477,2.744087197368e-05
2020-12-29,0.0042815942411449,-0.0006043436429569,-3.8768112853102e-05,-0.0087805026915015,0.0013887899059041,-3.8768112853102e-05
2020-12-30,0.0035420946069744,0.0041105719943934,-2.2893423402573e-05,0.0014764117665391,-0.0031498442188185,-2.2893423402573e-05
2020-12-31,-1.4318125132972703e-05,0.001359988997355,3.9008297797769e-05,0.0004914117294534,-0.0022030083651382,3.9008297797769e-05
2021-01-01,0.0026284263414808,0.0,1.3714599609374999e-05,0.003929269219441,0.0212365605806783,1.3714599609374999e-05
2021-01-04,0.0081606727271106,0.0237813928005439,0.000162063241775087,0.0185909564989217,0.0141668051051642,0.000162063241775087
2021-01-05,0.0047123808655142,0.016138022552034,0.000101078337446642,-0.0100864115058013,-0.0066480278125291,0.000101078337446642
2021-01-06,-0.0037501320469031,-0.0018702997053631,4.2250082622081e-05,0.0150412157574941,-0.0074548729561967,4.2250082622081e-05
2021-01-07,-0.000629169612088,0.0039654012778715,-0.000166076174166103,0.008126198645983,0.0019347241479978,-0.000166076174166103
2021-01-08,0.014847223590326,0.013033470078416,-0.000130600769725339,0.0184921473127908,-0.0001133080347762,-0.000130600769725339
2021-01-11,0.0095837181341371,0.0037153888989145,-0.000182524074455089,0.006983222612986,-0.0063331137792151,-0.000182524074455089
2021-01-12,0.0054333140242324,-0.002768659943874,4.6479379180386003e-05,0.0110957784456193,0.0160901357603671,4.6479379180386003e-05
2021-01-13,9.609083312889231e-05,-0.0060296843902086,-3.7011299816412e-05,0.006401435037775,-0.0056251962642628,-3.7011299816412e-05
2021-01-14,0.002111247340323,0.0047560720375765,-8.5906416184449e-05,0.0031803586595315,0.0042141966085806,-8.5906416184449e-05
2021-01-15,-0.0110923441582015,-0.015662085861973,7.7282906431195e-05,-0.0208332919412187,-0.0001407398043106,7.7282906431195e-05
2021-01-18,-0.0105586501425666,-0.0183920481595289,-0.000113873548145505,-0.0263645504184477,0.0019720246762664,-0.000113873548145505
2021-01-19,0.0167947308170628,0.0170553614218604,5.876821688284e-05,0.0123515552639108,0.0002812064347172,5.876821688284e-05
2021-01-20,0.008508265623863,0.0056989719217739,4.6740069796744e-05,-0.000938458513197,0.0064365627202902,4.6740069796744e-05
2021-01-21,-0.0037112802046228,-0.0089289159153345,5.3500705572555e-05,-0.019727574365092,0.0,5.3500705572555e-05
2021-01-22,-0.0149721716475961,-0.0081929892778311,-4.1647454903254e-05,-0.0220412541122919,-0.0058369191698318,-4.1647454903254e-05
2021-01-25,-0.0092541693433081,-0.0077596529914489,-5.8085500623167e-05,-0.0137187990562875,-8.419440747842177e-05,-5.8085500623167e-05
2021-01-27,-0.0190604880418779,-0.0132373352617496,-5.3750768243818e-05,-0.0079483285684357,-0.0029500660412169,-5.3750768243818e-05
2021-01-28,-0.0107356502819043,-0.0039550235812125,-4.6993555259199995e-06,-0.0070104854512846,-0.006114116923562,-4.6993555259199995e-06
2021-01-29,-0.0132404223540728,-0.0236886037183635,2.5858158905542e-05,-0.0121028629370417,-0.0039123370817516,2.5858158905542e-05
2021-02-01,0.0474235111013383,0.0289290039844363,-7.2684961828879e-05,0.0148034204144915,-0.0048955393761092,-7.2684961828879e-05
2021-02-02,0.0256735714819573,0.0203771624367008,-9.9197444999751e-05,0.0246479727943762,0.0182192917627093,-9.9197444999751e-05
2021-02-03,0.0097011226717231,0.0047709825242134,-5.4866305410937005e-05,0.030436863345171,0.0097753431407172,-5.4866305410937005e-05
2021-02-04,0.0071467580293813,0.0160617711973944,-8.6350877311773e-05,0.0276322024788262,-0.0127962493459684,-8.6350877311773e-05
2021-02-05,0.0019199973566108,-0.0068510026330756,-4.8391181727259005e-05,-0.0013907640111869,0.0049311779420226,-4.8391181727259005e-05
2021-02-08,0.0128348027329681,0.0110798546269064,3.6469172693001e-05,0.0092849975436468,-0.018618589388618,3.6469172693001e-05
2021-02-09,-0.0004300136336804,-0.0005253747425435,0.00013808132550384,-0.0004599921337221,-0.0006003057004522,0.00013808132550384
2021-02-10,-0.0001853034041081,0.0039315713484449,-2.1505413588854e-05,-0.004141746639845,-0.0057176462419684,-2.1505413588854e-05
2021-02-11,0.0044219246475027,0.0075710658414835,0.0,-0.0023105008535473,-0.0003164645981602,0.0
2021-02-12,-0.0006590524229219,0.002479656435379,-0.00013409903762017002,-0.0152848504573307,0.0070757473489704,-0.00013409903762017002
2021-02-15,0.0099846598415338,0.0105987175495358,-2.427702923604e-06,-0.0004703776469509,0.0061121780444681,-2.427702923604e-06
2021-02-16,-8.162092525865194e-05,0.0039850506182583,3.8844343954009e-05,0.0324706133674173,-0.008488255641358,3.8844343954009e-05
2021-02-17,-0.0068273186874309,0.002047825816726,-0.00020072504159265598,0.0123062235115225,5.743153638748666e-05,-0.00020072504159265598
2021-02-18,-0.0059143128695843,0.0048856307907363,-1.2339396963398e-05,0.0454750234360856,0.0038291429452725,-1.2339396963398e-05
2021-02-19,-0.0090747170630297,-0.013292400118458,-9.142642338067099e-05,-0.0193797962488315,-0.0077733503382255,-9.142642338067099e-05
2021-02-22,-0.0204281745915864,-0.0162188953286354,8.2294724092735e-05,-0.0158103031670698,-0.0317140184730504,8.2294724092735e-05
2021-02-23,0.0021872625461001,0.0070048395729072,5.9361331179315e-05,0.0200803554664645,-0.022917683244091,5.9361331179315e-05
2021-02-24,0.0186431824578623,0.0053439395796397,-1.2293887217019999e-05,0.0096237667314353,0.0161908157425789,-1.2293887217019999e-05
2021-02-25,0.0076992130139501,0.0066357653798845,-7.1392690412516e-05,0.0463604721993606,-0.0190835011412219,-7.1392690412516e-05
2021-02-26,-0.0376356932475859,-0.0220148183767159,-1.9836803228976e-05,-0.0277432748189302,-0.0097581810605079,-1.9836803228976e-05
2021-03-01,0.0159953891187234,0.0095159887602747,-7.204991690120301e-05,0.0285349271446422,0.0187421606664295,-7.204991690120301e-05
2021-03-02,0.0106729853417877,0.0173448588871854,-0.000110109768966425,0.0041408026107376,0.0101628124162227,-0.000110109768966425
2021-03-03,0.0218846987116321,0.0159709731818649,-4.8076575027381e-05,0.0053607901347052,-0.0113938074533292,-4.8076575027381e-05
2021-03-04,-0.0108129305241382,0.0018115809264875,-0.00010170391743106,-0.0086135804635545,0.0111264734986697,-0.00010170391743106
2021-03-05,-0.0094591045289524,-0.0145062924364001,-6.6787088156251e-05,-0.007861006762841,-0.014065828312727,-6.6787088156251e-05
2021-03-08,0.0012117060677612,-0.0016790398218833,7.758623070800999e-06,0.0187656702055751,0.0144205415076428,7.758623070800999e-06
2021-03-09,0.0095077756017913,-0.0077202595053045,3.8759097732443e-05,-0.018829348590873,0.0159127594614665,3.8759097732443e-05
2021-03-10,0.0050600998838219,0.0060267718090638,2.5740615893452003e-05,-0.0066750042551302,-0.0058774645954667,2.5740615893452003e-05
2021-03-12,-0.0094795062357636,-0.0093645937069699,-8.2156531079889e-05,0.0021000061121674,0.0076230332102142,-8.2156531079889e-05
2021-03-15,-0.006749419963093,-0.005310337134586,0.000111312527384499,0.0033528885859017,-0.0018466562624068,0.000111312527384499
2021-03-16,-0.0012759841044576,0.0046758642818123,-7.681155386404e-06,0.0004177204953528,0.0192466956330259,-7.681155386404e-06
2021-03-17,-0.0126857598628687,-0.0196600871393491,2.8183605890839e-05,-0.0267223915077037,-0.0086072720426512,2.8183605890839e-05
2021-03-18,-0.0111029730717429,-0.0120007244008658,7.66448128888e-06,-0.013298990692613,0.0035142204305396,7.66448128888e-06
2021-03-19,0.0127869428260285,0.0113673793568085,1.5318196603488e-05,0.0169564952021059,-0.0270438107503399,1.5318196603488e-05
2021-03-22,-0.0005154374236977,0.0098896592819215,-9.686491780508699e-05,-0.0025651760371117,0.0079542815657229,-9.686491780508699e-05
2021-03-23,0.0053167399974314,0.0121857903089646,1.8017940173368998e-05,-0.0111444590540973,-0.0231345830326651,1.8017940173368998e-05
2021-03-24,-0.0179111769942118,-0.0149918009383108,-1.0276747870453e-05,-0.0147377614688122,0.0007678971884139,-1.0276747870453e-05
2021-03-25,-0.0154301891468089,-0.0220286606444078,2.5715846858350003e-06,-0.0246370205552273,-0.003529837660354,2.5715846858350003e-06
2021-03-26,0.0127330319296232,0.0121699074427641,-2.5713159087297e-05,0.0013532109401113,-0.0010167004860243,-2.5713159087297e-05
2021-03-30,0.0232848158675504,0.0034391703572291,-0.00010569730284486402,0.0283783395998038,0.0095584714933265,-0.00010569730284486402
2021-03-31,-0.0104006990943323,0.0028432572621124,-5.471675177841e-05,-0.0074463458984693,-0.0060168422691884,-5.471675177841e-05
2021-04-01,0.0120245741669184,0.0150192811620679,0.00024364693471020797,0.0101500239975771,-0.0004606458475997,0.00024364693471020797
2021-04-05,-0.015439860548026,-0.0091930988810472,5.8824390258180004e-05,-0.0087373901670467,-0.0173377045424144,5.8824390258180004e-05
2021-04-06,0.0031220672452334,0.0099912271320403,4.0681372988335e-05,-0.0044072445621861,0.00093804491858,4.0681372988335e-05
2021-04-07,0.0092314369658119,0.0098864260002302,0.000157001495450135,0.0022133349589561,0.00031263126261,0.000157001495450135
2021-04-08,0.0036945688638336,0.0075276734511591,4.2382988371593995e-05,0.0039752718645849,-0.0053427095164019,4.2382988371593995e-05
2021-04-09,-0.0026187118170183,0.0010686744135146,4.2205061766276006e-05,-0.0101187658103093,-0.014229546984217,4.2205061766276006e-05
2021-04-12,-0.0353255893040076,-0.0465215065535712,9.888977694159e-06,-0.0506666395399305,-0.0129373607670678,9.888977694159e-06
2021-04-13,0.0135561955060299,0.0103682162795732,4.938661950472999e-06,0.0313670438740179,0.0020660001708963,4.938661950472999e-06
2021-04-15,0.0052844845607746,0.0061576192266801,5.183976990152e-05,0.0104402875654812,-0.0121130586706176,5.183976990152e-05
2021-04-16,0.0024962821650071,0.0107211413636028,2.7013901535846e-05,0.0143755476879567,0.0094896849809078,2.7013901535846e-05
2021-04-19,-0.0176769785548196,-0.017131546301353,0.00017144181162142,-0.0385297095736484,-0.0160877421670896,0.00017144181162142
2021-04-20,-0.004390823034999,0.0044687136692569,-0.000103539686447123,0.0013818833676029,0.0263650083761783,-0.000103539686447123
2021-04-22,0.0076767575754221,0.0012706056507914,9.2457684239211e-05,0.0036798493352485,-0.0056304758565626,9.2457684239211e-05
2021-04-23,-0.0044981330537942,0.001226556592947,9.643422364701999e-06,0.0142071251273168,-0.0036351434026367,9.643422364701999e-06
2021-04-26,0.0100165182871698,0.005040017063252,-6.9846077150781e-05,0.0099413117508453,0.0016144108853122,-6.9846077150781e-05
2021-04-27,0.011601643402658,0.0077486758573952,-3.6380721039781e-05,0.0049216421085223,0.001224846332775,-3.6380721039781e-05
2021-04-28,0.014433855260107,0.0061482615923653,-0.0001071086713228,0.0093500000169843,0.0060208843161055,-0.0001071086713228
2021-04-29,0.0020418099664161,-0.0003419053407447,1.968549022052e-05,0.0026466460406024,-0.0020163647168296,1.968549022052e-05
2021-04-30,-0.0177108120451774,-0.0047816012145481,-3.1925605161607e-05,0.0171579984536462,0.0025015439848083,-3.1925605161607e-05
2021-05-03,0.0002085134632017,0.0086409746885489,2.4636233985012998e-05,0.0004324533378146,0.0110361852978566,2.4636233985012998e-05
2021-05-04,-0.0094061074234402,-0.0039390200081893,1.4745975747374e-05,0.0025940931892807,0.0099030736067773,1.4745975747374e-05
2021-05-05,0.0083709591539336,0.0164583417694643,-5.3988029620398e-05,0.0125053471970735,0.0012846545771814,-5.3988029620398e-05
2021-05-06,0.0073164109749706,0.005676661507199,7.1552164880763e-05,0.0004259041344463,0.0104777196157062,7.1552164880763e-05
2021-05-07,0.0066792477481554,0.0033405052373283,0.00010289122655134,0.0127714409251737,-0.0119136345095836,0.00010289122655134
2021-05-10,0.0080414227481215,0.0104196057024974,5.3345634590681996e-05,0.0390919866346097,0.011100074393332,5.3345634590681996e-05
2021-05-11,-0.0061302011912188,0.0020240699392153,-1.4471191490261e-05,0.0327670467552734,-0.0029967495289153,-1.4471191490261e-05
2021-05-12,-0.0103866808073666,0.0012478383118676,-2.41597484585e-06,-0.0011751149956372,0.0084799974512086,-2.41597484585e-06
2021-05-14,-0.0012724250884564,-0.0142624325458926,2.4160978568017002e-05,-0.0231372608857995,0.0017883417454627,2.4160978568017002e-05
2021-05-17,0.0167157604819725,0.0126164135507451,8.1947490680471e-05,0.0076274803380762,0.0090827077035988,8.1947490680471e-05
2021-05-18,0.012393443335275,0.0133489748612449,6.2155943139399e-05,0.0099601592111753,0.0205777892424905,6.2155943139399e-05
2021-05-19,-0.0051594324081388,0.0065662481189603,-3.5638281144002996e-05,0.0043391992642074,0.0034670127331528,-3.5638281144002996e-05
2021-05-20,-0.0082567760609306,-0.0005599437837152,4.5303397145379e-05,-0.0172819576799327,0.0008181266501161,4.5303397145379e-05
2021-05-21,0.0180631356749747,0.0042831838908048,9.493733637797e-06,0.0011989919563557,-0.0111737091035613,9.493733637797e-06
2021-05-24,0.0014761086049899,0.0071782741611396,7.114677566251e-06,0.0075848518899959,-0.0116676395114904,7.114677566251e-06
2021-05-25,0.0007073438653115,-0.0035161013358007,-1.8957779528039e-05,-0.0007924111705641,0.0020137179580401,-1.8957779528039e-05
2021-05-26,0.0061150215048646,-0.0012606459441564,0.000123456901935017,-0.0146708541617145,-0.0036179740078942,0.000123456901935017
2021-05-27,0.0023788211965458,0.0046688491669633,-5.8630394835487e-05,-0.0024144653932127,0.0128177795385566,-5.8630394835487e-05
2021-05-28,0.006376433707514,0.0007479894451423,-4.0103366688611e-05,-0.002823783767148,0.002114349816235,-4.0103366688611e-05
2021-05-31,0.0095330880357249,0.0089344828962232,8.763593585670601e-05,0.0052589430309977,-0.0055653429378745,8.763593585670601e-05
2021-06-01,-0.0005101904286871,-0.0010721319615842,5.6351650060328005e-05,0.006438625551548,0.0034133812682715,5.6351650060328005e-05
2021-06-02,8.67158252806366e-05,0.0183572276492125,-6.0705609412781e-05,0.0099960015078808,-0.0056081163054736,-6.0705609412781e-05
2021-06-03,0.0073284506253876,0.0092861320939745,-1.4094755396088999e-05,0.0102929622536012,-6.180401561972637e-05,-1.4094755396088999e-05
2021-06-04,-0.0012810173052479,0.0045989852281864,-9.1742979310089e-05,0.014890248979247,0.0214503965190646,-9.1742979310089e-05
2021-06-07,0.0051945814919991,0.0008621829339576,3.7986669389724e-05,0.0146718561278804,0.0028362434565851,3.7986669389724e-05
2021-06-08,-0.0007333060957773,0.0038178580999652,3.0747651813767e-05,-0.0034246632510031,0.0184434996243538,3.0747651813767e-05
2021-06-09,-0.0066549769442125,-0.0092564598087759,2.1221446100378997e-05,0.006109196034725,0.0125847428798895,2.1221446100378997e-05
2021-06-10,0.006549286916079,0.0122060110525139,-3.5294476677389e-05,0.0018975042253019,0.0196930680383511,-3.5294476677389e-05
2021-06-11,0.0039141306333496,0.0022240780283449,6.6116317374897e-05,0.0155302974748654,0.0121027168465437,6.6116317374897e-05
2021-06-14,0.0007911718082738,-0.0044001113000906,-0.000140746486930568,-0.0003730036956748,-0.0094984088747794,-0.000140746486930568
2021-06-15,0.0036302135450976,0.0032412287573007,4.758614880933e-06,-0.0007462145889685,0.0070208242613694,4.758614880933e-06
2021-06-16,-0.0064086327528081,-0.0093162570950555,9.512703032842999e-06,-0.0067214451292206,-0.0310623646997587,9.512703032842999e-06
2021-06-17,-0.0048295020472909,-0.0093562463299505,-0.00017581413062107,-0.0142857542355507,-0.0150637136836202,-0.00017581413062107
2021-06-18,-0.0005130696464038,-0.005300000385366,-9.4316663613063e-05,-0.0255530165461407,-0.0108985851146105,-9.4316663613063e-05
2021-06-21,0.0040265882096546,0.0087119406326681,-2.440996522627e-06,0.0168297580436738,0.0115592223460851,-2.440996522627e-06
2021-06-22,0.0016670371193598,0.00491876696682,-4.884116579009e-06,0.0053888106029202,0.0071830907642624,-4.884116579009e-06
2021-06-23,-0.0054397492312691,-0.0080860063993263,1.7102295211897e-05,0.0065084253764111,-0.0046859094350153,1.7102295211897e-05
2021-06-24,0.0065978407983298,-0.0047787448922468,-2.4389871736851e-05,-0.0045645049469178,0.0046190247050188,-2.4389871736851e-05
2021-06-25,0.0044266891189239,0.0068478272829861,1.2224751881466e-05,0.0003821256726281,0.013734194569279,1.2224751881466e-05
2021-06-28,-0.0028782098242977,0.003909010618585,-3.1746291988568e-05,0.009167294435467,-0.0106406457692805,-3.1746291988568e-05
2021-06-29,-0.0041891404314852,-0.0019663487057558,-2.2048053224091e-05,-0.0079485613631665,0.0265059386568551,-2.2048053224091e-05
2021-06-30,-0.0017112919035373,-0.0042633287474581,-5.155882318508e-05,-0.0041968220849002,0.0030344411934086,-5.155882318508e-05
2021-07-01,-0.002639697229908,0.0033494587038205,9.6248614324414e-05,0.0057471117370853,-0.0105600925105785,9.6248614324414e-05
2021-07-02,0.0026913389867666,-0.0028051314628009,5.8665773493513e-05,-0.0034285772414434,0.0044133795502212,5.8665773493513e-05
2021-07-05,0.007133188273225,0.0062840622398809,1.2150482431719999e-05,0.007645289147784,0.0049972299347713,1.2150482431719999e-05
2021-07-06,-0.0010167521731027,-8.381631815057577e-05,9.9514524228094e-05,-0.0064491681471049,0.0036000322444182,9.9514524228094e-05
2021-07-07,0.0038816171589777,0.0042194777241477,2.6436099192028e-05,0.0,0.003901060971537,2.6436099192028e-05
2021-07-08,-0.0095562557277451,-0.0020752410053577,4.793973436834e-06,-0.0080183653126774,0.0052185717997923,4.793973436834e-06
2021-07-09,-0.0024224839292732,0.0016574121288064,-3.8332496640662e-05,0.0019246014353422,0.009536770026677,-3.8332496640662e-05
2021-07-12,0.0001784474449868,0.0007554712195274,-1.9240458761821e-05,0.0034575547527382,0.0016489476504473,-1.9240458761821e-05
2021-07-13,0.0076309854951284,-0.0019474778717349,4.8193874129330005e-06,0.0053598539490915,-0.0011719832952618,4.8193874129330005e-06
2021-07-14,0.0026308921169333,1.2862476909125675e-05,2.8901476532217e-05,0.0049504630477352,0.0035477384867035,2.8901476532217e-05
2021-07-15,0.0044310723280038,0.0032889332370669,8.165229528615601e-05,-0.0109889736599412,-0.0054836488908078,8.165229528615601e-05
2021-07-16,-5.0225736783704455e-05,0.0047766064370158,-3.0967381975418e-05,0.0011493785003227,0.0008675058107401,-3.0967381975418e-05
2021-07-19,-0.0107389122803617,-0.0064662236034057,-5.495807661224899e-05,-0.0003826376522895,-0.0065439977379923,-5.495807661224899e-05
2021-07-20,-0.0076369809214345,-0.0066406430672411,1.6818764204866e-05,-0.0122512094904757,0.0077133766578296,1.6818764204866e-05
2021-07-22,0.0122792331234495,0.0176737129149324,-9.3547470015645e-05,0.0096899227671636,-0.02271102452872,-9.3547470015645e-05
2021-07-23,0.0020222383267853,-0.0012042590715176,1.4528177820685e-05,-0.0030710144356642,0.0076032744113561,1.4528177820685e-05
2021-07-26,-0.0019929055322251,0.0009907816861094,9.671401096964e-06,0.0003850685077491,0.0009362294597843,9.671401096964e-06
2021-07-27,-0.0049290812026508,-0.0062489192198886,-1.2078031380399e-05,-0.0038491294546465,0.0108549147462553,-1.2078031380399e-05
2021-07-28,-0.0023528988583426,0.0017760832509554,4.836870254345e-06,-0.0023183720204033,0.0023270393149255,4.836870254345e-06
2021-07-29,0.0043954449546468,0.0005462392851145,7.4933860598214e-05,-0.0011618427440527,0.0123076543484601,7.4933860598214e-05
2021-07-30,-0.0009760394990868,0.0042707580687757,5.7581060943450003e-05,0.0089181672769096,-0.0003040941535283,5.7581060943450003e-05
2021-08-02,0.0077460001364197,0.0090871173415085,-9.303420960961499e-05,-0.0007686570873101,0.002017867314586,-9.303420960961499e-05
2021-08-03,0.0154609558824161,0.008351991493708,-1.2039306171486999e-05,0.0042307927058293,-0.0017928660664431,-1.2039306171486999e-05
2021-08-04,0.0079382424678022,-0.0071717674137359,1.2053818132191002e-05,-0.0030639571748741,0.0122392794774988,1.2053818132191002e-05
2021-08-05,0.0022018725316477,-0.002187848267143,7.2243185350389995e-06,-0.0034575547527382,-0.0100670264248227,7.2243185350389995e-06
2021-08-06,-0.0034612335015614,0.0021182183613774,-6.2560665938178e-05,0.0065535880028508,0.0055468318365956,-6.2560665938178e-05
2021-08-09,0.0012347307242392,-0.0046072794779975,-0.00022760257725755,-0.014553851368528,-0.0028417033285916,-0.00022760257725755
2021-08-10,0.0013439090538649,-0.0040247878769994,-3.4687657961167e-05,-0.016323361203505,-0.0118741161958747,-3.4687657961167e-05
2021-08-11,0.0001320870680521,-0.0022640991153781,9.944579715599001e-06,0.0181746741022368,-0.0153250688121392,9.944579715599001e-06
2021-08-12,0.0050453954843463,0.0030676610601512,7.451640940515201e-05,0.0174621205897282,0.0034459629284062,7.451640940515201e-05
2021-08-13,0.0100644823408473,0.0012432335558203,-1.4793237490008e-05,-0.0045766184220931,0.0088997378251867,-1.4793237490008e-05
2021-08-16,0.0020540242770237,0.0011949138580142,6.9135501060957e-05,-0.0065134127896273,-0.0079135493785638,6.9135501060957e-05
2021-08-17,0.0031122785775283,0.0052378930333523,9.8087674804439e-05,-0.0077131029921172,-0.0077770133584713,9.8087674804439e-05
2021-08-18,-0.0027536023181795,0.0054948650593122,-3.6425819516094e-05,-0.006218416255681,-0.0001725457927919,-3.6425819516094e-05
2021-08-20,-0.0071428984006249,-0.0148046625349602,-1.4622851664335001e-05,-0.0226828287300862,-0.0068013897173053,-1.4622851664335001e-05
2021-08-23,0.0027931806783987,-0.0041060101494182,9.762533472872e-06,-0.00680272420372,0.0013059137402853,9.762533472872e-06
2021-08-24,0.0077683620836017,0.0097310124691141,4.1453789466094004e-05,0.0136986364531983,0.0061433682056541,4.1453789466094004e-05
2021-08-25,0.0006045728309951,0.0046247391833529,-3.3996937496584e-05,0.0091414762969477,0.0008353409750732,-3.3996937496584e-05
2021-08-26,0.0001352598309651,0.0029935921869099,-5.8479939842299e-05,-0.0086648018370645,0.0004890463172477,-5.8479939842299e-05
2021-08-27,0.00410526158848,0.0125262805789347,1.4706219218876e-05,0.0083432293935685,0.0062416293669844,1.4706219218876e-05
2021-08-30,0.0135198365217041,0.015458945885423,3.6710158820614e-05,0.0165484669102431,0.0156362490658281,3.6710158820614e-05
2021-08-31,0.0118804461754233,0.0135746627875568,-4.3890879747733004e-05,0.0050388012387416,0.0064736603779154,-4.3890879747733004e-05
2021-09-01,-0.0032657347743637,0.0072646416999657,0.0,0.0007713250107319,0.0067670466441835,0.0
2021-09-02,0.009246783727399,0.010220171388444,2.2041717818923e-05,0.0019267528165916,0.0166658456367416,2.2041717818923e-05
2021-09-03,0.0051902308336972,0.0057531889155706,0.0,0.014615352337177,0.0069122861438037,0.0
2021-09-06,0.0031287476677577,-0.0013063883058191,7.0870217131981e-05,-0.0041697765922041,0.0093065905966993,7.0870217131981e-05
2021-09-07,-0.0009035189246697,-0.0034303890653993,-3.6398377702987e-05,-0.0068519338423759,0.0021507914809146,-3.6398377702987e-05
2021-09-08,-0.0004953092983268,0.0054571620525547,-4.3838358294081005e-05,0.0111153317931256,0.0053114355236489,-4.3838358294081005e-05
2021-09-09,0.0009075978909154,0.0043590763582683,-2.2015692327876e-05,0.0083396977900711,-0.0123011303059014,-2.2015692327876e-05
2021-09-13,-0.0008030985074197,0.0031093882191008,-1.7160993687933e-05,0.0052631348737108,0.0112925656648994,-1.7160993687933e-05
2021-09-14,0.001423151293159,0.0031334349103504,2.45538340704e-06,0.0086013292522444,-0.0003204893935407,2.45538340704e-06
2021-09-15,0.0080235453826236,0.003953158905952,5.6469321095331e-05,0.0374490268667424,-0.0500788126904576,5.6469321095331e-05
2021-09-16,0.0062816347635072,0.0070003963085449,-0.00010742154212493099,0.0017870316378563,0.0074830435199422,-0.00010742154212493099
2021-09-17,-0.0025156476006126,-0.0082121978787789,-7.897327028852499e-05,-0.0103460902041829,-0.0170328551147687,-7.897327028852499e-05
2021-09-20,-0.010705054879733,-0.018599486406964,-7.463331697694e-06,-0.0104541820681861,-0.0625514997494968,-7.463331697694e-06
2021-09-21,0.0094901738624639,0.0087499639153449,1.4936862341556e-05,0.0123861618629508,0.016029669767269,1.4936862341556e-05
2021-09-22,-0.0008740239935656,0.0054394857439556,9.1970901341003e-05,0.0075566418695338,0.0188785014077885,9.1970901341003e-05
2021-09-23,0.0157465283671818,0.011177215448864,-6.403899785832e-05,0.0189285959516252,-0.0129084941265135,-6.403899785832e-05
2021-09-24,0.0016972499684944,-0.0084270097411474,-7.1889170657015e-05,-0.0101647707167105,-0.0098748105214062,-7.1889170657015e-05
2021-09-27,0.0001064453827974,-0.0028300946487767,-9.987744391846999e-06,0.0074362958046501,-0.0098535057112095,-9.987744391846999e-06
2021-09-28,-0.0059646824901542,-0.0071956814996878,-1.7495550552558e-05,0.0333918745207326,0.0015124830336583,-1.7495550552558e-05
2021-09-29,-0.0021015082285871,-0.0053856735531905,2.0030504207675e-05,0.0445578055421713,0.0106913248364441,2.0030504207675e-05
2021-09-30,-0.0052593760207388,-0.0006413360273805,-7.4962327243639e-05,-0.0061868652677703,0.0132382242679398,-7.4962327243639e-05
2021-10-01,-0.0048869834497958,0.0030624715439362,0.00012336300320004302,0.001965906456175,0.0038045310581766,0.00012336300320004302
2021-10-04,0.0090804675811375,0.0151928351064494,7.461475920731e-06,0.0140614881049243,0.0130157445766929,7.461475920731e-06
2021-10-05,0.0074076609199462,0.004001398905711,2.7335186646664e-05,0.0238632623558947,-0.0008991510987248,2.7335186646664e-05
2021-10-06,-0.0098921448702895,-0.0095298357157396,2.4783715638179e-05,-0.0081889835868295,0.0017417780975417,2.4783715638179e-05
2021-10-07,0.0081803020160375,0.010525584790864,2.4721501170579e-05,-0.0085741651230911,0.0052452101003914,2.4721501170579e-05
2021-10-08,0.0058936227604964,-0.0023138351218194,-2.465677366539e-06,-0.0054452299818349,-0.0027388619789966,-2.465677366539e-06
2021-10-11,0.0028359561343596,0.004493779909144,3.9467154365757e-05,0.0296296328148006,-0.0032375031301744,3.9467154365757e-05
2021-10-12,0.0025632525445875,0.0075394987645669,3.4397883789702e-05,-0.0040662860043384,-0.0082360386811647,3.4397883789702e-05
2021-10-13,0.0094375978492116,0.0096909593445866,1.9588152805711e-05,0.0,0.007251895345671,1.9588152805711e-05
2021-10-14,0.0097347877407187,0.0085973630583455,0.000146628131883375,0.0069095860442465,0.0157348205676584,0.000146628131883375
2021-10-18,0.0075523961327199,0.0024822370141752,-0.00013005802253703198,0.0152837755078121,0.0043156274177726,-0.00013005802253703198
2021-10-19,-0.0031553077349963,-0.0139270603894764,5.3685022733194e-05,-0.0196620400813942,-0.0039841120419028,5.3685022733194e-05
2021-10-20,-0.00826062521208,-0.0173016006771778,-3.398043375144e-05,-0.0188028951532065,-0.0056862014470392,-3.398043375144e-05
2021-10-21,-0.0048449082967022,-0.0073934206707223,2.6789282020298e-05,-0.0038326072798339,0.0081611918965271,2.6789282020298e-05
2021-10-22,-0.0034766680845673,-0.0139200910576963,2.9148105882732e-05,-0.0169926475655805,-0.0049880639503281,2.9148105882732e-05
2021-10-25,0.0005796333280105,-0.0087538957254181,7.023514388402e-05,0.0061970167972345,-0.0035233221658018,7.023514388402e-05
2021-10-26,0.0078894808897,0.0118086731569155,1.9239541326252e-05,0.0051863807271852,0.0043119582455588,1.9239541326252e-05
2021-10-27,-0.0031448386638428,0.0051658804991732,-7.9212198167571e-05,-0.0093518514474967,0.0123084386754039,-7.9212198167571e-05
2021-10-28,-0.0194223384240636,-0.021193687875493,5.8068679684692e-05,-0.0325520840609291,-0.0071822348928408,5.8068679684692e-05
2021-10-29,-0.0103935157639054,0.0058397901697377,-1.6838993345706e-05,-0.0053835750709527,-0.0042149976599548,-1.6838993345706e-05
2021-11-01,0.0145996550575078,0.0124468306678591,-5.3012342338102e-05,0.013193548851258,0.0088377340622474,-5.3012342338102e-05
2021-11-02,-0.0022700482713416,0.0004411371988943,4.1182652294029e-05,0.0003338337655596,0.008419849385604,4.1182652294029e-05
2021-11-03,-0.0033400508475575,0.0056967925268462,-8.4439633866375e-05,-0.0063417434083786,-0.0014056395775228,-8.4439633866375e-05
2021-11-04,0.0049133761659847,0.0052913162387182,6.3260862745331e-05,0.0050386166014033,0.0066159322959524,6.3260862745331e-05
2021-11-08,0.0084697040421863,0.0130280131149322,3.3848981523805e-05,0.021056121629684,0.0213675057019497,3.3848981523805e-05
2021-11-09,-0.0013449214352717,0.003690894290991,4.0963414203689e-05,0.0016366987122056,0.0253389497551423,4.0963414203689e-05
2021-11-10,-0.0014991358050348,0.0017445728239036,2.8798356576713002e-05,-0.0052287531182189,-0.0014650096987295,2.8798356576713002e-05
2021-11-11,-0.007970140510272,-0.0042916801257186,0.000217755402602537,-0.0078843550232412,-0.0110838266769465,0.000217755402602537
2021-11-12,0.0128206066843303,0.0121825154713397,-5.8548008321578e-05,-0.0019868003899075,0.0168121376080923,-5.8548008321578e-05
2021-11-15,0.0003700663573213,0.0027032782800591,4.7114430941084e-05,0.0043132405689392,0.005052229430372,4.7114430941084e-05
2021-11-16,-0.0060879819517564,-0.0016218912613442,3.5169450366989e-05,-0.006276859305725,-0.0108329193535606,3.5169450366989e-05
2021-11-17,-0.005586294529162,-0.0011007158533775,-6.0747272469123e-05,0.0009973632553723,0.0012769638483238,-6.0747272469123e-05
2021-11-18,-0.0074781956434608,-0.0141496306242956,1.6455028988648e-05,-0.0129525502853358,-0.0048582690220915,1.6455028988648e-05
2021-11-22,-0.0196033721001568,-0.0185954878412601,-8.918119283549501e-05,-0.0181695498201464,0.0036821384447103,-8.918119283549501e-05
2021-11-23,0.0049836979327988,0.0150370724999493,-0.000210750508949995,0.0260452440347311,0.0057064778204078,-0.000210750508949995
2021-11-24,-0.0050446817378146,-0.0053408903941473,-3.3865357796732e-05,0.0160320485529155,-0.0053230561317287,-3.3865357796732e-05
2021-11-25,0.006959452503032,0.0086240855399659,2.4271473851776998e-05,0.0069033229436545,0.0089096717821983,2.4271473851776998e-05
2021-11-26,-0.0290712541877539,-0.030222176019257,0.000113801750456539,-0.0368919096221849,-0.0146195935275519,0.000113801750456539
2021-11-29,0.0016151341742889,-0.0091705578490344,-3.5911305778074e-05,-0.0142372907218286,-0.0057377543176388,-3.5911305778074e-05
2021-11-30,-0.004148599194972,-0.0024197856673329,-2.6429748480193e-05,0.0106602292556978,-0.0101402662774284,-2.6429748480193e-05
2021-12-01,0.0108166411704213,0.0057488356247181,-7.227156087474999e-05,0.0071453214080452,0.0038865438620157,-7.227156087474999e-05
2021-12-02,0.0136745711024337,0.009902980868633,-5.5811586349436e-05,0.0185810550666363,0.0016040445474752,-5.5811586349436e-05
2021-12-03,-0.0117776858673942,-0.0020041234889108,-1.4641623709432e-05,-0.00563847689701,0.0033683986445351,-1.4641623709432e-05
2021-12-06,-0.0165409195759996,-0.0192887542232627,9.2864390302838e-05,-0.0153435320712597,-0.0087505839455745,9.2864390302838e-05
2021-12-07,0.0156365485816494,0.0151420180184822,-1.9369980105383e-05,0.0145664057760097,-0.0346176191718226,-1.9369980105383e-05
2021-12-08,0.0170609485278816,0.0129538073267303,6.065016802436e-05,0.0043405394809694,0.0154131551425826,6.065016802436e-05
2021-12-09,0.0026960665936832,0.002108189416397,-2.8937242114697998e-05,0.0,0.0176717764550198,-2.8937242114697998e-05
2021-12-10,-0.0003167708948091,0.0038819656116346,-1.9346558478710998e-05,-0.0036569351938352,-0.0019481490059626,-1.9346558478710998e-05
2021-12-13,-0.0081690551168631,-0.0048396248122547,6.7845596363254e-05,-0.0033366191662385,-0.0002508383295808,6.7845596363254e-05
2021-12-14,-0.0024959111813221,0.0032716755010948,0.0,0.0080348096543383,0.0133030527407729,0.0
2021-12-15,-0.0059740603216401,-0.0082575500410118,-1.9253433893222e-05,-0.0063102135571626,-0.0044312944591672,-1.9253433893222e-05
2021-12-16,0.0015678167505297,-0.0034492934218647,6.028454126864e-05,-0.0016710974910779,-0.0079894701485691,6.028454126864e-05
2021-12-17,-0.01525945397337,-0.024656212335099,0.000100670699102687,-0.0120522464090028,-0.0261405142966244,0.000100670699102687
2021-12-20,-0.0218425462793778,-0.0282865029314716,-6.6444894008625e-05,-0.0321925027303007,-0.0244953164219254,-6.6444894008625e-05
2021-12-21,0.009428705444209,0.0188607400637181,-4.0612035633974e-05,0.0101540938708057,0.0246702438575463,-4.0612035633974e-05
2021-12-22,0.0110071709945933,0.0137207826549827,-4.0776726923755995e-05,0.0058925502269018,0.00197568706613,-4.0776726923755995e-05
2021-12-23,0.0069093062126275,0.0106857655678587,4.0943681857190004e-05,0.0213645390111942,-0.0086286901528063,4.0943681857190004e-05
2021-12-24,-0.0040327548791804,-0.0104404562838487,4.79742346426e-06,-0.0151821479371547,-0.0100587772131524,4.79742346426e-06
2021-12-27,0.0048518709108285,0.0026402873825206,-2.8769823667879e-05,-0.0006851818224646,-0.0066378460417935,-2.8769823667879e-05
2021-12-28,0.0086034091740434,0.009009240699324,4.808958328996e-06,0.0119986417742303,0.001142950608957,4.808958328996e-06
2021-12-29,-0.0011402602889762,-0.0022741061108124,-2.6436099192028e-05,-0.0033875467452245,-0.0013173017354054,-2.6436099192028e-05
2021-12-30,-0.0005606259494814,-0.0076519868939224,-6.7469585372741e-05,0.0118966818681875,-0.0032833546790197,-6.7469585372741e-05
2021-12-31,0.0087248317576065,0.0154025343590227,6.3075767548161e-05,-0.0030231827747392,-0.0011466801894839,6.3075767548161e-05
2022-01-03,0.0156533158122078,0.0078593009330398,6.0270010308327e-05,0.0141509458212742,-5.9246074116448e-05,6.0270010308327e-05
2022-01-04,0.0101868742352642,0.0001563458656983,-6.4701763892999e-05,0.0225913719786663,0.0194048919496556,-6.4701763892999e-05
2022-01-05,0.006739585234692,0.0047947443690323,2.4120185968796002e-05,0.0009746191886828,0.0083187466018002,2.4120185968796002e-05
2022-01-06,-0.0100054174627969,-0.0025911585074802,-7.6997036633851e-05,0.0,0.01180256370448,-7.6997036633851e-05
2022-01-07,0.0037641836511315,0.0041442226484464,-3.6372822447586e-05,0.0090879808990267,-0.0003117928362085,-3.6372822447586e-05
2022-01-10,0.0107003189218717,0.0039216158436417,-4.8674757092719995e-06,0.0073978623707784,0.004956437029838,-4.8674757092719995e-06
2022-01-11,0.0029133112526023,-0.0004419274286837,3.4087993837039e-05,0.0,0.0039738899893064,3.4087993837039e-05
2022-01-12,0.0086731157318304,0.0074566412409688,2.9119812969675e-05,0.0127713800264299,0.0068490475976492,2.9119812969675e-05
2022-01-13,0.0024956237305924,0.00445770659851,2.1775062642992e-05,0.0091424657773122,0.0063283796326274,2.1775062642992e-05
2022-01-14,-0.0001123235637506,0.0014486779690734,2.6557367265660002e-05,0.0012496381638493,-0.0041001132776106,2.6557367265660002e-05
2022-01-17,0.0028675682661627,0.0037082126465273,0.0,0.0053042741868774,0.0076223044977776,0.0
2022-01-18,-0.0106536905679234,-0.0172647398926577,-2.407493818225e-06,-0.0133457569486211,0.009110280651416,-2.407493818225e-06
2022-01-19,-0.0096422404339412,-0.000706544704502,1.9267344767686e-05,0.0088077625427218,0.0007936416878775,1.9267344767686e-05
2022-01-20,-0.010112406160797,-0.0007535435702604,0.000108173264289754,0.0068600318926299,0.0025969665349683,0.000108173264289754
2022-01-21,-0.0078757453046686,-0.0166369034880745,-4.9940330150487e-05,-0.015794370220553,-0.0050442552892995,-4.9940330150487e-05
2022-01-24,-0.0265679051873833,-0.0371281476080151,4.780132940011e-05,-0.0119572391411217,-0.0093992784950369,4.780132940011e-05
2022-01-25,0.0075134912216943,0.009422350269949,4.7574827136330005e-06,0.0184713353742773,-0.0065290773686018,4.7574827136330005e-06
2022-01-27,-0.0097117329146276,-0.0170602948068793,-5.7061738143261e-05,-0.0040650144661481,0.003063049366196,-5.7061738143261e-05
2022-01-28,-0.0004793161771092,0.0082855252667468,-9.325666965432901e-05,0.0144427311243899,0.0048582184703871,-9.325666965432901e-05
2022-01-31,0.0139107178709299,0.011420507518721,-4.3446851037868e-05,0.0123799967248623,0.0168246920935521,-4.3446851037868e-05
2022-02-01,0.0136679386118703,0.0173575952239666,7.2727087772253e-05,-0.0018342268502914,0.0059770785894461,7.2727087772253e-05
2022-02-02,0.0115578385853996,0.0104877827057441,-9.627175995629e-06,0.0045941103881037,0.0002701998629506,-9.627175995629e-06
2022-02-03,-0.0123622486642295,-0.0051824384579076,1.2046025964755e-05,-0.0103658585517198,0.0017010044996104,1.2046025964755e-05
2022-02-04,-0.0024998826581151,-0.0007649044371335,9.623941171421e-06,-0.0055452960644686,0.0300718593386488,9.623941171421e-06
2022-02-07,-0.0172811129276234,-0.0066931540456005,7.212162282361001e-06,0.0089839196559493,-0.0124738534259701,7.212162282361001e-06
2022-02-08,0.0030876976246183,-0.0046694903160536,4.5639832292606993e-05,-0.0107460386060953,0.0153727300411918,4.5639832292606993e-05
2022-02-09,0.0114121523303458,0.0113143126690291,4.065088112939801e-05,0.0055866014387397,0.0108518605279148,4.065088112939801e-05
2022-02-10,0.008133901085124,0.0041306184476213,4.2866511856041e-05,0.0108024215320341,-0.0039275891929302,4.2866511856041e-05
2022-02-11,-0.0131262969128136,-0.0145214179009415,4.742816844227e-06,-0.0076335877862595,0.0251572156137322,4.742816844227e-06
2022-02-14,-0.0306162228952934,-0.0334090756755024,0.00018250781768838601,-0.0224615243765023,-0.0241808908150418,0.00018250781768838601
2022-02-15,0.0302591263839775,0.0242500627796515,-5.5865425717914e-05,0.0015737877349739,0.0008407310421261,-5.5865425717914e-05
2022-02-16,-0.0017432697608654,-0.0019592011761474,-1.8727019842854e-05,0.0040855144362674,0.0189306746222837,-1.8727019842854e-05
2022-02-17,-0.0010160147191904,0.0021298296022149,0.00017589118450646,0.0062598046373583,-0.0086321596791254,0.00017589118450646
2022-02-18,-0.0016353356196504,-0.0106086668237589,-4.8398038125521e-05,-0.008709196682934,-0.0024954095294943,-4.8398038125521e-05
2022-02-21,-0.004031556958107,-0.0130608873481193,-1.8527519798349e-05,-0.0059617360857963,-0.0242071911285262,-1.8527519798349e-05
2022-02-22,-0.0066515660675804,-0.0020036495044545,6.4965801370564e-05,0.0006313275748424,0.0001866487138491,6.4965801370564e-05
2022-02-23,-0.0016937094155936,0.0084109266934668,-6.6851292850819e-05,-0.0075710306842448,0.0243228585765054,-6.6851292850819e-05
2022-02-24,-0.0477810384708364,-0.0561158632741178,0.000355070497535141,-0.0429115865673179,-0.0112861029746659,0.000355070497535141
2022-02-25,0.0252616601096495,0.0378407358118735,-0.00022411475211520302,0.0451676743751168,-0.0147365804022913,-0.00022411475211520302
2022-02-28,0.0081340342903666,0.0111767336166126,-6.877299411153e-06,0.0282809442775993,0.0004548863581963,-6.877299411153e-06
2022-03-02,-0.0111916331229355,0.0002945438004187,0.00018352815651758,0.0250308264312777,0.0140676315598633,0.00018352815651758
2022-03-03,-0.006497577228417,-0.0013328570018966,2.2532409029050003e-06,0.0214049725162375,-0.0137667819683153,2.2532409029050003e-06
2022-03-04,-0.0153170320073322,-0.024198598505403,5.6306304371247e-05,-0.021841843421995,-0.0010967064358752,5.6306304371247e-05
2022-03-07,-0.0235266847399477,-0.0263151048962243,0.000302351271665386,0.0328907716554864,-0.0118059175195119,0.000302351271665386
2022-03-08,0.0094747765094835,0.0150717813973608,-1.5217324961786999e-05,-0.0081799235478045,-0.0010291677226721,-1.5217324961786999e-05
2022-03-09,0.0207262900882942,0.0141247945117699,-5.8785207047612996e-05,-0.0047128083598386,-0.0049358218092636,-5.8785207047612996e-05
2022-03-10,0.0152673871904744,0.0193673641163079,-0.000188348798341115,-0.0088783435611773,0.016351842934583,-0.000188348798341115
2022-03-11,0.0021421537513466,0.0049209491991217,0.00010714275678809599,0.0068677076951062,0.0093048054340738,0.00010714275678809599
2022-03-14,0.014482565042708,-0.0036732237047318,-0.000141342625199243,-0.00800713072329,-0.0001326706280538,-0.000141342625199243
2022-03-15,-0.0123464565033122,-0.0093265057497705,-6.944389848393e-05,-0.0266068570806881,0.0091136531753581,-6.944389848393e-05
2022-03-16,0.0187451004846066,0.0226108075288402,-2.2558602456069e-05,0.0132063970220992,-0.0091630438901908,-2.2558602456069e-05
2022-03-17,0.0183619883565082,0.0147545741120262,0.0,0.0039405046015144,-0.0378689297102659,0.0
2022-03-21,-0.0098022024704637,-0.0135111106037015,-2.0348214677675002e-05,0.0033212745742472,0.0161027826536153,-2.0348214677675002e-05
2022-03-22,0.0115612232521558,0.0016937201866622,4.0779408170539e-05,0.0075233224027657,0.0208221069557392,4.0779408170539e-05
2022-03-23,-0.004033935455228,0.0021713861315311,2.2562832763912e-05,0.0005973852460314,0.0097193095831378,2.2562832763912e-05
2022-03-24,-0.0013278937068936,0.001894897553138,3.6020636808857e-05,0.0134328585952074,-0.0107334133915445,3.6020636808857e-05
2022-03-25,-0.0040498758909001,0.0004062814935279,4.71061184045e-05,-0.0067746549946297,-0.0155417250494442,4.71061184045e-05
2022-03-28,0.0040226199498629,-0.0034290341376522,-6.6979064730616e-05,0.0086001509588329,0.0136205772770816,-6.6979064730616e-05
2022-03-29,0.005998187274997,0.0048540990682868,-6.967888550138101e-05,-0.0114671981445383,-0.0176852523867634,-6.967888550138101e-05
2022-03-30,0.0099824655821947,0.0059480298987495,-1.5844204241894e-05,-0.008328339922442,0.0113409747914061,-1.5844204241894e-05
2022-03-31,-0.0019144771620018,0.0014784290934446,2.266679073874e-06,0.0044991459265864,-0.0003229938590538,2.266679073874e-06
2022-04-01,0.0117779652585923,0.0155344120884624,0.000101994735683061,0.0304567510285387,-0.0002419225980305,0.000101994735683061
2022-04-04,0.0216718413399843,0.0155624830255312,-7.852781613587e-05,0.0115908880131505,0.0104932307327598,-7.852781613587e-05
2022-04-05,-0.005317557796472,0.0082387303697621,2.0352815491500002e-05,0.0177599236492327,0.0108107993658641,2.0352815491500002e-05
2022-04-06,-0.0083391803235717,0.0036768733510741,4.0622951838651e-05,0.0171686076923538,0.0002896928721414,4.0622951838651e-05
2022-04-07,-0.0094397411049521,-0.0029398626310177,3.3714925943515e-05,-0.0030437358109937,-0.0096912209217041,3.3714925943515e-05
2022-04-08,0.0082087593907955,0.0154635810233814,4.480389345236e-06,0.0063835567590551,-0.0115942166891338,4.480389345236e-06
2022-04-11,-0.006151497975913,0.0099491644397617,0.000125392157457311,0.0046884167543279,0.0052732021912611,0.000125392157457311
2022-04-12,-0.0081838106412522,-0.0113029110909653,-4.4229228712429995e-06,-0.0115290140028603,0.0,-4.4229228712429995e-06
2022-04-13,-0.0031174816283502,0.001422251340581,0.000117256365121884,0.0052763801794635,0.0021409070082356,0.000117256365121884
2022-04-18,-0.0172811880101475,-0.0035562882353137,0.000100590222846559,0.0262431144452359,-0.0022696948802113,0.000100590222846559
2022-04-19,-0.0125191788064678,-0.0182249828458647,-4.5464189373503e-05,0.0018842447361799,-0.0046304898671118,-4.5464189373503e-05
2022-04-20,0.010490244596548,0.0050011447706042,-0.00016528889280111503,-0.0021494311776161,0.012154555074088,-0.00016528889280111503
2022-04-21,0.014941678252146,0.0127161988385011,-2.211883228762e-06,0.0126548526770875,-0.0010628721293631,-2.211883228762e-06
2022-04-22,-0.0126864526051679,-0.0074346874174822,2.6543408319432e-05,-0.0132943363968567,0.0173676129406117,2.6543408319432e-05
2022-04-25,-0.0126951225643019,-0.0198022261229764,-9.4859979661681e-05,-0.0274858647531024,0.0001828295887913,-9.4859979661681e-05
2022-04-26,0.0145601216162072,0.0234742267754159,-5.7906932604582e-05,0.0066500880424513,0.0053060770632895,-5.7906932604582e-05
2022-04-27,-0.0094414436101153,-0.0131755141145881,-4.7042806304642e-05,-0.0079824085029209,0.0126620369102148,-4.7042806304642e-05
2022-04-28,0.0121285088909346,0.0136773148816149,-2.2506971288371002e-05,0.0108212924456505,-0.0016177554582148,-2.2506971288371002e-05
2022-04-29,-0.0082632403816946,-0.0128150625671303,0.000103766989729834,-0.0225089126531716,-0.0096175622346681,0.000103766989729834
2022-05-02,-0.0019559171203674,-0.0035925108038445,-0.000140656632113805,-0.0002808799791921,-0.0034796291740452,-0.000140656632113805
2022-05-04,-0.0229361834519363,-0.0287579884837531,-4.0760938812894005e-05,0.0067416204706094,0.0079994430557672,-4.0760938812894005e-05
2022-05-05,0.0003028482136697,0.0015377662834397,0.000127330918399217,0.0019531164767354,-0.0054543279429321,0.000127330918399217
2022-05-06,-0.0162684216398562,-0.0211373103650462,2.244795987356e-06,0.0086327311224803,0.0081689042823787,2.244795987356e-06
2022-05-09,-0.0066661826871809,-0.0193189249844053,-2.9180936103605e-05,-0.0093870828583393,-0.0205705961346132,-2.9180936103605e-05
2022-05-10,-0.0037909688880922,-0.0223501957078322,-3.601977802961e-05,-0.0337236026518736,-0.013797328633057,-3.601977802961e-05
2022-05-11,-0.0044919933245182,-0.0011488728849239,-4.5186840448858e-05,-0.0051917075276843,0.0063592054924859,-4.5186840448858e-05
2022-05-12,-0.0222117521417858,-0.0250958469989874,-9.078736786329e-06,-0.0165266303793008,0.0146817469750946,-9.078736786329e-06
2022-05-13,-0.0016352232651188,-0.0044684019996195,-0.000136302199586311,-0.003242830235616,-0.0120579853287653,-0.000136302199586311
2022-05-16,0.0038112305721171,0.0151049737037189,-6.448613337278599e-05,0.0053238774878601,-0.0040501868463337,-6.448613337278599e-05
2022-05-17,0.0263219359020472,0.0255739028264947,9.2721727292117e-05,0.0376580969723157,0.000134770149299,9.2721727292117e-05
2022-05-18,-0.0011685620062508,0.0005441157418917,-3.4451429197239e-05,-0.0119081933141887,-0.0035816994126671,-3.4451429197239e-05
2022-05-19,-0.0265327253341793,-0.0273617668755625,4.6093746428392e-05,-0.0111908007668363,0.0086212122689481,4.6093746428392e-05
2022-05-20,0.0288910387942893,0.0149775653651342,7.570498169356699e-05,0.015089973058008,5.369521879283745e-05,7.570498169356699e-05
2022-05-23,-0.0031630222318707,-0.0086857618588719,7.5137032061176e-05,-0.022298421655354,0.0073949371804924,7.5137032061176e-05
2022-05-24,-0.0055227542667355,-0.0084138795450152,-4.0678035067973006e-05,-0.0055556268177673,0.0027662912568215,-4.0678035067973006e-05
2022-05-25,-0.0061612191843656,-0.0169904330608424,1.1345413525477999e-05,-0.0041164185991681,-0.0041375739435711,1.1345413525477999e-05
2022-05-26,0.0090073873189953,0.0138402541417099,-5.6663645977409004e-05,0.0097431898866706,-0.0035958730807622,-5.6663645977409004e-05
2022-05-27,0.0112738471989222,0.006762024521566,4.7869365006364996e-05,-0.0134502653278045,0.0047314007375982,4.7869365006364996e-05
2022-05-30,0.0188932050929628,0.023822563119785,-2.2686543707878e-05,0.0062240389456376,0.0124239724954089,-2.2686543707878e-05
2022-05-31,-0.0046124339835348,0.0009243790531854,-6.8210049133960005e-06,0.0306333105200584,0.0371045151833728,-6.8210049133960005e-06
2022-06-01,-0.0037264067061659,-0.0093915795650773,-9.7838520525891e-05,0.0025721677127921,-0.0113766980042463,-9.7838520525891e-05
2022-06-02,0.0063700049931154,0.0052517684609028,0.000105698317930646,0.0059862905790031,0.0059202962590421,0.000105698317930646
2022-06-03,-0.0026280502014673,-0.0144506361254531,3.865438504139e-05,-0.010201207169512,0.0016307015103846,3.865438504139e-05
2022-06-06,-0.0008893953501298,-0.0029105305660847,-3.3975429375915003e-05,0.0040079985234839,-0.0097172070695589,-3.3975429375915003e-05
2022-06-07,-0.0092459460064759,-0.0083913947037871,-3.1818043101917e-05,0.0173938014160173,0.014538629781587,-3.1818043101917e-05
2022-06-08,-0.0036609606157923,-0.0031235225849705,4.560067826115e-06,0.0008407729551651,0.0180013234953184,4.560067826115e-06
2022-06-09,0.0074497277416889,0.0078233288290583,1.5952528058409e-05,0.0036404668565719,0.0067154186515501,1.5952528058409e-05
2022-06-10,-0.0167676984141,-0.0090993836607657,-3.1854240550204996e-05,-0.0055803784064719,0.0005183116603169,-3.1854240550204996e-05
2022-06-13,-0.0263797491152091,-0.0216465749596449,8.6737557979086e-05,-0.0350729523402589,-0.0071605183336439,8.6737557979086e-05
2022-06-14,-0.0026816094559853,0.0030794031791554,-0.000140302998676725,0.0093050218233077,-0.0331764874320419,-0.000140302998676725
2022-06-15,-0.002539344381356,0.0021823564629717,9.180839065301e-06,-0.0152693400540585,-0.036064320267764,9.180839065301e-06
2022-06-16,-0.0211284478542902,-0.0207203581202189,2.5223712178865e-05,-0.0394967367486145,0.0176661198372656,2.5223712178865e-05
2022-06-17,-0.0043682936266399,-0.0165569672224286,8.234231479872201e-05,-0.0051782508120901,-0.0339058938121676,8.234231479872201e-05
2022-06-20,0.0037042135956451,-0.0073679596919729,-5.8984148237329e-05,-0.0373545413060116,0.0063784316108956,-5.8984148237329e-05
2022-06-21,0.018804337854487,0.0275565696229207,-9.128460932432e-06,0.0219465814992645,0.0065002522552251,-9.128460932432e-06
2022-06-22,-0.0144192650853174,-0.0182731882716592,-2.2841132231457003e-05,-0.0168067506248302,-0.0029209236322855,-2.2841132231457003e-05
2022-06-23,0.0093004475196092,0.0118951958436375,1.8314564056433998e-05,0.0,-0.0087075000853676,1.8314564056433998e-05
2022-06-24,0.0091664725885294,0.0131483675814398,-2.2851571745121e-05,0.0056980153310013,-0.0012744329214718,-2.2851571745121e-05
2022-06-27,0.008458990377725,0.0072686093222504,4.8098736877366e-05,0.020459480699277,-0.0016286334605986,4.8098736877366e-05
2022-06-28,0.0011464333961117,0.0014858508950903,-1.5956165153526e-05,0.0157310970090982,-0.0022296823382417,-1.5956165153526e-05
2022-06-29,-0.0032239710103227,-0.0069848453169851,-9.13262927491e-06,0.0115396618461467,0.0005451210278752,-9.13262927491e-06
2022-06-30,-0.0011930812414028,-0.0047397629958753,0.0,-0.0105074234280578,0.0192012822002645,0.0
2022-07-01,-0.0017870563085186,0.0108422447661662,0.000137112045665483,-0.0415655027287353,-0.0076692197197967,0.000137112045665483
2022-07-04,0.0052881882498054,0.0100999012547255,7.213699062698901e-05,-0.0050648890990588,-0.0112028959427401,7.213699062698901e-05
2022-07-05,-0.0015471713984448,0.0008612507083205,2.6857415189154e-05,0.0028635110313082,0.012609625057339,2.6857415189154e-05
2022-07-06,0.0113181897073002,0.016931557655347,-0.00014062524081341198,-0.019352810961058,0.0218660425001775,-0.00014062524081341198
2022-07-07,0.0089494920315105,0.0086127736269512,-0.000131310400815276,0.019087678922693,-0.013739004028261,-0.000131310400815276
2022-07-08,0.0054360478665673,0.0028813230565054,-4.58831330435e-06,0.0120634654211619,-0.0056308256754766,-4.58831330435e-06
2022-07-11,-0.0002835659276332,0.0157643883317568,-2.2947719998240002e-06,0.0050188757519682,-0.0034082566026552,-2.2947719998240002e-06
2022-07-12,-0.0097249750439381,-0.0033441601813642,1.3773543779209e-05,-0.000936410522373,-0.0106642048027467,1.3773543779209e-05
2022-07-13,-0.0057072925015229,-0.0003474031089713,-4.1265545525771e-05,0.004373733573473,0.0023681009911546,-4.1265545525771e-05
2022-07-14,-0.0017536552323109,-0.0011432578765699,-3.2228221471987e-05,0.0006219795370867,0.0047250126751101,-3.2228221471987e-05
2022-07-15,0.0069359576863876,0.0039441520873584,-4.3879591237120004e-05,0.0009326265372033,-0.001837872705799,-4.3879591237120004e-05
2022-07-18,0.0142873041582765,0.0134139252815945,0.000102064166197977,0.0149068177286748,-0.0008936572316949,0.000102064166197977
2022-07-19,0.0038117642711243,0.0048383220683625,-3.6739345629184e-05,0.001836027317341,-0.0016800819209985,-3.6739345629184e-05
2022-07-20,0.0110338885069691,0.0018369455463698,0.0,0.006414143973938,5.4081347928613965e-05,0.0
2022-07-21,0.005108719746296,0.014695165428026,-8.2968567738087e-05,0.0100151140733382,-0.0010041767065708,-8.2968567738087e-05
2022-07-22,0.0068772959606149,-0.0037058067166717,0.000153381330730981,-0.0084134251672827,-0.0002717295168158,0.000153381330730981
2022-07-25,-0.0052901993117577,-0.0010581552599702,-2.0599715133171997e-05,0.0030302567915483,-0.0108722415421718,-2.0599715133171997e-05
2022-07-26,-0.008847958067765,-0.0126960281526,-3.2109952877987e-05,-0.0033231661850466,-0.0029404788755251,-3.2109952877987e-05
2022-07-27,0.0095821774414373,0.0082232479176613,2.5310771437836e-05,0.002424917013861,0.0005787628719349,2.5310771437836e-05
2022-07-28,0.0172937311236929,0.0114863315803599,0.000103282250652141,0.0069549302799758,0.0198480230126889,0.000103282250652141
2022-07-29,0.0135059538264792,0.0125885864746135,9.086986622302e-06,0.0192192013306764,-0.0024669550147172,9.086986622302e-06
2022-08-01,0.0105955316684394,0.0145112920673626,3.6314081349325996e-05,0.0218032324221855,0.0018683825022904,3.6314081349325996e-05
2022-08-02,0.0003113276638058,0.0042000294623312,-9.045887476958e-06,0.006632051332537,-0.0071584026289372,-9.045887476958e-06
2022-08-03,0.0024618083588656,-0.0038380800038994,2.263087701253e-06,-0.0057290393530116,0.000165664036323,2.263087701253e-06
2022-08-04,-0.0003537116074355,0.0050777193199207,0.000106359184274571,-0.0089310736609159,0.0187543957199161,0.000106359184274571
2022-08-05,0.0008917270739845,-0.0009742194167565,1.3435148566058001e-05,0.0011627063679049,-0.0079167058206801,1.3435148566058001e-05
2022-08-08,0.0073343646716481,0.0050354391533062,-2.2361870771162e-05,0.0136469581720199,0.0113412080400276,-2.2361870771162e-05
2022-08-10,0.0005506610997998,-0.0034682558456885,5.6028688028801e-05,0.0025780622452382,0.009809063333956,5.6028688028801e-05
2022-08-11,0.0070859293688247,0.0082984772027665,8.914846552161e-06,-0.0028570992606026,0.0045223992559517,8.914846552161e-06
2022-08-12,0.0022170219505635,0.0027579313028265,2.0040114204782e-05,0.0240687712281335,0.0014915874201877,2.0040114204782e-05
2022-08-16,0.0071815193435313,0.0157801566605246,-7.777743869357501e-05,0.003637304065833,-0.0038301504145475,-7.777743869357501e-05
2022-08-17,0.0066759231988331,0.0101580367828089,-1.1198891388353e-05,0.0008364258401878,-0.0001870541986703,-1.1198891388353e-05
2022-08-18,0.000682669936052,0.0060916684997407,-1.1210591652722999e-05,0.0,-0.0361069762186209,-1.1210591652722999e-05
2022-08-19,-0.011029475746944,-0.0101681909555622,-2.9180936103605e-05,-0.0114206080775945,0.013659301454671,-2.9180936103605e-05
2022-08-22,-0.0150773300473388,-0.0184611653422138,-9.6802455696437e-05,-0.0070442374803179,0.0027333442117898,-9.6802455696437e-05
2022-08-23,0.0049626821755044,0.0048668620559051,3.6371866630418e-05,0.0150396922262556,-0.0054516814854644,3.6371866630418e-05
2022-08-24,0.0015616110795051,0.0059632118173789,4.0770169638675e-05,0.0078277544230811,-0.0001920067576212,4.0770169638675e-05
2022-08-25,-0.0046861822192667,0.0002628723477275,6.992951630707599e-05,0.0002774517737071,0.0034542431420667,6.992951630707599e-05
2022-08-26,0.0020802555293466,0.0051882656882598,-7.616490977523e-05,0.0180254488748601,-0.0032509698703908,-7.616490977523e-05
2022-08-29,-0.0140099889245538,-0.0059725163120567,-0.000101580309410703,-0.005175664163646,-0.0029327364214261,-0.000101580309410703
2022-08-30,0.0257842637890255,0.0218721123991467,1.1403204902578e-05,0.0156078775377737,-0.0017592730674762,1.1403204902578e-05
2022-09-01,-0.0121907952721076,0.0001064406894781,-0.000125285428847556,-0.0091668954216536,0.0080958736326122,-0.000125285428847556
2022-09-02,-0.0001910505934481,-0.0018358394573406,4.613715909496e-06,-0.0010884602864583,-0.0003824066753027,4.613715909496e-06
2022-09-05,0.0072038500710118,-0.0011641921912641,3.9198060371081e-05,0.0078997799716646,-0.0054105427922924,3.9198060371081e-05
2022-09-06,-0.0005774531254664,0.0064910079104789,-9.187164604095999e-06,0.0024324365564294,-0.0025827703694408,-9.187164604095999e-06
2022-09-07,-0.0017671004916441,0.003506155675556,-2.0689690250088997e-05,0.0051226375283723,-0.0269683443826327,-2.0689690250088997e-05
2022-09-08,0.0098925129655895,0.0026806841743527,4.3768400685748e-05,-0.0032188555744107,0.0139287811047614,4.3768400685748e-05
2022-09-09,0.0019439347917691,-0.0006230654768357,1.3761783346535e-05,0.0016146763599944,0.0047744201383992,1.3761783346535e-05
2022-09-12,0.005775695663245,0.0119178886378443,-1.3742870705615001e-05,-0.000537357794404,0.0051685596183408,-1.3742870705615001e-05
2022-09-13,0.0074542019299801,0.006564297109467,-2.2935430646964e-05,0.0051074898605452,-0.0035108112926646,-2.2935430646964e-05
2022-09-14,-0.0036690976717561,0.0045550516992716,-7.3563148235452e-05,0.0069537881913539,-0.0028020573075873,-7.3563148235452e-05
2022-09-15,-0.0070179606679163,0.0062060397583294,-3.0106777951933e-05,0.0092961078336351,0.0071500104704567,-3.0106777951933e-05
2022-09-16,-0.0193848531485446,-0.0290673779698441,-0.00018350776527941302,-0.0089473724365234,-0.0295574410420204,-0.00018350776527941302
2022-09-19,0.0052136885924867,0.0032884513776254,1.893086470236e-05,-0.0066383430964666,-0.0029600891161374,1.893086470236e-05
2022-09-20,0.0110088098852303,0.01124249137049,3.5427851992990005e-05,0.0032076699378298,0.0109344213811231,3.5427851992990005e-05
2022-09-21,-0.0054950054374517,-0.0159727603321025,4.9423176318460996e-05,-0.0130561651933714,0.0029651368089878,4.9423176318460996e-05
2022-09-22,-0.0049975776569025,0.0042263869662442,6.791590406224099e-05,-0.009989274768806,-0.0030407980906368,6.791590406224099e-05
2022-09-23,-0.0171556772324205,-0.0179189787102888,-3.9544539894198e-05,-0.0278155629669545,0.0012708181733656,-3.9544539894198e-05
2022-09-26,-0.0179513217622564,-0.0271564566698596,-4.2036503143071e-05,-0.0308556028537572,-0.0104368016986968,-4.2036503143071e-05
2022-09-27,-0.0005230508522044,0.0026458941287195,-5.1595033736453e-05,0.002026040415918,-0.0109453673338454,-5.1595033736453e-05
2022-09-28,-0.0087491784653945,-0.0062341156103147,-2.8288292565890003e-05,-0.0054881176363641,0.0082421862428518,-2.8288292565890003e-05
2022-09-29,-0.0024023347691036,-0.0031972713152735,0.000141844515281379,0.0066802073830289,0.0122342682108829,0.000141844515281379
2022-09-30,0.016425755966269,0.0103982715393631,6.060566719942e-05,0.0083670201039829,-0.0233819376801003,6.060566719942e-05
2022-10-03,-0.0121092644487904,-0.0229606664928493,-4.634026374972e-06,0.0028611866076733,-0.0022842572387603,-4.634026374972e-06
2022-10-04,0.0229136709327191,0.0234024299769792,0.000210941089542635,0.0208273768367006,5.811903943908625e-05,0.000210941089542635
2022-10-06,0.0033286441360573,0.0079363601707445,5.221329085582e-05,0.0069871438940534,-0.0083172582128123,5.221329085582e-05
2022-10-07,-0.0009895331040011,-0.0016632928040022,4.7426130297931e-05,0.006106056845873,0.0047338641108647,4.7426130297931e-05
2022-10-10,-0.0042536458411471,-0.0083065960707673,-0.000170825378187906,-0.0033103153623383,0.0002620780088904,-0.000170825378187906
2022-10-11,-0.0149323831999303,-0.0183897862517551,-7.0889864289068e-05,-0.0119014750197518,0.0050010976978007,-7.0889864289068e-05
2022-10-12,0.0082461453396196,0.0080199955549542,3.9152922803245e-05,0.0196078640890711,0.008390536881224,3.9152922803245e-05
2022-10-13,-0.0063800837728176,-0.0097890419820411,2.2940691390467e-05,-0.0060439893263936,-0.0054513237289843,2.2940691390467e-05
2022-10-14,0.0100708880038873,-0.0036246478694659,-9.842076417757201e-05,-0.0052514821754107,-0.0122321878441706,-9.842076417757201e-05
2022-10-17,0.0073375869608156,0.0064909550396865,-4.622432695854e-06,0.0066684593658445,0.0125002440440002,-4.622432695854e-06
2022-10-18,0.010117285874136,0.0103186824167473,-2.775271552355e-05,0.0107645430465375,0.0075865986957237,-2.775271552355e-05
2022-10-19,0.0014468379208691,-0.0012170801724697,1.6233695862282e-05,-0.0068268707616571,-0.0117091498073161,1.6233695862282e-05
2022-10-20,0.002952174549244,0.0096891662264306,-3.4729732797185e-05,0.0159472600519163,-0.0045476377054224,-3.4729732797185e-05
2022-10-21,0.0007032337856462,-0.0132795339403386,-7.2026339845912e-05,-0.0059540247946026,-0.0003494702849059,-7.2026339845912e-05
2022-10-24,0.0087873563767617,0.0032182779562126,0.00017552071332429297,0.007350951841238,0.0140020327654069,0.00017552071332429297
2022-10-25,-0.004196122026705,6.682654708356495e-05,-7.129746470900399e-05,0.0021622116501267,-0.0139810656545571,-7.129746470900399e-05
2022-10-27,0.0045649078749665,0.0114636682657367,6.7176494748142e-05,0.0140236412456404,0.0049206878140328,6.7176494748142e-05
2022-10-28,0.0028106052447454,-0.0048531321918537,-4.141746639845e-05,0.0079788048918219,0.0067793729821661,-4.141746639845e-05
2022-10-31,0.0126722303955641,0.0102940468430565,-1.1552504267736e-05,0.0026384820605565,0.0068708277707316,-1.1552504267736e-05
2022-11-01,0.0073950532223929,0.0102102378417483,1.8506091117702002e-05,0.0205262836657071,-0.0001451150561398,1.8506091117702002e-05
2022-11-02,-0.0034471976315451,-0.0021040727183788,4.3869457558169e-05,-0.0030943511001044,-0.0058084269520199,4.3869457558169e-05
2022-11-03,-0.0016673473084335,0.0011659392993363,-0.00011494252873563199,-0.0012933067061016,-0.0065726154576671,-0.00011494252873563199
2022-11-04,0.0035701681556883,0.0018306403427366,6.7442073378451e-05,-0.0033670309779891,-0.0183484956031896,6.7442073378451e-05
2022-11-07,0.0047275862251119,0.0043436330182096,0.00010395027799088,0.0098752877504102,-0.0002395829274778,0.00010395027799088
2022-11-09,-0.0025161392359563,-0.0019591860456931,5.2583340971739e-05,-0.0097787200758305,0.0009586753165091,5.2583340971739e-05
2022-11-10,-0.0070937259046097,-0.0097592774262714,4.7759626709714995e-05,-0.008835762906252,-0.0028436723593999,4.7759626709714995e-05
2022-11-11,0.0178331732470333,0.0096053451260005,0.00013128067278203899,0.0020975834382526,0.0260860580757007,0.00013128067278203899
2022-11-14,-0.0011198455015547,0.00534624364631,1.340513305206e-05,-0.004971282975871,0.0047685832941588,1.340513305206e-05
2022-11-15,0.0040509242609507,0.0016744512937727,7.362825374869401e-05,0.0094662272392063,-0.0212550162323335,7.362825374869401e-05
2022-11-16,0.0003396111515991,-0.0073277141557379,4.4296111070463e-05,0.0020839237386458,-0.0005353855086801,4.4296111070463e-05
2022-11-17,-0.0035714963948192,-0.0075265720493337,-3.9691358595853996e-05,0.0007797966816993,-0.0033039162603372,-3.9691358595853996e-05
2022-11-18,-0.0019761337135545,-0.0056757500121021,1.9924763390795003e-05,-0.0106493466860287,-0.0260109150097341,1.9924763390795003e-05
2022-11-21,-0.0080677295405768,-0.0054969049309769,-0.000101634799277887,-0.0028879130982121,0.0113443346776966,-0.000101634799277887
2022-11-22,0.0046393301536886,0.002401421012858,2.2321939848524e-05,0.0065824118750181,0.0201001009818926,2.2321939848524e-05
2022-11-23,0.0012634580983039,0.0019094158269152,-2.895346630229e-05,-0.0018310147962958,0.0100750895738714,-2.895346630229e-05
2022-11-24,0.0118709498898301,0.0038351453865161,6.0308343757644e-05,0.0115303623812468,-0.0045311802878662,6.0308343757644e-05
2022-11-25,0.0015500019600884,0.0027575330581621,-1.3321796641067998e-05,0.00414507393101,0.0007683391654791,-1.3321796641067998e-05
2022-11-28,0.0027008413120686,0.0021922085084937,3.112480904251e-05,0.0,0.0050504086088563,3.112480904251e-05
2022-11-29,0.0029791265437502,0.0050734811245409,-4.432725673124e-06,-0.0033539024522029,0.0018807261113809,-4.432725673124e-06
2022-11-30,0.0075356346254191,0.012533759379089,0.0,0.0046595987625883,0.0057780545256835,0.0
2022-12-01,0.0028867353340049,0.0038809394584531,5.9867065831189e-05,-0.0043803653086076,-0.0039951274551134,5.9867065831189e-05
2022-12-02,-0.006187396179402,0.0014376571950462,0.00011240955438331699,0.0007763659360955,0.0011125572536594,0.00011240955438331699
2022-12-05,0.0002648237856262,-0.0017133553936141,4.5771377415813e-05,0.0155159637245652,0.003246422800464,4.5771377415813e-05
2022-12-06,-0.0031175136590962,-0.0008906671147472,-5.8581136226902e-05,-0.001782523402298,0.0042271156061679,-5.8581136226902e-05
2022-12-07,-0.0044119027503989,0.0019632297483525,4.365006088362e-06,-0.0091836888608408,0.0115537208605229,4.365006088362e-06
2022-12-08,0.0026319123609277,0.0040155070357479,4.7993285333944e-05,-0.0036045156822459,0.0043905571206275,4.7993285333944e-05
2022-12-09,-0.0060587824059793,-0.0061234028781589,1.0855240028182e-05,-0.006976755877024,0.0099147069402623,1.0855240028182e-05
2022-12-12,2.977743269738653e-05,0.000189436016692,1.7349385230644e-05,0.0041634099958764,0.0004242691417959,1.7349385230644e-05
2022-12-13,0.0059927938646799,-0.0016560028028367,-6.494648233119e-06,0.0025913053569757,-0.0095869115076495,-6.494648233119e-06
2022-12-14,0.0028106610731943,0.0046359423575772,8.2322588685306e-05,0.0121478738016462,-0.0008279363805171,8.2322588685306e-05
2022-12-15,-0.0131509343553336,-0.0089445961546753,-0.000109583611129735,-0.0074055392404835,0.0044008067547944,-0.000109583611129735
2022-12-16,-0.0079229530179417,-0.01281008235431,1.5207407490895e-05,-0.0131206157846033,-0.0026459469356272,1.5207407490895e-05
2022-12-19,0.0082899566889265,0.0099380386765735,6.9414252801733e-05,0.008342014852259,-0.0043933655438972,6.9414252801733e-05
2022-12-20,-0.0019081205394395,-0.0019405874490322,7.1090444651387e-05,-0.0056877254128068,0.0022062127255484,7.1090444651387e-05
2022-12-21,-0.0101277196435586,-0.0159384923185719,2.3529542321189998e-05,-0.0135205530458166,-0.0054889826722994,2.3529542321189998e-05
2022-12-22,-0.0039425027358517,-0.0073242233575717,2.1336580031960003e-06,-0.0102793727929627,-0.0012364800652167,2.1336580031960003e-06
2022-12-23,-0.0176831602541178,-0.0371530531434128,-3.8404162423253e-05,-0.021304906879225,-0.0209255469322585,-3.8404162423253e-05
2022-12-26,0.0116696328935068,0.0,0.0,0.0171428862072171,-0.0035866732023922,0.0
2022-12-27,0.0065336546149905,0.033999295489455,3.8552218991245e-05,0.0082931393722771,-0.0099133869100292,3.8552218991245e-05
2022-12-28,-0.0005405150382313,0.0028963200123994,-6.8273885666024e-05,0.0026532844909019,0.0018774278207489,-6.8273885666024e-05
2022-12-29,0.0037798317009243,-0.0002105608368304,1.2889661498262999e-05,0.0018523337689431,0.0038964651603818,1.2889661498262999e-05
2022-12-30,-0.0047110779368918,-0.0015360865230433,3.8618387217057e-05,0.0052826402460428,-0.0043258862071852,3.8618387217057e-05
2023-01-02,0.0050895833553579,0.001459004042007,8.12133460104e-05,0.0110351590591388,0.0028864190047332,8.12133460104e-05
2023-01-03,0.0019289276248581,0.0043990203030994,9.7520228328684e-05,-0.0028586437541617,0.0087828445411237,9.7520228328684e-05
2023-01-04,-0.0103990694870288,-0.0135032432527969,9.237846249042499e-05,-0.0187645928081471,0.001264879137873,9.237846249042499e-05
2023-01-05,-0.0028154392892826,0.0069097315536443,-6.032887817109e-05,0.0045152234277723,0.0004111501691357,-6.032887817109e-05
2023-01-06,-0.0073755037054461,-0.0073343954994602,-5.8601671504897e-05,-0.006081426337711,-0.0013508773164179,-5.8601671504897e-05
2023-01-09,0.0135362517084902,0.0080876555097537,0.000128421181126645,0.0045224306532387,-0.0051748557523217,0.000128421181126645
2023-01-10,-0.0103335047509585,-0.003637983125789,-3.1178865927229e-05,0.0013242334210936,0.0032217411093828,-3.1178865927229e-05
2023-01-11,-0.0010299775022909,-0.0032456424004573,1.2510711934197e-05,-0.0066120071652946,0.0110775193285965,1.2510711934197e-05
2023-01-12,-0.0020954755408891,0.0021246172303994,-1.4577195784449e-05,0.000798689515443,0.0049830816376921,-1.4577195784449e-05
2023-01-13,0.0055100959183882,0.0041342385748495,5.839390507649e-05,0.0069166884936897,-0.0185276263589102,5.839390507649e-05
2023-01-16,-0.0034388470725693,-0.0006476677335716,9.7449974116532e-05,0.0002642572426339,-0.002511268744069,9.7449974116532e-05
2023-01-17,0.0088545685118242,0.000862942063075,-4.1067917824685e-05,0.006603275118058,0.0024286063948908,-4.1067917824685e-05
2023-01-18,0.00620655632356,8.421857025964208e-05,-8.247611448937e-06,0.0099711640521993,-0.0104293593387128,-8.247611448937e-06
2023-01-19,-0.003165367099256,-0.00346137893933,8.25441937331e-06,0.0085736035844872,0.0083299306117312,8.25441937331e-06
2023-01-20,-0.0044289753051891,-0.0037519208618848,5.3607901347052e-05,0.0072127455306034,-0.0058329725051758,5.3607901347052e-05
2023-01-23,0.0050422760956287,0.0015479822715018,2.051299543637e-06,0.0007673297996162,0.0159634346060901,2.051299543637e-06
2023-01-24,-1.3798013043020418e-05,-0.0025187457142005,2.8706046408525998e-05,-0.0061334442094447,0.0031955029937562,2.8706046408525998e-05
2023-01-25,-0.0124929796250122,-0.0251657795388529,-3.0668887006108e-05,-0.0048855394623522,-0.0062827384564363,-3.0668887006108e-05
2023-01-27,-0.0160742469061787,-0.0372287721578332,4.101816745722e-06,-0.0085271789289138,-0.0104981413770284,4.101816745722e-06
2023-01-30,0.0025334426073457,-0.0114011433985379,-2.049676462363e-06,-0.0185040162688839,-0.0140866895810422,-2.049676462363e-06
2023-01-31,0.0007479862801675,0.0102144700462221,-2.0504877564019e-05,0.0159319829142889,-0.0103087323231911,-2.0504877564019e-05
2023-02-01,-0.0025959245256645,-0.016177644271995,0.0001520447311089,-0.0162048865416657,-0.0264978840196745,0.0001520447311089
2023-02-02,-0.0003349392530399,-0.0023661259893212,0.000214531749962458,-0.010095671473888,-0.0418295777371231,0.000214531749962458
2023-02-03,0.0138355963078902,-0.0002534185615694,-0.000208044982437427,0.0075148310952102,0.002525462634106,-0.000208044982437427
2023-02-06,-0.0050101331608701,0.0055494046708675,-7.6891393665965e-05,0.0029302239656063,0.002850331549778,-7.6891393665965e-05
2023-02-07,-0.0024261514654264,-0.0016056208242294,6.117206104573999e-06,0.0034527821553635,0.0065108632966361,6.117206104573999e-06
2023-02-08,0.0084755364246817,0.0089471844207635,2.6492983273635998e-05,0.0,0.0082092201247017,2.6492983273635998e-05
2023-02-09,0.0012170079483646,-0.0049729216395882,-1.8292713656964e-05,0.0042350410953371,-0.0036152234245444,-1.8292713656964e-05
2023-02-10,-0.0020649578680046,-0.0008216100574582,-9.1631186590659e-05,-0.0013178502601565,0.0068970357393574,-9.1631186590659e-05
2023-02-13,-0.0047937507000251,-0.0144130923527433,2.054731106566e-06,0.0073897805174778,-0.0023050016357704,2.054731106566e-06
2023-02-14,0.0089443537049958,-0.0011066843283226,2.4656410745171002e-05,-0.0010478675071726,0.0046857129654231,2.4656410745171002e-05
2023-02-15,0.0047964707944361,0.007089254190669,-0.000129125037157918,-0.0026226668244702,0.0029793046985855,-0.000129125037157918
2023-02-16,0.0011101336008929,0.0071579460422583,4.152918984019e-06,0.0220878301222868,-0.0012592256881316,4.152918984019e-06
2023-02-17,-0.0050815676893513,-0.0062229186397317,-4.7737555163863e-05,0.0030872845351068,-0.0109603580567295,-4.7737555163863e-05
2023-02-20,-0.0055505184801407,-0.0031243375581246,8.9676808828775e-05,-0.0056425034940336,-0.0067012212993075,8.9676808828775e-05
2023-02-21,-0.001003126492992,-0.0018541773936743,-2.4804205029486e-05,0.0067061727743966,0.0030934951612442,-2.4804205029486e-05
2023-02-22,-0.0152803631315826,-0.014386279110809,-2.0720778615624e-05,-0.0105047363626767,0.0006563589014123,-2.0720778615624e-05
2023-02-23,-0.0024524349779846,-0.0042893314963659,-6.229220058369e-05,0.0005178782578152,0.0,-6.229220058369e-05
2023-02-24,-0.002595429723749,-0.0008552138018894,-1.6715802347353e-05,0.0106107622641926,-0.0001638289258409,-1.6715802347353e-05
2023-02-27,-0.0041854114458053,-0.0093603060074002,-7.1159514707901e-05,0.009731141499091,9.81051189301585e-05,-7.1159514707901e-05
2023-02-28,-0.0051027157362857,0.0026754756442033,-6.323520270926e-06,-0.0065940181135717,6.574420138294457e-05,-6.323520270926e-06
2023-03-01,0.008492348770636,0.0116528304007705,7.5933476378446e-05,0.008424862049555,-0.0005575942610617,7.5933476378446e-05
2023-03-02,-0.0073921687198044,-0.000558470330279,8.373647716983e-06,0.002025362811511,-0.008102899299403,8.373647716983e-06
2023-03-03,0.0157285986298278,0.009091829269785,2.091261503034e-06,0.0032844175695811,-0.0032409755323373,2.091261503034e-06
2023-03-06,0.0066555236183669,0.0079588401347123,2.09162197706e-06,0.0198942567046356,0.0108500766453452,2.09162197706e-06
2023-03-08,0.0024250512391459,0.003713076348399,-0.000148443000624962,0.0039506135163482,-0.0020024936250139,-0.000148443000624962
2023-03-09,-0.0092822498999752,-0.0073063395394333,-1.0611043759323e-05,-0.0054107531118725,-0.0009537491289464,-1.0611043759323e-05
2023-03-10,-0.010045664635585,-0.0023224533293818,7.6481965728831e-05,0.0024728558905615,-9.867728148760246e-05,7.6481965728831e-05
2023-03-13,-0.0148510359316261,-0.0128206140769711,0.000293063331373573,-0.0115935177624307,-0.0089556624569229,0.000293063331373573
2023-03-14,-0.0064706805258611,-0.0058358487525387,6.349884785515e-05,-0.0074868789454793,0.0002325575042818,6.349884785515e-05
2023-03-15,-0.0041746837386849,-0.000576601034621,-4.0708479257339994e-05,0.0035202260004276,-9.961772860411776e-05,-4.0708479257339994e-05
2023-03-16,0.0007924286811309,0.006027425108422,0.00015736776067058801,0.0030067384701468,0.0065440780981484,0.00015736776067058801
2023-03-17,0.0067381296219788,0.0055403896484316,1.0060208509661e-05,0.001748680913286,-0.0037953403583381,1.0060208509661e-05
2023-03-20,-0.0065292432199922,-0.0072749830930943,0.000233165798474794,-0.0099750056459424,0.0059300971092557,0.000233165798474794
2023-03-21,0.007010642946744,0.0057647528888065,-8.446283764772701e-05,-0.0062972290981258,0.0110652769925476,-8.446283764772701e-05
2023-03-22,0.0025953757489405,0.0064751975633601,-8.7162961707406e-05,-0.0060836926191459,-0.0019216690400444,-8.7162961707406e-05
2023-03-23,-0.0043726933046436,-0.0040673430792931,6.394877877089e-05,-0.0005100856473009,-0.0043733049654662,6.394877877089e-05
2023-03-24,-0.0077209333285906,-0.0076681944180626,0.00010722813919433299,-0.0117376652358225,0.0572636604649108,0.00010722813919433299
2023-03-27,0.0023988383407489,-0.0051840739170562,-9.823182416719299e-05,-0.0038729076414799,-0.0241202752087354,-9.823182416719299e-05
2023-03-28,-0.0020016838613549,-0.009420346567472,1.983793894939e-06,-0.0028512339328874,-0.0288146363570629,1.983793894939e-06
2023-03-29,0.0076098565893214,0.0080227355378719,5.5544292827696e-05,0.0171562211195595,0.0099443358521966,5.5544292827696e-05
2023-03-31,0.0163371989446239,0.0139153410767456,7.4965689171475e-05,0.0109890184880716,0.0111095804962653,7.4965689171475e-05
2023-04-03,0.0022062979737611,0.0024763792156941,-5.2868701659897e-05,0.0118806215796336,0.0059583017645761,-5.2868701659897e-05
2023-04-05,0.0091389548173612,0.005356082862741,0.000208661690789495,0.0022483176450767,-0.0027067915427759,0.000208661690789495
2023-04-06,0.0023978747854371,0.0024347474057235,-9.641194846142001e-06,-0.0042372426089525,0.0056517893454564,-9.641194846142001e-06
2023-04-10,0.001414863221935,0.0028726810923001,-8.299561740553299e-05,0.0157697385753161,-0.0030161910531215,-8.299561740553299e-05
2023-04-11,0.0055747683219642,0.0021646337482945,3.3086447141164e-05,0.0078856500834194,0.0030889930653872,3.3086447141164e-05
2023-04-12,0.0050839679614469,0.0047225549836695,3.297807684939e-05,-0.0004890087290343,6.359964498114934e-05,3.297807684939e-05
2023-04-13,0.0008757724412713,-0.0016635617970357,4.2536233722632e-05,-0.00097849595113,6.359560032342948e-05,4.2536233722632e-05
2023-04-17,-0.0067955121508301,0.0043315344801833,-4.6206752043715e-05,0.0107737175579101,0.00603146927816,-4.6206752043715e-05
2023-04-18,-0.0026373533282438,0.0036894858846199,-3.4816306096616004e-05,-0.0026647435466188,0.0188064809431542,-3.4816306096616004e-05
2023-04-19,-0.0023442830162407,-0.0089212465727583,-7.7640047035097e-05,-0.0099587045335691,-0.0056678344577942,-7.7640047035097e-05
2023-04-20,0.0003234746363958,0.0004081965543092,0.00010172153142189,0.0044161018790005,0.0016509631918559,0.00010172153142189
2023-04-21,-2.260708945023282e-05,-0.0012890661564954,-6.777662243568e-05,0.0007328430630324,0.0038248233241933,-6.777662243568e-05
2023-04-24,0.0067719737565652,0.0037981841949059,-5.8495990365740005e-06,0.0024407730325026,-0.0028188438676339,-5.8495990365740005e-06
2023-04-25,0.0014568576938982,0.0043192357798402,1.1705301454489e-05,-0.0009739692190059,-0.0149430817698419,1.1705301454489e-05
2023-04-26,0.0024958627615121,0.0038668632567522,3.1176899525244e-05,0.0065805621690613,0.016777934553243,3.1176899525244e-05
2023-04-27,0.0056951528101938,0.0026640737768233,-1.9421759172709997e-06,-0.0002420901142349,0.002915773974367,-1.9421759172709997e-06
2023-04-28,0.0083700136036979,0.0133924707311756,-4.2743581792384e-05,0.0043594163522551,0.0196387313953743,-4.2743581792384e-05
2023-05-02,0.0045751669319125,0.0065875251528944,1.1707585032391999e-05,0.0176030750120135,0.0007887469680909,1.1707585032391999e-05
2023-05-03,-0.0031850283648763,0.0017762244025694,0.000146170333254056,0.0040283925562059,-0.0014852957084094,0.000146170333254056
2023-05-04,0.0091737176073036,0.0062993867470142,8.6438136068327e-05,-0.0004720429140397,-0.017878533916432,8.6438136068327e-05
2023-05-05,-0.0102324068655403,-0.0001221672826664,-1.9040795758509998e-06,-0.0040141245589228,-0.0091178789130064,-1.9040795758509998e-06
2023-05-08,0.0108141231183243,0.0068307065132666,-6.2857491629464e-05,0.0118539591366158,-0.0093605415343067,-6.2857491629464e-05
2023-05-09,8.480038171931881e-05,-0.0010355673498126,3.8336356135527996e-05,-0.001405842850562,-0.002626203127322,3.8336356135527996e-05
2023-05-10,0.0026908205008338,0.0056592395545185,1.1457203458999e-05,0.007742886891717,0.0209383570257739,1.1457203458999e-05
2023-05-11,-0.0009882342854272,0.0077802300778022,-1.1444091730262e-05,0.0027939215309236,-0.0204142925007808,-1.1444091730262e-05
2023-05-12,0.0009728797753729,-0.0016125097878484,-8.783637461420499e-05,-0.0116090086729229,-0.0010599167331302,-8.783637461420499e-05
2023-05-15,0.0045891205221868,0.0047535289813904,7.1277005003345e-05,0.001409475539609,-0.0043717029188143,7.1277005003345e-05
2023-05-16,-0.0061063388070606,0.0013904117427285,-4.3993792579698e-05,0.0068026529102525,0.0003874950243598,-4.3993792579698e-05
2023-05-17,-0.0057282694884204,-0.0056185340162189,-8.2612932080431e-05,0.0,-0.0145556091328038,-8.2612932080431e-05
2023-05-18,-0.0028490536527011,-0.0099469124170668,-5.811464532663e-06,-0.0093196115621239,-0.0022596195956098,-5.811464532663e-06
2023-05-19,0.0040513721791914,0.0032363166456124,-2.9075697894019e-05,0.0126999273215846,-0.0003939564405004,-2.9075697894019e-05
2023-05-22,0.0060977618257063,0.009305465396586,0.000104976852632916,-0.0141662933324923,0.0006565512535816,0.000104976852632916
2023-05-23,0.0018346005688616,0.0021235341939405,-0.00010580978105119901,-0.0018846131829645,-0.0042003163242111,-0.00010580978105119901
2023-05-24,-0.0034117947119577,-0.0006413205507375,6.2220434167878e-05,0.0040123197528487,0.0005602818067369,6.2220434167878e-05
2023-05-25,0.0019551116867164,0.0055936393701931,-5.797086706484e-05,0.0,-0.0214740735874024,-5.797086706484e-05
2023-05-26,0.0097264208278746,0.0114380170615808,-2.3323407211919997e-05,-0.0011753464030203,0.0120162788992441,-2.3323407211919997e-05
2023-05-29,0.0053677985089635,0.0057719395128026,-2.9222973023187e-05,-0.001882838971391,0.0121725836946076,-2.9222973023187e-05
2023-05-30,0.0018925684396833,0.0004937166427976,-7.815731787578e-06,0.0011789492393408,0.0066374870172731,-7.815731787578e-06
2023-05-31,-0.0053370195013254,0.0024627087505364,-1.955088316881e-06,-0.0110691807852095,0.0053532951128421,-1.955088316881e-06
2023-06-01,-0.0025169624936233,0.0025065443548826,-2.738106526967e-05,-0.0064301130500342,0.0011364895569516,-2.738106526967e-05
2023-06-02,0.0025070443604549,0.0041916849609831,6.4718181112901e-05,0.0016778449850447,-0.0206266019590292,6.4718181112901e-05
2023-06-05,0.0032237875731377,0.0016525115536469,-0.000116913187390685,0.0040679149370908,0.0026491113567146,-0.000116913187390685
2023-06-06,0.0002769943144211,0.0046165981221486,6.900600664383e-05,0.0016682482447938,0.004590936715858,6.900600664383e-05
2023-06-07,0.0068498516385289,0.0094231396685771,-1.5664385517027e-05,0.0076136022868942,0.0023670460711939,-1.5664385517027e-05
2023-06-08,-0.0049048192636628,-0.0066293191913671,-5.6874074520733e-05,0.0070838975812745,-0.0089212650061104,-5.6874074520733e-05
2023-06-09,-0.0038181972541345,-0.0009552209431985,5.1281719451818e-05,0.0039858889299724,-0.0082733891230786,5.1281719451818e-05
2023-06-12,0.0020524046550352,0.0046376859884817,-5.886730737013e-06,0.0030359894685134,0.0098106760672365,-5.886730737013e-06
2023-06-13,0.0061635024393194,0.0095193005177924,-7.854096856009e-06,0.0044237164920595,-0.0188359872889832,-7.854096856009e-06
2023-06-14,0.0021238341844009,0.0023245079532758,-6.4845356713552e-05,0.0064904678548525,0.0090598899519642,-6.4845356713552e-05
2023-06-15,-0.0036149041015322,0.0003366024654645,-7.911422369743199e-05,-0.0009211677226343,-0.007710111056205,-7.911422369743199e-05
2023-06-16,0.007379048352023,0.0102064790644844,9.968102103688301e-05,0.0048409193015674,-0.0024894186885148,9.968102103688301e-05
2023-06-19,-0.0037475183921172,-0.0016436159443845,-2.5661482137149e-05,-0.003900022552133,-0.0019893324162885,-2.5661482137149e-05
2023-06-20,0.0032657175674986,0.003692509382785,-7.915515890822001e-06,0.0076002267381649,-0.0156779567658515,-7.915515890822001e-06
2023-06-21,0.002133763746672,-0.0004701589567682,-7.922390821577301e-05,0.0066285923549107,0.0026775101255469,-7.922390821577301e-05
2023-06-22,-0.0045394438174043,-0.0118094144706253,-4.5917257244098e-05,-0.008628543601625,0.0161930793997793,-4.5917257244098e-05
2023-06-23,-0.0056336152360657,-0.0127687580297665,-2.2061895107302e-05,-0.0084745518364149,-0.0112858671954831,-2.2061895107302e-05
2023-06-26,0.0013768299134766,0.0040495067798504,4.8241543410412e-05,-0.0018480441063236,0.0010562993072937,4.8241543410412e-05
2023-06-27,0.0067519034171119,0.0043249174136601,-3.8008088623068e-05,-0.0009257328482962,-0.0029272825989368,-3.8008088623068e-05
2023-06-28,0.0082210728123248,0.0063169998189431,-5.0200803981931e-05,0.0083391388839699,-0.006349695652043,-5.0200803981931e-05
2023-06-30,0.0114352747635688,0.0065535170490569,-4.8435492929336996e-05,0.015851193676909,0.0020269749216756,-4.8435492929336996e-05
2023-07-03,0.0069570924336936,0.0039897047136372,5.069965383034999e-05,-0.0009045887476958,0.0113145573790396,5.069965383034999e-05
2023-07-04,0.0034389465191355,-0.0037940331685099,6.4568136795224e-05,-0.0006790126548134,-0.0063738121145585,6.4568136795224e-05
2023-07-05,0.0004899685388621,0.0079939482770148,2.0047809137881e-05,0.003624005478648,0.0015695958184223,2.0047809137881e-05
2023-07-06,0.0050932175812563,0.0059876113743537,-1.6006005820351e-05,0.0218911617229276,0.0065408719393791,-1.6006005820351e-05
2023-07-07,-0.0084883544577184,-0.0083295933590028,2.4047881405881e-05,-0.0099380954146124,0.0217288212471631,2.4047881405881e-05
2023-07-10,0.0012466303397029,-0.0055122045622407,1.9988647424420003e-06,-0.0089226301481392,-0.0036105733290351,1.9988647424420003e-06
2023-07-11,0.0043139300324381,0.0075606020666549,2.5984623483346e-05,0.0110285361333308,0.0058178564530178,2.5984623483346e-05
2023-07-12,-0.0028344294714754,0.0025413641681384,-1.1961996306527e-05,0.0013357385515766,-0.010543985425771,-1.1961996306527e-05
2023-07-13,0.0015192303855748,-0.0064645150685802,8.3832733819249e-05,-0.0128945758617182,-0.0008018015530417,8.3832733819249e-05
2023-07-14,0.0077651149314275,0.0074219200983955,1.3855838121524999e-05,0.0015765696490668,0.0160142024220979,1.3855838121524999e-05
2023-07-17,0.0075110132510414,0.0028727145620768,-1.976645064627e-05,-0.0033730947101722,0.0144456630915967,-1.976645064627e-05
2023-07-18,0.0019177068530324,-0.0042719459292996,3.3669669893834e-05,-0.0018050094067749,-0.0003242420440047,3.3669669893834e-05
2023-07-19,0.0042482823714824,0.0052918445365497,7.1062102533732e-05,0.0099457190328984,-0.005451381413963,7.1062102533732e-05
2023-07-20,0.0073614124394989,-0.0014319152907023,1.1760363142427002e-05,0.0020143274837325,-0.001239658698936,1.1760363142427002e-05
2023-07-21,-0.011719737128305,-0.0037440311860208,-8.418173252968701e-05,0.0011168022459082,0.0067616635260721,-8.418173252968701e-05
2023-07-24,-0.0036794322929856,-0.0001799086506091,0.0,0.0116019737015689,0.0033423017636005,0.0
2023-07-25,0.0004193703428323,0.0052233298002406,-1.3820274968492001e-05,0.0108072712134481,-0.0016496647210301,-1.3820274968492001e-05
2023-07-26,0.0049643391875346,0.0036187363617867,5.1403383179311e-05,-0.0002182442904397,-0.0199208504183097,5.1403383179311e-05
2023-07-27,-0.0059863783008722,0.0028764696560892,1.7702626341025e-05,0.0,0.0182437831733914,1.7702626341025e-05
2023-07-28,-0.0007044597937843,0.0105142405485054,-5.1050880556158995e-05,0.0159318975796236,0.0059719657978607,-5.1050880556158995e-05
2023-07-31,0.0054845628365591,0.0026701611523638,-1.97322318818e-06,0.0249194385912809,0.0066146957785191,-1.97322318818e-06
2023-08-01,-0.0010251191770254,-0.00052443306026,5.921590877857e-06,0.0050304272285115,-0.0169883434720983,5.921590877857e-06
2023-08-02,-0.0104897492749598,-0.0136412921906845,-1.97244462499e-06,-0.022106389080817,0.0050869948410123,-1.97244462499e-06
2023-08-03,-0.0074206854169113,-0.0051796584662698,-2.7624188793491e-05,-0.0076775563027846,0.0141317837430556,-2.7624188793491e-05
2023-08-04,0.0069833892701145,0.0078904145732785,-7.914704155664e-06,0.0062325579870072,-0.009800105581183,-7.914704155664e-06
2023-08-07,0.0041144018676027,0.0016407733441303,-1.979865650139e-06,-0.0006407257473816,0.0029593973297417,-1.979865650139e-06
2023-08-08,-0.0013497354646058,7.840648062584776e-06,1.3864070607483e-05,0.0002136850040086,-0.0028194324285849,1.3864070607483e-05
2023-08-09,0.0031527078847637,0.0024386837815637,-3.75795957764e-05,0.008333320427484,0.0019725136828154,-3.75795957764e-05
2023-08-10,-0.0045562684580157,-0.0060514172319736,-2.7794201432831998e-05,-0.0006357020591201,0.0155853667578105,-2.7794201432831998e-05
2023-08-11,-0.0058741361615907,-0.0024498355963499,-1.9908117665222e-05,0.0046649962132092,0.0050401007483709,-1.9908117665222e-05
2023-08-14,0.0003216956578122,-0.0125194198477965,-7.979436400368e-06,-0.0023216675363392,-0.0014466980868265,-7.979436400368e-06
2023-08-16,0.0015667570139761,2.272275399772816e-05,3.992904312786e-06,0.0093082001787185,-0.0037343515019792,3.992904312786e-06
2023-08-17,-0.0051245825841254,-0.0026561940819932,-5.7872862102387e-05,-0.0052399917165658,-0.0097908228254484,-5.7872862102387e-05
2023-08-18,-0.0028452826260957,-0.0048265618422703,-1.4050520925933999e-05,-0.0092709362662617,-0.0029042258040273,-1.4050520925933999e-05
2023-08-21,0.0043215209131937,0.0080789917240906,-1.4070290416928e-05,0.0108464125173992,0.0091639238175074,-1.4070290416928e-05
2023-08-22,0.0001469355577301,0.0065994965881222,4.4283659289794005e-05,0.0117820615963268,-0.005675428425605,4.4283659289794005e-05
2023-08-23,0.0024515199000461,0.0004850590531195,-1.8036102171502e-05,0.003119183310521,0.0,-1.8036102171502e-05
2023-08-24,-0.0029469646806212,0.0035764570085239,4.4167315788075e-05,-0.0060116273929732,-0.0075672240553831,4.4167315788075e-05
2023-08-25,-0.0062361537740819,-0.0093709586561361,-1.7989237414319002e-05,-0.0081334595087194,-0.0073284178672112,-1.7989237414319002e-05
2023-08-28,0.0020891942389009,0.0054187278101553,-2.8033518922357003e-05,0.0092514426830121,-0.0002979776418179,-2.8033518922357003e-05
2023-08-29,0.001895758474361,0.0059321065274673,3.6144640147268e-05,0.003541628519694,0.0075838100484078,3.6144640147268e-05
2023-08-30,0.0002480956863764,0.0034504067758538,7.2028934303478e-05,-0.0010379746514663,-0.0007887031326391,7.2028934303478e-05
2023-08-31,-0.0048403506033882,-0.0073251272538316,1.986158423301e-06,-0.0043640708465084,0.0038155490271809,1.986158423301e-06
2023-09-01,0.0094267101889176,0.00865125913251,3.9722856742380006e-06,0.0313087039193764,0.005144588424055,3.9722856742380006e-06
2023-09-04,0.0048108337016425,0.0089565231948838,1.3897100716415e-05,0.0232746717148419,0.0088673701254764,1.3897100716415e-05
2023-09-05,0.0023605960187407,0.0020597235127541,-1.7843012497671e-05,0.0035601325214928,-0.0007429988108519,-1.7843012497671e-05
2023-09-06,0.0018467726478093,0.0047257119054373,-7.943813712454e-06,-0.0025621021642654,-0.0051742763944649,-7.943813712454e-06
2023-09-07,0.0059150323607803,0.005080477517505,-2.7828105848557e-05,0.0181781892481767,-0.009264353517508,-2.7828105848557e-05
2023-09-08,0.004709190366575,0.0081209987912145,7.973074942646e-06,0.0178537163872825,0.0149614328298817,7.973074942646e-06
2023-09-11,0.0089001434200508,0.010299071572253,-9.958023894091e-06,0.0074356412578739,-0.0139326070823473,-9.958023894091e-06
2023-09-12,-0.0001575482868895,-0.0229758847500394,-2.7910564209393e-05,-0.0372823848412998,0.0089169609344241,-2.7910564209393e-05
2023-09-13,0.0038413452699443,0.0030780308498248,-2.7988682200562998e-05,0.0139572029502226,0.0044840535252734,-2.7988682200562998e-05
2023-09-14,0.0016492082399102,0.0069159323893002,0.0,0.0108568735694885,-0.0121953868080486,0.0
2023-09-15,0.0044396138771742,0.0017544102638311,4.8115047840875e-05,-0.0044111918858593,0.0189939972420079,4.8115047840875e-05
2023-09-18,-0.0029243168460981,-0.0005602550250337,6.3846708229007e-05,0.015411274116974,-0.0139799915619381,6.3846708229007e-05
2023-09-20,-0.011518249945432,-0.0088081062109103,-1.1894837475665e-05,0.007778407409096,-0.0095826457311685,-1.1894837475665e-05
2023-09-21,-0.0079919391664983,-0.008536687488858,-2.1834181822036002e-05,-0.0163779922699237,-0.0010858232770053,-2.1834181822036002e-05
2023-09-22,-0.0034494176591149,-0.0012203792891504,-9.946138174905e-06,-0.0001913554360422,0.0013507574182851,-9.946138174905e-06
2023-09-25,1.5288066889551644e-05,-0.0023253670367009,0.0,0.0011484984047862,0.0012829076865801,0.0
2023-09-26,-0.0005007261720755,0.0019513504879415,-3.9824921958983e-05,0.0032505159870463,0.0015114715997759,-3.9824921958983e-05
2023-09-27,0.0026316191986632,0.0014106439086012,-6.3974348639684e-05,0.0036210905715401,-0.0082675667808507,-6.3974348639684e-05
2023-09-28,-0.0097836296667737,-0.014899646591954,-6.6398757744238e-05,-0.0026585527925199,-0.006086967995564,-6.6398757744238e-05
2023-09-29,0.0058775169171687,0.0109508594551288,-1.6203771133921e-05,0.02018281348157,0.0005656893122805,-1.6203771133921e-05
2023-10-03,-0.0055784246544688,0.0033328759512001,-9.332503062051e-05,-0.0130645901272391,-0.0014967852527718,-9.332503062051e-05
2023-10-04,-0.0047443072713306,-0.0138513709771116,-9.6252550292598e-05,-0.0121028626460133,0.0065297440094307,-9.6252550292598e-05
2023-10-05,0.0056415841052857,0.0024415349165265,-2.2746197056088e-05,-0.0017228206297127,0.0003642764840592,-2.2746197056088e-05
2023-10-06,0.0055127073660514,0.0062850281974529,2.694322655238e-05,0.0026845519760716,0.006716656325969,2.694322655238e-05
2023-10-09,-0.0071819467588469,-0.0120865864126968,0.00010334848883034099,-0.0093708485348542,-0.0008545189496071,0.00010334848883034099
2023-10-10,0.0090968029762401,0.0134910326314994,1.0228976261861e-05,0.0200772380472018,-0.0029935523214457,1.0228976261861e-05
2023-10-11,0.0061706921287072,0.0051293281038453,4.9049225888548e-05,0.0015139669970933,0.0064999072870917,4.9049225888548e-05
2023-10-12,-0.0008757409120068,0.0023199836624516,4.4742979234453e-05,0.0098261616733921,0.0100963524916617,4.4742979234453e-05
2023-10-13,-0.002169809980297,-0.001140205962463,2.0247477233077e-05,0.0013098745625572,-0.0034724967689871,2.0247477233077e-05
2023-10-16,-0.0009772027556287,0.0028957290024069,0.000153566032684917,0.0076621166188135,0.0049172737342328,0.000153566032684917
2023-10-17,0.0040417094276989,0.0036392670003528,1.1940571799207e-05,0.0122404244162139,0.0,1.1940571799207e-05
2023-10-18,-0.0070868127413371,-0.0102332366312579,9.3420272943061e-05,-0.0082447920088455,0.0032083340887836,9.3420272943061e-05
2023-10-19,-0.0023588102112444,-0.0032302569245515,2.5600841126494e-05,-0.0016626667432472,-0.005394679570585,2.5600841126494e-05
2023-10-20,-0.0041808960845935,-0.0094909684932572,0.000133569103754445,-0.0072168649711547,0.0022085202293138,0.000133569103754445
2023-10-23,-0.0133503074255556,-0.0193702354168175,-9.691652822768e-06,-0.019944075757539,-0.0123143273733665,-9.691652822768e-06
2023-10-25,-0.008277236732921,-0.0060914063260062,-2.522333445983e-05,-0.0051350408589032,-0.0156178978197972,-2.522333445983e-05
2023-10-26,-0.0138530649123475,-0.0097688079376895,8.169655415077999e-05,-0.0074556144925822,-0.005566338704669,8.169655415077999e-05
2023-10-27,0.0100757003274603,0.019607159055228,-3.6658775746445e-05,0.0202234801384459,0.0235964958498628,-3.6658775746445e-05
2023-10-30,0.0049167407696648,0.0015763116623894,7.3586574865724e-05,0.0013214969456496,0.0149973837580723,7.3586574865724e-05
2023-10-31,-0.0032026069828995,0.0025622570637779,7.689526177498e-06,0.0018853407314294,0.0054521131654674,7.689526177498e-06
2023-11-01,-0.0047406245729368,-0.0053602439991871,-5.7626401045722e-05,-0.008091838730046,0.007925121109767,-5.7626401045722e-05
2023-11-02,0.0075885232572669,0.0152559409004926,1.7387974402318e-05,0.0064503919274028,-0.0004774356226036,1.7387974402318e-05
2023-11-03,0.0050879808383312,0.0097612527529811,-9.643054683117e-06,0.0109331166709896,0.0158208417480121,-9.643054683117e-06
2023-11-06,0.0094199033989916,0.0076294801993983,-9.652362509066e-06,0.0134252730126072,0.0038938648795954,-9.652362509066e-06
2023-11-07,-0.0002601919584787,0.0080891487099017,-7.536220089824899e-05,0.0011039811403046,-0.0080748629040939,-7.536220089824899e-05
2023-11-08,0.0018962926582819,0.0066149555106138,7.788340158096e-06,0.0073516178459966,-0.0026924693368076,7.788340158096e-06
2023-11-09,-0.002478937369815,-0.0051095003580701,-8.9494724808192e-05,0.0007297409200497,0.0088375376554292,-8.9494724808192e-05
2023-11-10,0.0015492839458333,0.001397289192238,7.2635013065749e-05,0.008021922582438,-0.0067533077212336,7.2635013065749e-05
2023-11-13,0.0009369804014345,0.0057409425312002,-7.40598436844e-05,0.0245975870470573,-0.0059011304482022,-7.40598436844e-05
2023-11-15,0.0119267535086042,0.0095430106956027,0.000104064161814467,0.0049426085040609,0.014582369503769,0.000104064161814467
2023-11-16,0.0045615222809993,0.0035756172453864,-1.3602739228446e-05,0.0043913577842942,0.0013039204775389,-1.3602739228446e-05
2023-11-17,-0.0016897597201204,0.0052949346955259,9.145772062371301e-05,-0.0017488365440256,0.0007303887084564,9.145772062371301e-05
2023-11-20,-0.0019157289123818,-0.002590864571157,-3.8565514960586e-05,-0.0015767370304975,0.0078382398663889,-3.8565514960586e-05
2023-11-21,0.004539473475424,2.89309124792414e-05,4.2586376568513996e-05,0.000701826630147,0.0041248969306117,4.2586376568513996e-05
2023-11-22,0.0014380348265852,-0.0037908432464829,5.589766670384701e-05,0.001578119489993,-0.0153027440795019,5.589766670384701e-05
2023-11-23,-0.0004971574875239,0.0028878175176636,-2.8751718697764e-05,-0.0014005255226425,0.0114323404436955,-2.8751718697764e-05
2023-11-24,-0.0003686890844358,-0.0014525973473297,2.4990593420080002e-05,0.0066619433260655,0.0069583164190143,2.4990593420080002e-05
2023-11-28,0.0047992646389904,0.0118907095654692,2.8762743392674e-05,0.0047022024795133,-0.0153836806300491,2.8762743392674e-05
2023-11-29,0.0104023891135545,0.0069028271019928,0.000143403443774534,0.0020801308621711,0.0085743074363964,0.000143403443774534
2023-11-30,0.0018187545137213,0.0112218675967359,1.8850573092656e-05,0.0088219738698851,0.0143890088993312,1.8850573092656e-05
2023-12-01,0.0066929416105065,0.0097042093602475,2.6340430033717002e-05,0.0128600823718207,-0.0138123307400084,2.6340430033717002e-05
2023-12-04,0.0206681690037693,0.019353929637806,8.0690616961593e-05,0.0277636600325246,-0.0016681895439214,8.0690616961593e-05
2023-12-05,0.0081355657602475,0.0103703155733192,-0.00014519779900778099,0.0159776187667777,-0.0014188827673267,-0.00014519779900778099
2023-12-06,0.0039606432442005,0.0116145526715427,-2.0777634776666002e-05,0.0001620998943536,-0.0620383226228548,-2.0777634776666002e-05
2023-12-07,-0.001745599062397,0.0079824057977604,3.7856699093397e-05,0.0113470704899056,0.0738833746935283,3.7856699093397e-05
2023-12-08,0.0032653705047074,-0.0061242709813086,-1.6971554716125e-05,-0.0062509920414127,0.0215021591075303,-1.6971554716125e-05
2023-12-11,0.0013209351833629,0.0104902499567762,-0.00017378129822639602,0.010806422079763,0.0133168369403144,-0.00017378129822639602
2023-12-12,-0.0043196070141755,-0.0063834857830312,-3.2680119597577e-05,-0.0100526132411816,0.0013023608605824,-3.2680119597577e-05
2023-12-13,0.0009542158562574,0.0090586853086815,-3.856633298916e-06,0.0119277539143995,0.0084372308373339,-3.856633298916e-06
2023-12-14,0.0122500872899569,0.0127151300135548,0.00018714979196174202,0.0033450605806506,0.0001499378714884,0.00018714979196174202
2023-12-15,0.0129327792008919,0.0006143874387221,1.894344010415e-06,0.0201619371951504,-0.0185902530539945,1.894344010415e-06
2023-12-18,-0.0017710126840955,0.0066140483909504,-6.0594524995801006e-05,0.0010893198334451,-0.0091045319744696,-6.0594524995801006e-05
2023-12-19,0.0016083748565725,0.0016481371054091,1.9050956548571e-05,0.009482365816708,0.0352111575032807,1.9050956548571e-05
2023-12-20,-0.0141214660942333,-0.0294460799442373,4.5636371509876e-05,-0.0215583842507873,-0.0104245931895051,4.5636371509876e-05
2023-12-21,0.0049597940765233,0.01329633538713,5.678360449958e-06,0.0165249513256884,-0.0083368108288677,5.678360449958e-06
2023-12-22,0.0044389265566107,0.0082171241111914,6.2428681904478e-05,0.0055736279727944,-0.0167233913954627,6.2428681904478e-05
2023-12-26,0.0043068759341071,0.0094496296492376,5.0761508692366995e-05,0.0203233218913945,0.0283974813348295,5.0761508692366995e-05
2023-12-27,0.0099527499207277,0.0046790950854043,3.1799847840243004e-05,-0.0042251213743824,-0.0099947688919895,3.1799847840243004e-05
2023-12-28,0.0057238813077962,0.0053891660996026,3.9157016649307e-05,0.0197000014220571,-0.0151893067658789,3.9157016649307e-05
2023-12-29,-0.0021717930740454,0.0071878726820422,-3.3432448860631e-05,-0.0060930845078167,-0.0005542262398015,-3.3432448860631e-05
2024-01-01,0.0004831718072126,0.0,1.4909025583709e-05,0.0043361382690925,0.0076392816425465,1.4909025583709e-05
2024-01-02,-0.003500136051024,-0.0012616183820046,5.0241279239593005e-05,0.001191035182902,0.0051049371066762,5.0241279239593005e-05
2024-01-03,-0.0068518663756694,0.0075613826193046,-8.8872349037818e-05,-0.0028253151138475,0.0071167599427035,-8.8872349037818e-05
2024-01-04,0.0065644701863494,0.0126600820685525,-4.4834274097228e-05,0.0186400245378448,0.0026576093637629,-4.4834274097228e-05
2024-01-05,0.0024101822286055,-0.0011902001322636,-2.8148155995846e-05,0.0035134753585401,0.0015962344843465,-2.8148155995846e-05
2024-01-08,-0.009110708685643,-0.0104309596603754,-5.4572999408771e-05,-0.0026258249039008,-0.0116974073578047,-5.4572999408771e-05
2024-01-09,0.0014804820050666,0.0043133212617336,3.216688525087e-05,0.0033639859338832,0.017525538836737,3.216688525087e-05
2024-01-10,0.0034277152411805,0.0021682467388344,-1.8861238769324e-05,-0.0053935149477748,0.0214401131930586,-1.8861238769324e-05
2024-01-11,0.0013183031833516,0.0095779520738337,-1.5116783659369998e-05,-0.001758797313174,0.024590871871019,-1.5116783659369998e-05
2024-01-12,0.0114264926377058,0.0026979623043694,2.8387873854227e-05,0.0041109789573885,-0.0001142850658597,2.8387873854227e-05
2024-01-15,0.0092670746948486,0.0035392718604625,4.9065543177526e-05,0.0210557457853144,-0.010058437958003,4.9065543177526e-05
2024-01-16,-0.0029482333845447,-0.0021797835034701,-3.7558828721023e-05,-0.0047257886639197,0.0102760975763542,-3.7558828721023e-05
2024-01-17,-0.0208943935120824,-0.0111397845355339,-7.163073960042e-05,-0.0043165906727742,0.0043430351357682,-7.163073960042e-05
2024-01-18,-0.0050852715087356,-0.0047568603712671,-3.4174387077279e-05,-0.0083814194687603,0.0093025043473558,-3.4174387077279e-05
2024-01-19,0.0074619571864553,0.0140986866066314,6.6679074667408e-05,0.0212765815510751,-0.0095550915494709,6.6679074667408e-05
2024-01-23,-0.0177408429427344,-0.0258513367316163,3.785097976138e-06,-0.0184075468296535,0.0061185502410454,3.785097976138e-06
2024-01-24,0.0101299710711508,0.0171424471081089,9.458803723652e-06,0.0254397438102809,0.0039037452624925,9.458803723652e-06
2024-01-25,-0.0047240537554001,0.0015394177191929,-3.5909776461333995e-05,0.0123334666188035,-0.0146795562833383,-3.5909776461333995e-05
2024-01-29,0.0180305914522447,0.0132773683386517,4.7420332741157005e-05,0.0407505375084991,0.0116953069413487,4.7420332741157005e-05
2024-01-30,-0.0099136981024832,-0.0033883571846393,3.0205747352252e-05,-0.0082077585152902,-0.0077163602673294,3.0205747352252e-05
2024-01-31,0.0094600254190029,0.008628188493654,4.140737842708e-05,0.0090896510279085,0.023015476371323,4.140737842708e-05
2024-02-01,-0.0013003033741542,0.0037903147420625,2.0618671695916998e-05,0.0051089660775032,0.0169845573481319,2.0618671695916998e-05
2024-02-02,0.0072059881750932,0.007772620160664,2.2447203261715e-05,0.0377207011001083,0.0091717770654216,2.2447203261715e-05
2024-02-05,-0.0037568550808078,-0.004834604300888,-0.00011198250621757101,0.0207527787103904,-0.0072165363011544,-0.00011198250621757101
2024-02-06,0.0072434021015312,0.0142913558042594,-7.550191746501e-06,0.0044197305635904,-0.0035522765277555,-7.550191746501e-06
2024-02-07,5.014315737827957e-05,0.0163135573433836,5.1001221149911e-05,-0.0052803390006413,0.0012340514170585,5.1001221149911e-05
2024-02-08,-0.0096920171108729,0.0047763353951439,-3.006950764237e-05,0.0136500779091139,-0.001643568133776,-3.006950764237e-05
2024-02-09,0.0029722318898448,-0.0039507113915803,0.0,-0.0184538127662796,-0.0043348701280381,0.0
2024-02-12,-0.0076414194307357,-0.0193129591040414,-4.9010051889231e-05,-0.0473831719905082,0.0012300657819912,-4.9010051889231e-05
2024-02-13,0.0058844800115076,0.0101085612343883,3.7886829734420002e-06,0.0166688896600692,0.0121457975850689,3.7886829734420002e-06
2024-02-14,0.0044519922849619,0.0136984683638523,-0.000134444779531668,0.0280692477650947,0.0175447832363797,-0.000134444779531668
2024-02-15,0.0032371361888359,0.0089037392914477,1.3435642394305999e-05,0.0367441309483704,-0.0001626012562367,1.3435642394305999e-05
2024-02-16,0.0059308430222606,0.0068788144679061,3.4502647401457004e-05,-0.0022151156835317,-0.0024133533642136,3.4502647401457004e-05
2024-02-19,0.0037000088082788,0.0,5.539654708313e-05,-0.000246722644415,2.7360189195801965e-05,5.539654708313e-05
2024-02-20,0.003376655573009,0.0020525329486078,-1.5197191733469002e-05,0.007895378841898,-5.4338889041383176e-05,-1.5197191733469002e-05
2024-02-21,-0.00639270001033,-0.0054491238777076,1.5220322349167e-05,-0.0219093433659096,-0.0244088923394057,1.5220322349167e-05
2024-02-22,0.0073633218581414,0.0104904387144288,1.519791641001e-05,0.0156425972057951,-0.0139584724246647,1.519791641001e-05
2024-02-23,-0.0002137959201901,0.0026229258123018,-5.3111264702357005e-05,0.0019713655186728,0.0283688265453856,-5.3111264702357005e-05
2024-02-26,-0.0040809285088362,0.0007573616423304,5.1487502828833e-05,-0.0012296910292224,0.014644750870695,5.1487502828833e-05
2024-02-27,0.0034489943486464,-0.0008091810207822,1.5177733341728999e-05,0.000738704231618,-0.0062553943559952,1.5177733341728999e-05
2024-02-28,-0.0111359278099485,-0.0129051443460771,-3.5992126939017e-05,-0.0146407782883648,-0.0040875863743946,-3.5992126939017e-05
2024-02-29,0.0014418556686905,0.0103455849674074,3.4220591330309e-05,0.0007492220093896,0.0227927630770454,3.4220591330309e-05
2024-03-01,0.0161921687000685,0.0087368474165903,2.2736405713805e-05,0.0178415505670834,0.0117976422855146,2.2736405713805e-05
2024-03-04,0.0029925402887358,0.0073512537443232,0.000187145148433542,0.0256189788058454,-0.0124269275387149,0.000187145148433542
2024-03-05,-0.0022002905070378,0.0006197821346218,0.000135461041103026,0.0111150989067543,0.0271478896765311,0.000135461041103026
2024-03-06,0.0052669715420341,-0.0029217414318747,1.8308731375675e-05,-0.0074467761794426,-0.0253615401735749,1.8308731375675e-05
2024-03-07,0.000867667346212,0.0086579272260185,0.00013157847038451,-0.0004763715010817,0.0118472288510644,0.00013157847038451
2024-03-11,-0.0071531788017711,-0.0002113590190662,0.000102813800314491,-0.0142975925637901,0.003145421010108,0.000102813800314491
2024-03-12,0.000136518866846,-0.015485515413752,-1.2497714144244999e-05,-0.0175269493388119,-0.0108027532208102,-1.2497714144244999e-05
2024-03-13,-0.0151327252704165,-0.0375168998674588,-8.401812970039099e-05,-0.0648375580981031,0.017899055678793,-8.401812970039099e-05
2024-03-14,0.0067712159528048,0.0239835382564317,6.6702528167004e-05,0.0190763966253204,0.0078764764792229,6.6702528167004e-05
2024-03-15,-0.0055674686273187,-0.007884430395995,-1.9699249650962e-05,-0.0148463921956001,0.0,-1.9699249650962e-05
2024-03-18,0.0014688778023679,0.0062557134123117,-4.1270329109193e-05,0.003014065840547,-0.0008310291285782,-4.1270329109193e-05
2024-03-19,-0.0108021966402886,-0.0174472079225291,1.9819929793074e-05,-0.0126731278952251,-0.0046511129458565,1.9819929793074e-05
2024-03-20,0.0009923428906801,0.0031139650649323,1.9780724535918e-05,0.0078073834811138,-0.0334933437959068,1.9780724535918e-05
2024-03-21,0.0079146856998078,0.0232167057383594,0.00017587931097750898,0.0292804046784533,0.013504964728755,0.00017587931097750898
2024-03-22,0.0038524885010076,0.004592760698491,-0.000125220295400194,0.0049751166307565,0.0019989425910393,-0.000125220295400194
2024-03-26,-0.0041658063402989,0.0103499402535236,5.5366592123708e-05,0.0013963012446818,-0.0013300008478093,5.5366592123708e-05
2024-03-27,0.0054057167831516,0.0018427500773392,-1.4209239332415001e-05,-0.0011407825907834,0.0041280560269552,-1.4209239332415001e-05
2024-03-28,0.0091870010785439,0.0118941971566879,6.9370220772038e-05,0.014086301616289,-0.0196801275885366,6.9370220772038e-05
2024-04-01,0.0060509791780918,0.0166649473598954,0.000302066607672844,0.0182705420793884,-0.0077650031683565,0.000302066607672844
2024-04-02,-0.0003872860275131,0.0100511723008673,5.4869632458624995e-05,0.0137642261199819,0.0106342758522559,5.4869632458624995e-05
2024-04-03,-0.0008306302403686,0.0027250965517457,2.2169350182186e-05,0.0094556770456586,0.0034535820764909,2.2169350182186e-05
2024-04-04,0.0035659124883635,-0.0042419877250244,6.976345826418e-05,-0.0044433185073066,0.0095986504996017,6.976345826418e-05
2024-04-05,-4.224679746289706e-05,0.0086415930529915,-2.5346658517301e-05,0.0063932300306583,-0.0025298065346788,-2.5346658517301e-05
2024-04-08,0.0067781647528144,0.0047451116191559,0.000199898412599939,0.0057533663571593,-0.0009079001591648,0.000199898412599939
2024-04-09,-0.0010390218270411,-0.0031677944473775,5.6469051280150005e-05,-0.0013109355923104,-0.0118385530935465,5.6469051280150005e-05
2024-04-10,0.0049044741142307,0.008462560240797,1.1560643386658001e-05,0.0113364786831264,-0.0124132032813392,1.1560643386658001e-05
2024-04-12,-0.0103015928142499,-0.0040678378034108,0.00021280121053397698,-0.0081416217275073,-0.0248370618452898,0.00021280121053397698
2024-04-15,-0.010963897188301,-0.0168025879865248,-0.00010983690952217,0.0008327349138383,-0.007862682292574,-0.00010983690952217
2024-04-16,-0.005594325260972,0.0007958883427996,0.00010779027475851,0.0049923429460563,-0.0096515564832653,0.00010779027475851
2024-04-18,-0.0068652458503182,-0.0011006047818555,1.1310340202705001e-05,-0.0150207478015523,0.0400400081430736,1.1310340202705001e-05
2024-04-19,0.0068717686886063,-0.0016341682507065,4.5190864772672e-05,-0.0002401133928856,0.0029676902199724,4.5190864772672e-05
2024-04-22,0.0085519659829773,0.0128579257026091,-8.0334188064937e-05,0.0025222084924889,-0.0155895505951525,-8.0334188064937e-05
2024-04-23,0.0014147135985376,0.0018330513078632,-0.0002413348943893,0.0063495719605359,0.0130810572823498,-0.0002413348943893
2024-04-24,0.0015379287654238,0.0076251386424186,7.9667973815158e-05,0.0113094874790735,0.0090386605053112,7.9667973815158e-05
2024-04-25,0.0074969296067168,0.0067488675545313,2.140640031206e-05,0.0104767442215529,0.007432549647633,2.140640031206e-05
2024-04-26,-0.0066636269808832,0.0067515152830708,7.7226621095889e-05,0.0054753173433637,-0.021620325747274,7.7226621095889e-05
2024-04-29,0.0099666225688024,0.0055118496300958,-4.8919930047909996e-06,0.0018538253578417,-0.0170710250493206,-4.8919930047909996e-06
2024-04-30,-0.0017025173156396,0.0063957464019042,-6.8515199701894e-05,0.005204081668666,0.0107914725492586,-6.8515199701894e-05
2024-05-02,0.001917712797214,0.0170777045246184,-4.928152672102e-06,0.0139208365159051,-0.0085908973239724,-4.928152672102e-06
2024-05-03,-0.0076098592965534,-0.0036109030358499,-6.0805084825452995e-05,0.0061273225048965,-0.0098992694735898,-6.0805084825452995e-05
2024-05-06,-0.0014749338156797,-0.0126667968542127,3.9682817507165e-05,-0.0156760958424746,-0.0092283494530891,3.9682817507165e-05
2024-05-07,-0.006246985595782,-0.0154001684555088,-6.587765929376e-06,-0.0262374077400943,0.0006962322921888,-6.587765929376e-06
2024-05-08,0.0,0.0132457541140429,-2.9663860295074e-05,0.015295953458448,0.0143824508578127,-2.9663860295074e-05
2024-05-09,-0.0154691178119045,-0.0211957140431509,-1.3223443149534e-05,-0.0293197213171151,0.0086040544281005,-1.3223443149534e-05
2024-05-10,0.004449469144939,0.0082493071932272,0.00024826217236977,0.0156398940446911,0.0002550120654962,0.00024826217236977
2024-05-13,0.0022149680905385,0.0065723700911979,-0.000124353466704814,-0.0064652997970008,-0.0169439780930916,-0.000124353466704814
2024-05-14,0.0051483245877055,0.0147682577543322,6.540817634019e-06,0.0176290292515799,-0.0005186826492912,6.540817634019e-06
2024-05-15,-0.0007786004689536,0.0051895471649199,8.4981282796874e-05,0.0167421785402461,-0.0108428756683391,8.4981282796874e-05
2024-05-16,0.0091573776762647,0.0103056343227894,4.6994153270099e-05,0.0030875275229653,0.0054810167704235,4.6994153270099e-05
2024-05-17,0.002778540343975,0.0118341578134302,-6.451760568926e-06,0.0111718617635834,-0.0159762093631951,-6.451760568926e-06
2024-05-21,0.0028020516676037,0.0169391599877337,0.000108134601927469,0.0447576252231405,0.0263715627476994,0.000108134601927469
2024-05-22,0.00305161547495,0.0012675524880296,7.983272586276e-06,0.0097118975252177,-0.0245744148494573,7.983272586276e-06
2024-05-23,0.016366619608483,0.0071939040587165,-0.000169113172962681,-0.0006412050741629,-0.0043852159168267,-0.000169113172962681
2024-05-24,-0.0004593757337192,0.0031016238741259,-0.000118467957625781,0.0080205323801336,0.0085431751710243,-0.000118467957625781
2024-05-27,-0.0010737589261899,0.0014927136561004,1.8065464190211e-05,-0.0096541867333524,-0.0035760159246257,1.8065464190211e-05
2024-05-28,-0.0019317094176221,-0.0085439246705386,1.9671956046682002e-05,-0.0164970641746102,0.0001470790227631,1.9671956046682002e-05
2024-05-29,-0.008015115627261,-0.0069311750377856,1.3089305047901e-05,0.0010892724776709,0.0163529442267615,1.3089305047901e-05
2024-05-30,-0.0095155996581792,-0.0104641052291374,-7.5163248159829e-05,-0.0146883478372895,0.0043697360081951,-7.5163248159829e-05
2024-05-31,0.0018697799732139,0.0025155854022047,9.0549756645055e-05,0.0129196756833263,0.0080385863255829,9.0549756645055e-05
2024-06-03,0.0325423176953527,0.0457975604668412,-0.000114211250201191,0.0756567595992259,0.0214657788479406,-0.000114211250201191
2024-06-04,-0.0592935994164107,-0.0934307307394125,-4.9511106158309994e-06,-0.1187797855294964,-0.0180482505269496,-4.9511106158309994e-06
2024-06-05,0.0336242367600356,0.0439418243320335,1.9814882622787998e-05,-0.018631341852166,-0.0026503269904338,1.9814882622787998e-05
2024-06-06,0.0088880492442378,0.0207832184736498,0.000126895262671578,0.02777446462359,0.0104289641806532,0.000126895262671578
2024-06-07,0.0205399314668071,0.0146252088407634,-5.8584313406334996e-05,0.0230331167930721,-0.0037610249150739,-5.8584313406334996e-05
2024-06-10,-0.0013289382574128,0.007546006703047,-0.00015714504535518199,0.0078020167043941,0.0062729799939049,-0.00015714504535518199
2024-06-11,0.0002429314342191,-0.0009448535947395,4.8228354511681004e-05,0.013824375418195,0.008264595261439,4.8228354511681004e-05
2024-06-12,0.0024973129141392,0.0075122711678625,2.8136707844184e-05,0.0177812252140383,0.0087843984397977,2.8136707844184e-05
2024-06-13,0.003256499474515,0.0091222056839206,0.0,0.0011789990005739,0.0043541433596567,0.0
2024-06-14,0.0028505279152657,0.0148159772453126,1.650160341313e-06,0.0058879713178554,0.0053841173008482,1.650160341313e-06
2024-06-18,0.0039334507869606,0.0063088208845825,-4.4553902617952e-05,0.0129842617346804,-0.0091179603732072,-4.4553902617952e-05
2024-06-19,-0.0017786131162043,-0.0111824194811155,6.2986448182464e-05,-0.0140786295754223,-0.0078438023624846,6.2986448182464e-05
2024-06-20,0.0021687361796223,0.0013349790503083,5.2709553557885e-05,-0.0022378419934769,0.0038270323371389,5.2709553557885e-05
2024-06-21,-0.0027962995130903,-0.0072649761880404,8.192692282497899e-05,-0.0048061194215806,-0.0015860977682509,8.192692282497899e-05
2024-06-24,0.001563756616109,0.0074594251349382,-0.000147895313743822,0.0038634965569062,-0.0261176928371502,-0.000147895313743822
2024-06-25,0.0077938798539154,-0.0039278280274558,2.1445244210793e-05,-0.0067350571654034,0.01253608920457,2.1445244210793e-05
2024-06-26,0.0062180401218379,-0.0017524270627639,-4.7736776218493e-05,0.0,-0.0028267648031621,-4.7736776218493e-05
2024-06-27,0.0073610408985447,0.001471894287699,-2.3155704890572e-05,0.0079646737122163,0.0015307664833397,-2.3155704890572e-05
2024-06-28,-0.0014099020825968,0.0025624197635398,5.1392800871916e-05,0.0075814102819471,0.0056890576354919,5.1392800871916e-05
2024-07-01,0.0054704843490753,0.009420642398549,-1.3195089830990001e-05,-0.0044510191418888,0.0050095003253349,-1.3195089830990001e-05
2024-07-02,-0.0007497161563467,-0.0053984050639047,2.8076298230325997e-05,0.0030870865232117,-0.0051525102733435,2.8076298230325997e-05
2024-07-03,0.0067423066077227,0.0108269070083208,5.7641381272199e-05,0.0143266308609524,0.0005348530733988,5.7641381272199e-05
2024-07-04,0.0006444070008029,0.0047295873348405,3.6024434550925e-05,0.0096254253119965,0.0069768861220824,3.6024434550925e-05
2024-07-05,0.0008928929498506,0.0068327002910395,3.0999938631237e-05,0.0185492322852574,-0.002514433750212,3.0999938631237e-05
2024-07-08,-0.0001356211363734,0.0011201670717271,1.4638931889721e-05,0.0131244369062117,-0.0057978914864337,1.4638931889721e-05
2024-07-09,0.0046318209860134,0.0048266969748305,-3.0858961775332e-05,0.0028117972901016,0.0108463817616721,-3.0858961775332e-05
2024-07-10,-0.0044509111977667,0.0004589329085356,2.6067097528159e-05,0.0017023649900487,0.0033164285719768,2.6067097528159e-05
2024-07-11,-0.0003494426502141,0.0021882083291044,2.2749331746128e-05,0.0124962512771589,0.0018057294174058,2.2749331746128e-05
2024-07-12,0.007657573644356,-0.0044167577923827,3.4046544006751e-05,0.0005923929632394,0.0047137604778744,3.4046544006751e-05
2024-07-15,0.0034506697076412,0.0086156502600365,4.847112553356e-06,0.0155910981660845,-0.004526194108231,4.847112553356e-06
2024-07-16,0.0010697158254551,-0.0059925280131223,8.3979404576997e-05,-0.0016517506021157,0.0035209143188812,8.3979404576997e-05
2024-07-18,0.0076321297434283,-0.0109467597578434,7.527245852662e-05,-0.0123600646527144,0.0066026433404406,7.527245852662e-05
2024-07-19,-0.0108846762510892,-0.0240656522482475,-7.947862044392699e-05,-0.0302522624484566,0.0021681422578032,-7.947862044392699e-05
2024-07-22,-0.0008825762723847,0.0127948807338162,-5.2875823932742005e-05,0.0119905764848129,-0.0020265266587271,-5.2875823932742005e-05
2024-07-23,-0.0012321559717249,-0.0087696899105971,-0.000309278660923318,-0.0129530408029748,0.0150924216050838,-0.000309278660923318
2024-07-24,-0.0026778318259059,0.0029657794013298,-9.308533489218399e-05,0.0130213503515652,-0.0127865907842267,-9.308533489218399e-05
2024-07-25,-0.0003031269840456,0.0050887793377965,-3.8590528208855e-05,0.0109459361101427,0.013664213126723,-3.8590528208855e-05
2024-07-26,0.0175673297602745,0.0164851726382335,0.000104430311223915,0.0117214694212619,0.0047543597832697,0.000104430311223915
2024-07-29,5.03324972633834e-05,0.0120931961283123,-0.000201700761012688,0.0083455914271521,-0.0003494968125428,-0.000201700761012688
2024-07-30,0.0008536433743,-0.0009751914574364,-7.3154187496722e-05,0.0147030397380778,0.0062666543674869,-7.3154187496722e-05
2024-07-31,0.0037755350108565,0.007710616909355,5.6555585207263e-05,0.0023030214555033,-0.0306301847046128,5.6555585207263e-05
2024-08-01,0.0023946791656728,-0.0065980164583751,6.9870457614149e-05,0.0164672213590912,0.0333901393718065,6.9870457614149e-05
2024-08-02,-0.0117229354919546,-0.0130090123626207,9.815502028426e-05,-0.0156352647767153,0.0006231161005316,9.815502028426e-05
2024-08-05,-0.0267864578946228,-0.0326102601927572,-0.00015585663130831498,-0.0417185008251003,-0.0092848185746688,-0.00015585663130831498
2024-08-06,-0.0026209626510589,-0.0092257390288441,-2.0429476192205002e-05,-0.0091862022459139,0.0199730853677637,-2.0429476192205002e-05
2024-08-07,0.0127101624804444,0.0301468827679027,-7.1647590685448e-05,0.0413181329781202,-0.0096435558078005,-7.1647590685448e-05
2024-08-08,-0.007428747813561,-0.0079467075844684,-1.8900448266249002e-05,-0.0178070641118692,0.0026236246041395,-1.8900448266249002e-05
2024-08-09,0.0103868640378157,0.0124321887289304,9.8123548515574e-05,0.0170460478209466,0.0145951929780989,9.8123548515574e-05
2024-08-12,-0.0008412844977941,-0.0039137246585281,6.1370714505286e-05,-0.0031001713915891,0.0131089831182642,6.1370714505286e-05
2024-08-13,-0.0085431469996303,-0.0113820896192063,6.4385134728552e-05,-0.0109815827605047,-0.0081888482062406,6.4385134728552e-05
2024-08-14,0.0001967769998756,0.0004552667920132,3.5353380316187e-05,-0.0130686277442337,0.0139194056993903,3.5353380316187e-05
2024-08-16,0.0164597624902924,0.0181569114919402,-2.3485889651899e-05,0.0139386087460628,0.0074121165672278,-2.3485889651899e-05
2024-08-19,0.0012835584110202,0.0058613668811242,0.000146292065583797,0.0097211854749028,0.0051298486908182,0.000146292065583797
2024-08-20,0.0051357593399101,0.0081850993072851,5.4689760610362e-05,-0.0012642699649669,-0.0395391293863769,5.4689760610362e-05
2024-08-21,0.0028887826964991,0.0028011287317315,-4.7799095035825e-05,0.0003894928599414,0.0140889444210701,-4.7799095035825e-05
2024-08-22,0.0016673576536574,0.0064958385853044,1.1593192048018e-05,-0.005353274613579,-0.0069863229503612,1.1593192048018e-05
2024-08-23,0.0004695560778267,-0.0034389069248498,-3.3085320167948e-05,0.0017614277412214,-0.0050633833666323,-3.3085320167948e-05
2024-08-26,0.007551387144671,0.0049083015449626,9.6265864075466e-05,0.0123082394552149,-0.0132319034288651,9.6265864075466e-05
2024-08-27,0.000285894410237,0.0010720548323654,-4.6030344495435004e-05,-0.003570347650234,0.0032844053220053,-4.6030344495435004e-05
2024-08-28,0.0013830024432652,0.0031208686327235,0.0,-0.002711589904167,0.0179919237464816,0.0
2024-08-29,0.0039756594063229,-0.0024792504416493,3.303130968732e-06,-0.0022334759121768,0.0092490053582459,3.303130968732e-06
2024-08-30,0.0033377600735777,0.0051190503882498,1.4858866277256001e-05,0.0062287045221258,0.0221205302710221,1.4858866277256001e-05
2024-09-02,0.0016959501132323,0.0007438914864899,-6.758982005332201e-05,-0.0065770413888198,-0.004560299300775,-6.758982005332201e-05
2024-09-03,4.550829989491412e-05,0.0010333940268685,1.8257362713951e-05,-0.0040891653460135,-0.0056422516752574,1.8257362713951e-05
2024-09-04,-0.0032100820170585,0.0004892806310861,-8.7806291242147e-05,-0.0137843743228995,0.0148364591187528,-8.7806291242147e-05
2024-09-05,-0.0021270784221717,0.0004692643256603,0.000120340528826816,-0.0100118411412993,0.0020517195494342,0.000120340528826816
2024-09-06,-0.0116503502989019,-0.0135648167984896,1.8166905324126e-05,-0.0188245201873376,0.0051192740585825,1.8166905324126e-05
2024-09-09,0.0033900486950126,0.0014893292887647,-8.242664049748201e-05,-0.0104091914001718,-0.0042528134052852,-8.242664049748201e-05
2024-09-10,0.0041986500501236,0.0022086190620314,3.3244807753778e-05,0.0045375109401597,0.001176483549486,3.3244807753778e-05
2024-09-11,-0.0048979634496194,-0.0051159196242102,5.7985167425770996e-05,-0.0092393131305156,0.0005619031403756,5.7985167425770996e-05
2024-09-12,0.0188796328272711,0.014674169779538,-1.6471499856548e-05,0.0181328355741796,-0.0002298309088799,-1.6471499856548e-05
2024-09-13,-0.0012761636040355,-0.0002492458165378,0.00016993875085375898,-0.0038673404696821,-0.0125123798545617,0.00016993875085375898
2024-09-16,0.0010746751326089,0.0004872225270815,6.6515225741705e-05,0.0069472856993979,0.0103954112232338,6.6515225741705e-05
2024-09-17,0.0013709866056039,-0.0027045074088222,-4.5124703100662005e-05,-0.0011160776489078,-0.0145112988739323,-4.5124703100662005e-05
2024-09-18,-0.0016129951842196,-0.0043057907638354,-1.4570204293494e-05,-0.0089385198648671,-0.0137640782997124,-1.4570204293494e-05
2024-09-19,0.0015072376499098,-0.0068938899752883,8.2684552368657e-05,-0.0060469031437531,0.0251736839942764,8.2684552368657e-05
2024-09-20,0.0147604413777415,0.0142745385064533,3.8591684156064e-05,0.0122705173316188,-0.0106339776544538,3.8591684156064e-05
2024-09-23,0.0057423850996662,0.0162376572928282,6.0868343145552e-05,0.0139554117564955,0.012747498900083,6.0868343145552e-05
2024-09-24,5.203002169906768e-05,0.0012553775706416,2.8657904989686e-05,0.0115531596875795,0.0105872467654137,2.8657904989686e-05
2024-09-25,0.0024575565157058,-0.0037289619674157,0.000106365796331506,0.008640332665537,-0.0030185222534812,0.000106365796331506
2024-09-26,0.008148714241454,0.0074434664420173,1.7279392179583e-05,-0.0024615991139205,0.007887402517565,1.7279392179583e-05
2024-09-27,-0.0014152231703233,0.0094217872876916,-4.5476072360922995e-05,0.0047379663261366,-0.0164844457045297,-4.5476072360922995e-05
2024-09-30,-0.0140609008520233,-0.0092285255081878,1.1027047153275001e-05,-0.0043226489581368,0.0007955101085592,1.1027047153275001e-05
2024-10-01,-0.0005404401234794,0.0024554682277246,6.294400630616999e-06,-0.004045348188333,0.0001539820140308,6.294400630616999e-06
2024-10-03,-0.0211963752609873,-0.0237584168064203,1.5725503047827e-05,-0.0133743418948228,0.0090519656257199,1.5725503047827e-05
2024-10-04,-0.0093266958801446,-0.010975024080025,4.7103636085178994e-05,-0.0057234633576078,0.0033544567967791,4.7103636085178994e-05
2024-10-07,-0.0087488751686026,-0.0232638342139031,-2.8129442171329998e-05,-0.0311047698048556,5.060311350901792e-05,-2.8129442171329998e-05
2024-10-08,0.0087676473034692,0.0235030050840425,-5.6417583858923e-05,0.0129247220368462,-5.060055296357557e-05,-5.6417583858923e-05
2024-10-09,-0.0012473907279866,0.0108650049526342,-6.776994483929699e-05,0.0010290026117212,-0.0090167187875872,-6.776994483929699e-05
2024-10-10,0.0006604768849507,-0.0017199191313729,-1.587136807016e-06,0.0074013284306944,0.0095333633472505,-1.587136807016e-06
2024-10-11,-0.0013680536120755,0.0013330777532518,8.411404667709901e-05,-0.0008163452148437,-0.0184562595596778,8.411404667709901e-05
2024-10-14,0.0065573457544287,0.0036250412242722,6.9247500845008e-05,-0.0005105741758391,0.0059582506867854,6.9247500845008e-05
2024-10-15,-0.0028096049048969,0.0027514045143977,-1.8755694395643998e-05,-0.0036783549632027,2.5570113512118908e-05,-1.8755694395643998e-05
2024-10-16,-0.0034340754096676,-0.0021316034986803,9.0823962654436e-05,-0.0065634229886929,-7.688232099722914e-05,9.0823962654436e-05
2024-10-17,-0.0088682273228345,-0.0223380009604347,0.0,-0.0084649496394605,-0.0045898099782137,0.0
2024-10-18,0.0042101739412401,0.0037955553735162,0.00011483517003935301,0.0066631896857261,0.0084749465198727,0.00011483517003935301
2024-10-21,-0.0029351823779982,-0.0134981239109518,9.3587083076942e-05,-0.0114799936117926,0.0015070057615915,9.3587083076942e-05
2024-10-22,-0.0124691803378693,-0.0290194845171245,-9.119555822895e-06,-0.0277254810118438,-0.0019893895762042,-9.119555822895e-06
2024-10-23,-0.0014955647434917,-0.0038497824019326,6.5419181989196e-05,-0.0073173388888702,-0.0066955754450894,6.5419181989196e-05
2024-10-24,-0.0014773427748562,-0.0008246225549809,-6.1971529536687e-05,0.0065040484999576,-0.0095709000096696,-6.1971529536687e-05
2024-10-25,-0.0089592205494931,-0.015668625686098,-4.562784057153e-05,-0.0225093847306109,0.0118974326982155,-4.562784057153e-05
2024-10-28,0.0065485676346082,0.0045046276706375,5.0420450182091e-05,-0.0065007046429942,0.0090876460365265,5.0420450182091e-05
2024-10-29,0.0052466588480091,0.0072511883765009,7.9052034373798e-05,0.0178551696023661,0.0254100168583772,7.9052034373798e-05
2024-10-30,-0.0051498252538292,-0.0038277049862834,0.000108596313449114,0.0013075043383972,-0.0076304643962014,0.000108596313449114
2024-10-31,-0.005566773640794,-0.0050748531105475,-1.4920692200816e-05,0.0030467766555806,0.0031973122326385,-1.4920692200816e-05
2024-11-01,0.0040900049616161,0.0069945323926234,0.0,0.0,0.0,0.0
2024-11-04,-0.0127137736646451,-0.0139558172320607,-0.00013448917371557101,-0.0092210725895752,0.0196295878330943,-0.00013448917371557101
2024-11-05,0.0090830588186072,0.0054625854872458,-1.2116662485253e-05,0.0076644797351155,-0.0202192686143742,-1.2116662485253e-05
2024-11-06,0.0111818707596305,0.0228137801410643,-5.3079479914583006e-05,0.0203194911592534,-0.0147367720968234,-5.3079479914583006e-05
2024-11-07,-0.0116280257061476,-0.0105042803079133,-0.000192101627867915,-0.0077742635257828,0.0044202304662082,-0.000192101627867915
2024-11-08,-0.0021137093124677,-0.0122550475248197,0.000104150186518707,-0.0129870034158267,-0.0041704316693902,0.000104150186518707
2024-11-11,-0.0002856708874028,0.0028598947184321,-7.8461867112379e-05,-0.0015223944219467,-0.0006937613085025,-7.8461867112379e-05
2024-11-12,-0.0106809307765333,-0.0217917656621232,-0.000255853274280942,-0.0188412476876876,-0.0022368713975944,-0.000255853274280942
2024-11-13,-0.0135825623229214,-0.019685419974002,6.5245042396013e-05,-0.0183149513104199,-0.0227284411347281,6.5245042396013e-05
2024-11-14,-0.0011185324376894,0.0045780724290387,-0.00023082989477828602,-0.0031659743506042,0.0021885503490823,-0.00023082989477828602
2024-11-18,-0.0033527151631265,0.0009398135694522,0.00017964081467955101,-0.0064656000515087,-0.0103928932702448,0.00017964081467955101
2024-11-19,0.0027585814066317,0.0044981622006166,0.000130365608097298,0.0095901815550343,-0.0005050979801234,0.000130365608097298
2024-11-21,-0.0071688079331164,-0.0149028317754941,0.000133395865950629,-0.0066719887509785,-0.0211210094761953,0.000133395865950629
2024-11-22,0.0238694641112378,0.0187432029429517,0.00011770205046034401,0.0218579904187863,0.0002717955167814,0.00011770205046034401
2024-11-25,0.0131612958673623,0.0194929864003141,-0.00014541627904641,0.0259580453008889,0.00029886659474,-0.00014541627904641
2024-11-26,-0.0011312238174179,0.0025892684725072,-0.000153774138863755,-0.008252736855884,0.0039381062674257,-0.000153774138863755
2024-11-27,0.0033230854378061,0.0095386503960961,8.991949839287999e-05,0.0100733400908843,0.011795005637053,8.991949839287999e-05
2024-11-28,-0.0148610290544929,0.0009809955351511,1.2508103846129002e-05,-0.0078048912813346,-0.0043581621791721,1.2508103846129002e-05
2024-11-29,0.0090720019405352,0.0067270174046409,3.9038100628663e-05,0.0010925213094585,-0.0025512131656203,3.9038100628663e-05
2024-12-02,0.0060068200049485,0.0061857694826608,-8.243935082385899e-05,-0.0009821711294143,-0.0047115146456148,-8.243935082385899e-05
2024-12-03,0.0074600111445999,0.0102073358577861,4.7051324491522e-05,0.0113611634818209,-0.0039764867509047,4.7051324491522e-05
2024-12-04,0.0004210968146538,0.0049255510966292,-7.804468352897999e-06,-0.0014042436837464,-0.0087449887866258,-7.804468352897999e-06
2024-12-05,0.0098478255628851,0.0033524231452046,7.810564082919e-06,0.0008653524466797,0.0243293876626484,7.810564082919e-06
2024-12-06,-0.0012384293961259,0.0076337992283534,-1.0926612986977001e-05,0.0015130162271197,-0.0074892437480738,-1.0926612986977001e-05
2024-12-09,-0.0023827399277279,-0.0045494942813646,4.6882204905691e-05,-0.0018344466634756,-0.0083541041467209,4.6882204905691e-05
2024-12-10,-0.00036350862139,0.005341241954532,5.9106742573742005e-05,-0.0024865227776604,0.0171481119767424,5.9106742573742005e-05
2024-12-11,0.0012901233029631,0.0026772203593155,5.7213972020755e-05,-0.0010837593774705,-0.0064390917933297,5.7213972020755e-05
2024-12-12,-0.0037781963796591,-0.0028590630711103,6.9187721695551e-05,-0.0079201013566366,0.0005110503058798,6.9187721695551e-05
2024-12-13,0.0089455478085889,-0.001596117749041,-0.000134371244788938,0.0020778084748354,0.0059130122375659,-0.000134371244788938
2024-12-16,-0.0040394689217332,0.0025991360268413,-2.0120299054313e-05,-0.0031649124110011,0.003286372065248,-2.0120299054313e-05
2024-12-17,-0.0134687300477334,-0.0132266230040271,-5.8933756673205e-05,-0.0122618257290524,-0.0085221321082661,-5.8933756673205e-05
2024-12-18,-0.0056356998120069,-0.0129938493932509,4.368155787241e-05,-0.0205054139779435,0.0107980409010906,4.368155787241e-05
2024-12-19,-0.010213311567061,-0.0087620614035087,-9.3196411885407e-05,-0.0076949223044138,0.0003985461590247,-9.3196411885407e-05
2024-12-20,-0.0152055691508056,-0.0272288218369507,-7.2122780382049e-05,-0.0214392157654312,-0.0540562324501614,-7.2122780382049e-05
2024-12-23,0.0070354729729729,0.0027117540842618,0.00010265343161902101,0.0,0.0259189480625396,0.00010265343161902101
2024-12-24,-0.0010861087115143,-0.000460206224102,-4.5333892448555995e-05,-0.0025638180510715,0.0205288651292847,-4.5333892448555995e-05
2024-12-26,0.0009503186263191,0.0044817584568073,5.0251208117253e-05,0.0033882571320891,0.0030039194807964,5.0251208117253e-05
2024-12-27,0.002661079652128,-0.008800630820687,3.2812356948852004e-05,-0.0048905237817599,0.0002941753372582,3.2812356948852004e-05
2024-12-30,-0.0070758479358679,-0.0071962089110191,-3.2705043991105e-05,-0.0128715011222244,-0.0146228788776598,-3.2705043991105e-05
