Date,Nifty 50,Nifty Midcap,Gold ETF,Debt MF,REIT,SGB (proxy)
2019-01-02,0.0,0.0,0.003921511025196889,-0.011484773951406124,0.0,0.003921511025196889
2019-01-03,-0.011141996757007222,-0.0072568472724238164,0.006433749225709606,-0.01369294267562704,0.0,0.006433749225709606
2019-01-04,0.0051628859308019415,0.0016206333307737797,-0.00605892431181565,0.010096750799168719,0.0,-0.00605892431181565
2019-01-07,0.004143632577580325,-0.0004653992727652323,-0.0025973453492655896,0.004164947126882312,0.0,-0.0025973453492655896
2019-01-08,0.0028175965472634346,-0.000631630445433351,-0.0021435666611050452,0.00041477514013599226,0.0,-0.0021435666611050452
2019-01-09,0.004906430486840696,-0.00020223538166896926,0.006107118580890303,-0.007877302132948683,0.0,0.006107118580890303
2019-01-10,-0.0030907707440862575,0.00414324209169914,0.008575664410036765,-0.002507290646770466,0.0,0.008575664410036765
2019-01-11,-0.0024626132017869784,-0.0032609379944701367,-0.0015745853790941622,0.004189294956233658,0.0,-0.0015745853790941622
2019-01-14,-0.005312723532749919,-0.006954816076726877,0.0026634966203953336,-0.006675004255130235,0.0,0.0026634966203953336
2019-01-15,0.013895116296032572,0.007187022443420066,0.0003844697424246757,0.00839986423458483,0.0,0.0003844697424246757
2019-01-16,0.0003214902508350548,0.000543112764897824,0.0032318499828765113,0.0016659311868976179,0.0,0.0032318499828765113
2019-01-17,0.001368225934293088,-0.0006131180207107345,0.003465291913329116,-0.00041573063826949586,0.0,0.003465291913329116
2019-01-18,0.0001604738994844812,-0.010829750858215137,-0.00572654738317957,-0.001663931530947127,0.0,-0.00572654738317957
2019-01-21,0.0050334340103701525,-0.003215918898304748,-0.002286381519118419,-0.009583314259847042,0.0,-0.002286381519118419
2019-01-22,-0.0035668806605010372,0.003965599918334783,0.005055499790396878,-0.006731167199445776,0.0,0.005055499790396878
2019-01-23,-0.008354123274816327,-0.006077136895182522,0.00015669380324467852,-0.004659068509440645,0.0,0.00015669380324467852
2019-01-24,0.001689498655541799,-0.0011535268930732423,-0.005046741541735678,-0.0046808770362366525,0.0,-0.005046741541735678
2019-01-25,-0.006382606245884936,-0.013377344494054144,0.0029034748086729234,-0.006412980865517115,0.0,0.0029034748086729234
2019-01-28,-0.011038398055380982,-0.018467889896919276,0.010917515879602657,0.0008606049036423702,0.0,0.010917515879602657
2019-01-29,-0.0008769465552643796,0.001012497242128152,0.006365901496244497,-0.001289797349539823,0.0,0.006365901496244497
2019-01-30,-3.758759858607519e-05,-0.00010040004646372225,0.0023656956345801117,0.0004304876917304856,0.0,0.0023656956345801117
2019-01-31,0.016818790618479573,0.006040590405631097,0.0038479695179123308,0.006454372633716066,0.0,0.0038479695179123308
2019-02-01,0.005788983808607595,0.010265287919595911,0.004054769115827472,0.0008550858608624701,0.0,0.004054769115827472
2019-02-04,0.0017073807867935553,-0.008945834739029657,-6.789882647650902e-05,-0.004698872749617888,0.0,-6.789882647650902e-05
2019-02-05,0.0020252110586724825,-0.007162911649979065,0.0013405264801396033,-0.0154505886176306,0.0,0.0013405264801396033
2019-02-06,0.011715428033110209,0.009169323390694206,0.0045755035662344845,0.019180410482368737,0.0,0.0045755035662344845
2019-02-07,0.0006282690714798367,0.011875079686896495,-0.01167337284625325,0.010265256077063523,0.0,-0.01167337284625325
2019-02-08,-0.011364733121095205,-0.015564200643026993,-0.002730931999643471,-0.0190516827667504,0.0,-0.002730931999643471
2019-02-11,-0.005007475295473629,-0.011176992776864014,0.0029780205072291732,-0.019853301264851186,0.0,0.0029780205072291732
2019-02-12,-0.005271417887377283,-0.005548722052159949,-0.0032593066484192246,0.008366382286097318,0.0,-0.0032593066484192246
2019-02-14,-0.007879921603800577,-0.0056986185711462856,0.0,-0.028820954515564656,0.0,0.0
2019-02-15,-0.002014639281967212,-0.017154992951642578,0.008953772681500771,0.017535943959626543,0.0,0.008953772681500771
2019-02-18,-0.00778133902809619,-0.008005707694358044,0.007737491030276322,-0.0035351271176691235,0.0,0.007737491030276322
2019-02-19,-0.0034395975233135756,0.0016227417641627717,0.0025761892490665517,0.005765014302154814,0.0,0.0025761892490665517
2019-02-20,0.012362906803977669,0.013411006036282425,0.0050047921562397235,0.019400376020153987,0.0,0.0050047921562397235
2019-02-21,0.005067269008080633,0.00855419708122196,-0.007837401755177664,0.00432519336034809,0.0,-0.007837401755177664
2019-02-22,0.00016689586186968697,0.00774614229578785,-0.006097206029241575,0.0193798783913246,0.0,-0.006097206029241575
2019-02-25,0.008196078963680797,0.004410369254854052,0.002169160657327751,0.0033798024270468296,0.0,0.002169160657327751
2019-02-26,-0.004117591409631749,-0.0004959531312368481,-0.0010991008517757805,0.010526315789473717,0.0,-0.0010991008517757805
2019-02-27,-0.002644081343287419,0.004244307444621009,0.0020144478433654633,-0.002083301544189453,0.0,0.0020144478433654633
2019-02-28,-0.0013094150466157473,0.0077382357526223355,-0.0031592152726059863,0.025469673635537093,0.0,-0.0031592152726059863
2019-03-01,0.006578642575862936,0.01257614930113804,-0.014524230875133104,0.012215030575436048,0.0,-0.014524230875133104
2019-03-05,0.011409784628572783,0.018591846973023962,-0.020585379044710472,0.03620271908422712,0.0,-0.020585379044710472
2019-03-06,0.005965879573721855,0.007717428761715217,0.001597857859039209,0.007763930660473539,0.0,0.001597857859039209
2019-03-07,0.00047047817900125466,-0.004666507908158257,-0.00688968755755448,-0.023497639619247335,0.0,-0.00688968755755448
2019-03-08,-0.0020618006804727917,0.0010463100800519598,0.005083973644790518,0.001577870121372893,0.0,0.005083973644790518
2019-03-11,0.012020353532001593,0.022920286702576176,0.001176762780796814,0.020480522657108757,0.0,0.001176762780796814
2019-03-12,0.011922438828049886,0.004299069722840221,-0.005034779231863573,-0.0015437672101223932,0.0,-0.005034779231863573
2019-03-13,0.0035836901656514097,-0.005688052990726722,0.00835733282862594,-0.01623502368260421,0.0,0.00835733282862594
2019-03-14,0.00013664659273393553,-0.003770344298874906,-0.008253048669455088,0.018860492253316874,0.0,-0.008253048669455088
2019-03-15,0.007369987382364052,-0.0012329020296539817,-0.00037024467624469093,0.023524897924116273,0.0,-0.00037024467624469093
2019-03-18,0.0030936423551506387,0.0022592379885117975,-0.008271927662717227,0.009419743458024321,0.0,-0.008271927662717227
2019-03-19,0.006124495656707252,0.003144393437567894,0.008216432797753415,0.010824897285114599,0.0,0.008216432797753415
2019-03-20,-0.0009842344657688962,-0.0033697493282115465,-0.007496834375352868,-0.02917278472689877,0.0,-0.007496834375352868
2019-03-22,-0.005568018119008533,-0.00729862820963767,0.009170772147732986,0.0019018347401813518,0.0,0.009170772147732986
2019-03-25,-0.008959700017030503,-0.012130782205484358,8.800770114403278e-05,0.0318906662005225,0.0,8.800770114403278e-05
2019-03-26,0.011361384503600025,0.00942627288407949,-0.0016728724549455176,0.007358309541767527,0.0,-0.0016728724549455176
2019-03-27,-0.0033266013813597617,-0.002115109752231503,0.001269995669337609,-0.008400275722648676,0.0,0.001269995669337609
2019-03-28,0.010917400749215211,0.009045020049056829,-0.004598012599441592,-0.010313030689907299,0.0,-0.004598012599441592
2019-04-01,0.008569610252809001,0.01653741377807383,-0.005627966444867849,0.004093736493015587,0.0,-0.005627966444867849
2019-04-02,0.0037748939051200914,-0.006952771516508971,-0.003435094575770181,0.003706463423514217,-0.005021016404105572,-0.003435094575770181
2019-04-03,-0.005912133221091298,-0.003690856318233071,-0.004036321923874042,-0.011078258416017395,0.028713498698128115,-0.004036321923874042
2019-04-04,-0.003946272059030087,-0.0004494624391604418,0.005612734136404063,0.001493614904896523,0.01838055884432621,0.005612734136404063
2019-04-05,0.005858785593421345,0.0043718044785223675,-0.00016046775227396282,0.005965691619414404,0.0018600839770246402,-0.00016046775227396282
2019-04-08,-0.005267483083991831,-0.0036865233036451617,0.0093633231449326,-0.008895469799488076,-0.022184609848137082,0.0093633231449326
2019-04-09,0.005812417192683883,0.0038213689889488034,-0.0015019506552961248,0.010097249815809617,0.015965590486090697,-0.0015019506552961248
2019-04-10,-0.007509489773200095,-0.003185061886961993,0.0008494131502223556,-0.0003702417177746664,0.0046865210375066635,0.0008494131502223556
2019-04-11,0.0010704480058416621,0.003270144192648594,-0.0022101206366507142,0.004444475527162872,0.0024085198594483437,-0.0022101206366507142
2019-04-12,0.0040313191867198395,0.004353659175459601,-0.0015061947175435408,-0.0018436999580341284,0.024668167050514667,-0.0015061947175435408
2019-04-15,0.0040279653604204935,0.004187977377364094,-0.005483745833979259,0.005541175479176541,0.00644132033764766,-0.005483745833979259
2019-04-16,0.008280400884877803,0.005387561241206429,0.0007137368579839265,0.0077149521351478345,-0.0006488857953348415,0.0007137368579839265
2019-04-18,-0.0029142400664389223,-0.0043058257878337836,-0.0038873466041547955,-0.003281084636769349,-0.00017687493522067221,-0.0038873466041547955
2019-04-22,-0.013473352052831178,-0.01802634872369635,0.0025062098690584733,-0.01572788232538025,-0.01676682534154872,0.0025062098690584733
2019-04-23,-0.0015955909670886115,-0.0011610246495702414,-0.0012142782115328599,0.007060592164064516,-0.008646356921132248,-0.0012142782115328599
2019-04-24,0.012975193636658888,0.006565112434075537,-0.000339641943734037,0.013653096925333008,-0.0012110908667420928,-0.000339641943734037
2019-04-25,-0.007193374050953438,-0.00509308964134314,0.008495161528007555,-0.006188572280425908,0.0034563234407052335,0.008495161528007555
2019-04-26,0.009693568677590747,0.00021858102432648074,-0.001347784385346551,-0.002564091457159856,-0.011059026108723002,-0.001347784385346551
2019-04-30,-0.0005529726349993158,-0.00432652478187423,-0.0001420528156026446,0.00991555131482369,-0.020990362545477925,-0.0001420528156026446
2019-05-02,-0.001991836148409698,-0.005077262320934195,-0.012112586854568841,-0.003272732821377855,0.003338996716945264,-0.012112586854568841
2019-05-03,-0.0010661208128105448,-0.00438734284425657,-0.001096683436164092,0.002553801357676022,0.004852511356566946,-0.001096683436164092
2019-05-06,-0.00973339879186319,-0.0121596750308407,0.008153038277076696,-0.0025472960695152036,0.006160170267643483,0.008153038277076696
2019-05-07,-0.008652133673183404,-0.006708827013601204,0.0005355490426448561,-0.00802624277924846,0.01365978782997379,0.0005355490426448561
2019-05-08,-0.012041345863927244,-0.011570903753405637,0.00144529011302863,-0.009930138008841682,0.028104925455904484,0.00144529011302863
2019-05-09,-0.005075103956069027,-0.0028137847957772077,0.001852975315729033,-0.013744459070757054,-0.011837755139909367,0.001852975315729033
2019-05-10,-0.0020261741013145596,-0.0027654748408086904,-0.00019558549362130861,-0.009416196127457144,0.004092585742218491,-0.00019558549362130861
2019-05-13,-0.011588026384304118,-0.018236754375153152,0.005407371711054321,-0.014828874561291672,-0.01258567080502615,0.005407371711054321
2019-05-14,0.006624352638199937,0.002124653425460643,0.010349820630329853,0.0034735682407531776,0.02308154305921617,0.010349820630329853
2019-05-15,-0.005796606308085428,-0.004383813615864374,0.0005953033027576993,-0.007307712848369841,0.007657461435006896,0.0005953033027576993
2019-05-16,0.008971910851931497,-0.0004132238230141194,-0.00712256646313425,0.011235990760480874,-0.003302564911424888,-0.00712256646313425
2019-05-17,0.013329435330307948,0.008529193818848757,-0.003630938213133539,0.005747111737085309,-0.0017595683966853404,-0.003630938213133539
2019-05-20,0.036915407876193296,0.032596839089426455,-0.013072908097842117,0.04152381533668148,0.0018801812639965831,-0.013072908097842117
2019-05-21,-0.010073374389702572,-0.00821042920175341,0.001057503261193471,-0.013899088002721327,0.020056104560876253,0.001057503261193471
2019-05-22,0.0024596922232125173,-0.0004095531471199898,-0.0010563861294164978,0.01298221043602732,-0.003075636174986629,-0.0010563861294164978
2019-05-23,-0.006887993870017373,0.0036892345165746576,0.004301807847842065,-0.0007322794143580502,0.007756302539867477,0.004301807847842065
2019-05-24,0.016046067214389392,0.023214036041929953,-0.0008031085119698522,0.009893680518765269,-0.00432061828739394,-0.0008031085119698522
2019-05-27,0.006809330661248669,0.005340467462859655,0.0036974319936615707,0.015602333581579364,-0.0030745288067550725,0.0036974319936615707
2019-05-28,0.0003354368016101894,0.0037824682645262175,0.00017793140116539874,0.006073600488891717,0.00034577250956258077,0.00017793140116539874
2019-05-29,-0.005671205333752538,-0.007166291286495707,0.003594172191615508,-0.011008503821809179,0.004495323864144973,0.003594172191615508
2019-05-30,0.007149487319284775,0.0008398667101341406,-0.0057442291577759486,0.008976660559270266,0.010900572950904186,-0.0057442291577759486
2019-05-31,-0.0019337668306382838,0.00690629064149717,0.012196827488892614,0.0035587323883337074,0.004682079462498878,0.012196827488892614
2019-06-03,0.013901936014629301,0.01090359639427474,0.0053731291928640346,0.013829765216211598,-0.0022594835456665185,0.0053731291928640346
2019-06-04,-0.005534114111566901,-0.006145408460522028,0.0038550039384246393,0.0003497806515726509,0.010983558846393127,0.0038550039384246393
2019-06-06,-0.014798333410505293,-0.021306707484836318,0.010717561789983732,0.0006993166956958952,-0.007868057968365205,0.010717561789983732
2019-06-07,0.0022712730870713127,0.0003141566940527696,-0.0015543262486853449,-0.0038434873209636233,-0.02221163834147255,-0.0015543262486853449
2019-06-10,0.004384747505377318,0.0026897148027824613,-0.0038399689191875863,-0.008418090816955992,0.02860414851411197,-0.0038399689191875863
2019-06-11,0.0035981290613484873,0.005710795536959079,-0.006771880889983484,0.007074596828876123,0.018941668772429088,-0.006771880889983484
2019-06-12,-0.004964181988503125,-0.007892944321172712,0.006381036644528271,-0.004917435652440183,0.001322201963816827,0.006381036644528271
2019-06-13,0.0006592875347493088,-0.0005859076170984245,0.0014939118981627253,-0.002470868161409512,-0.018125198901963846,0.0014939118981627253
2019-06-14,-0.007617057296864349,-0.010453146851550521,0.014431428679943403,-0.004246314163534826,0.0006724817609389255,0.014431428679943403
2019-06-17,-0.012784029548381648,-0.015527973370730308,-0.01041312406114836,-0.014214627832487392,0.014080144063548294,-0.01041312406114836
2019-06-18,0.0016577587443133979,0.0012259849344891105,0.0038013169883910347,0.008291259702020382,-0.008225630921419147,0.0038013169883910347
2019-06-19,-4.259905700743083e-06,-0.005736759693640625,-0.0010500184644607335,-0.0017876023699676669,0.019928026068214644,-0.0010500184644607335
2019-06-20,0.012000205478679637,0.01681054597733289,0.025571236680620446,0.014326633862365323,0.01735550402886088,0.025571236680620446
2019-06-21,-0.009098433505187353,-0.0026650189531187696,0.0002015730129820703,-0.0056497121870150435,0.0033798742705750673,0.0002015730129820703
2019-06-24,-0.002085381356743965,0.0012645480511939144,0.008130374090252745,-0.007102299858777639,-0.0017910211367732076,0.008130374090252745
2019-06-25,0.008273734808782462,0.002529669169579085,0.013663473450497676,0.013590882709515695,-0.01183711032591328,0.013663473450497676
2019-06-26,0.004331778503613437,0.008060091756908916,-0.018723081596170532,0.007762855051869355,0.0002980616024235161,-0.018723081596170532
2019-06-27,-0.0005064338279993086,0.004956543593827023,-0.002144205590169035,0.0045518582124015605,0.005337630071544197,-0.002144205590169035
2019-06-28,-0.004450447465215945,-0.0017840093273514546,0.0065807961149479954,-0.006273973573548863,-0.011292341912266468,0.0065807961149479954
2019-07-01,0.006510389269786421,0.005094621077999628,-0.013125615063394047,-0.020343736199570084,-0.004360926627155592,-0.013125615063394047
2019-07-02,0.003767209141051886,0.0033161825770982034,0.0014195841366306805,0.014679550409318454,0.015357990773879893,0.0014195841366306805
2019-07-03,0.0005415644793391738,0.005153660255251102,0.017635313888823667,0.0038814611771100793,0.00943734829857834,0.017635313888823667
2019-07-04,0.0025174649128327786,0.0,-0.006815795874691499,0.0024604461492812035,0.007478941144823059,-0.006815795874691499
2019-07-05,-0.011350334557515662,-0.011799382994563179,0.01005178153816444,-0.02875174199378383,-0.005143481594583776,0.01005178153816444
2019-07-08,-0.02138240331360608,-0.020722794096139974,0.0015704757619603438,-0.04873647452298724,-0.00642250693926294,0.0015704757619603438
2019-07-09,-0.00023352472109261502,0.005315006935705968,-0.00896236925641325,-0.0007590306441792594,0.004747574750200156,-0.00896236925641325
2019-07-10,-0.004932545113165099,-0.007926664763733826,0.004663290253335228,-0.0060767127943686106,0.010277535970274032,0.004663290253335228
2019-07-11,0.007305046321514741,0.007202802847111833,0.014107119990261596,0.006878116341269447,-0.01458556507745612,0.014107119990261596
2019-07-12,-0.0026245922523520093,0.0019140655425124997,-0.008483874353130583,-0.009867181218892074,0.005577699926397228,-0.008483874353130583
2019-07-15,0.0031031905972733753,0.004174771470059291,0.006165928518699237,-0.004599495535897669,-0.0011737041958509442,0.006165928518699237
2019-07-16,0.006407297199588324,0.009934878742897224,0.001032274727214455,0.008471360281861573,0.019809493177753712,0.001032274727214455
2019-07-17,0.0021350634900458854,0.0022967167634844188,-0.0019642010512163077,-0.008400199168267841,-0.004529134888558217,-0.0019642010512163077
2019-07-18,-0.007751838235294128,-0.011240151622343597,0.015613462860240235,-0.025799002464717558,0.001919904730449451,0.015613462860240235
2019-07-19,-0.01531878214359883,-0.017105475519515245,0.007137688303900935,0.0015810639025137796,-0.02330770379832292,0.007137688303900935
2019-07-22,-0.006397075524881224,0.0007484050414392485,-0.010229776682374903,0.01065510876629161,0.022842374640499985,-0.010229776682374903
2019-07-23,-0.0013352832106081625,-0.004342833278078384,-0.0026243540076630323,-0.005076183717960814,-0.02241101354409525,-0.0026243540076630323
2019-07-24,-0.005273121293252303,-0.016052178939140016,0.0013805948416980574,-0.012166384282249254,0.013007917035743333,0.0013805948416980574
2019-07-25,-0.0016989534831232112,0.006438045536039105,0.00030819773808477,-0.011521689100052024,-0.004589619027267622,0.00030819773808477
2019-07-26,0.0028571795564771296,0.009571419214839505,-0.004896984743252508,-0.007636601009560873,-0.0030389651111492055,-0.004896984743252508
2019-07-29,-0.008427603929443195,-0.013427395962689825,-0.0005051121941456183,-0.021466207986282515,-0.006148792118226609,-0.0005051121941456183
2019-07-30,-0.009276785013729971,-0.01371705765296094,0.003929005013809883,-0.01531452542307854,-0.0247746791796577,0.003929005013809883
2019-07-31,0.00294076968140633,0.009029387008123502,-0.004319635696061974,0.018495107598831773,0.032327580037789794,-0.004319635696061974
2019-08-01,-0.012412304371289817,-0.012977952995047337,-0.00655652845313226,-0.01196859321739574,-0.020547465658382835,-0.00655652845313226
2019-08-02,0.0015801101434427256,0.003042879631302231,0.02674396473877194,-0.018797023930691714,0.0003003430009722585,0.02674396473877194
2019-08-05,-0.012252952282714391,-0.008116618022854127,0.022417659205662188,-0.017454229519245024,0.02181740691937395,0.022417659205662188
2019-08-06,0.007884888857643269,0.009637966506782725,0.006255692932328083,0.01559794677389914,-0.016040132213771208,0.006255692932328083
2019-08-07,-0.00847167355513434,-0.004584416670740721,0.014920254913922903,-0.010238897851962525,-0.02126614615467093,0.014920254913922903
2019-08-08,0.016300510829763803,0.012462130442076669,-0.0014241878740975933,0.01637927363233649,-0.00559780307799429,-0.0014241878740975933
2019-08-09,0.006997556657477588,0.0071379730207952186,0.0037110945804377238,-0.007633600753103376,-0.0037069077885488744,0.0037110945804377238
2019-08-13,-0.01654424529912324,-0.022887862353311417,0.01772323915497198,-0.027350401712896932,0.035694150984787454,0.01772323915497198
2019-08-14,0.009477595331455646,0.010840251072840701,-0.015868238062398787,0.0,0.01285661366678914,-0.015868238062398787
2019-08-16,0.0016682152620135504,0.0033032058190569646,0.0038441422046313622,0.004833067190042284,0.008773271572668051,0.0038441422046313622
2019-08-19,0.0005521991749806165,-0.0006903782679438253,0.001215722447063916,-0.004372556965462682,-0.008723530701256754,0.001215722447063916
2019-08-20,-0.0033382235519596737,-0.007628500010486872,0.007361208734328439,-0.01405356558590276,0.02586666146725336,0.007361208734328439
2019-08-21,-0.008922556475220111,-0.011689603023314565,-0.007111541282252332,-0.02138091016804544,-0.004404527393107149,-0.007111541282252332
2019-08-22,-0.016242829527789215,-0.013544870016723998,0.00758736830990947,-0.024578926948371493,0.005933929236728419,0.00758736830990947
2019-08-23,0.008192639025843995,0.008282614660047649,-0.003253112414613235,0.03826410094012789,0.0010273639885964858,-0.003253112414613235
2019-08-26,0.021100066785376237,0.018482874161605878,0.026260504928218076,0.013932560267073457,0.02701826362629034,0.026260504928218076
2019-08-27,0.004295591066795668,0.013275967751003037,-0.0003385550260313064,0.015514201673546335,-0.008530100893269554,-0.0003385550260313064
2019-08-28,-0.005335266523260329,-0.0047445643010254335,0.00773209632377081,-0.02357045009931369,-0.01831794755865901,0.00773209632377081
2019-08-29,-0.0088537862364102,0.0005666178078853612,0.0003215757120689222,0.0116226335171703,0.0008949341332027405,0.0003215757120689222
2019-08-30,0.006845829640179435,0.013750247454963116,-0.012360299147619047,-0.011047282778225753,0.029555381078137932,-0.012360299147619047
2019-09-03,-0.02044311880570615,-0.02161337304989297,0.01930502409840895,-0.024575480682980877,-0.0033969207094254328,0.01930502409840895
2019-09-04,0.004329545403159107,-0.0013082394894781135,0.0036137314487201255,0.013742521214338943,0.006689155675642988,0.0036137314487201255
2019-09-05,0.000299686931614751,0.0052130142611088726,-0.0018075860804397381,0.04202441664907708,0.018150422284502365,-0.0018075860804397381
2019-09-06,0.009061643373168504,0.004584480740059904,-0.028669471523949164,0.017779698911860153,0.022252941481438526,-0.028669471523949164
2019-09-09,0.005193547382711383,0.003341162539247655,0.004847155524873248,0.004260774793155786,0.0003912863119610588,0.004847155524873248
2019-09-11,0.0029673946046386845,0.0064516138673087475,-0.010553010498995263,-0.009758147866537059,-0.01523191838420701,-0.010553010498995263
2019-09-12,-0.00479356902496042,-0.00093695115307868,-0.005505368546908418,-0.004712965279880965,-0.003401739018019212,-0.005505368546908418
2019-09-13,0.008476944640087414,0.006661556815391156,-0.0007390487124245837,0.014205765398576764,0.006303075536258307,-0.0007390487124245837
2019-09-16,-0.006536749886833726,-0.00109224603489666,0.0038190158913948835,0.0016978317671512144,-0.009134990550684452,0.0038190158913948835
2019-09-17,-0.01689465993774708,-0.016769903189480573,0.003428523701832775,-0.016949136104436047,-0.014041203653207934,0.003428523701832775
2019-09-18,0.002130859163064436,0.006231747316802094,-0.007328234569363601,-0.004310361128499252,0.008438058016714711,-0.007328234569363601
2019-09-19,-0.012531589991591652,-0.008711360014699188,-0.009707238290188158,-0.014285710747034108,-0.0006531669484672875,-0.009707238290188158
2019-09-20,0.05319112930777714,0.05727741463274594,0.000609807230897097,0.03469472956946529,-0.03681173621227929,0.000609807230897097
2019-09-23,0.028915576657539077,0.018444287612899624,0.008059591014434098,0.019524660536866856,0.01772592252624916,0.008059591014434098
2019-09-24,-0.0010344649056013289,0.0010820208620172522,0.0001208434271611214,-0.011656980903803738,0.010388597651714848,0.0001208434271611214
2019-09-25,-0.012771612287114875,-0.016392621020856923,0.007812944064670146,-0.012215628094972453,-0.001904276750166578,0.007812944064670146
2019-09-26,0.01145084856589107,0.011879435156718188,-0.01075127968817069,0.025586288042656946,-0.0010173391101198082,-0.01075127968817069
2019-09-27,-0.005081564893442914,0.0002552854625217371,0.001061035503577834,-0.012889791092578484,0.0005346972591941945,0.001061035503577834
2019-09-30,-0.003296462425282254,-0.010705210573605406,-0.0014838752606745054,0.0037910763881887632,0.021834442934268283,-0.0014838752606745054
2019-10-01,-0.009983032105041145,-0.009827306737547503,-0.010069019151058733,-0.00965168035974373,-0.0069234820748655945,-0.010069019151058733
2019-10-03,-0.004040562773145462,-0.008317505466554187,0.02185937702879137,-0.00932208547233182,0.016827129912620142,0.02185937702879137
2019-10-04,-0.012307760296977222,-0.012640998420308858,0.008589645099571053,0.00042772580157390827,0.019533057252823394,0.008589645099571053
2019-10-07,-0.0043266837625002275,-0.014487450149040515,-0.0010998275814169123,-0.014108590522328157,0.04005904816658723,-0.0010998275814169123
2019-10-09,0.01679783285706482,0.013890412633736027,0.003541282304055038,0.005637513925671689,-0.023956311031304578,0.003541282304055038
2019-10-10,-0.006960833829169011,-0.006280890986434584,0.003128453348817173,-0.004312219886449031,-0.0007862516634590255,0.003128453348817173
2019-10-11,0.006275284833450412,0.003991644993004417,-0.004921960976372208,-0.0004330978265807417,0.013760529532584442,-0.004921960976372208
2019-10-14,0.003193315072573366,0.007256011704902754,0.002525112871933466,0.01863086250421153,0.0016462174566640453,0.002525112871933466
2019-10-15,0.007684353972992053,0.008174213108237183,0.005289471179486638,0.015312658734443874,-0.0022544239808605093,0.005289471179486638
2019-10-16,0.003123841334461419,0.008513384575279836,-0.0056152794792896366,0.005865076863270646,-0.001553439070059559,-0.0056152794792896366
2019-10-17,0.010672506051552677,0.014208535833559521,0.001571020401101464,0.008746317470669895,-0.02107645067541908,0.001571020401101464
2019-10-18,0.006516288783389612,0.01399145412077707,-0.000725060656935228,0.019405500992065505,-0.006141209870632491,-0.000725060656935228
2019-10-22,-0.006302602285396697,0.005347287483564278,-0.002902572974458284,0.004455192410838471,-0.007923998471010885,-0.002902572974458284
2019-10-23,0.001359123648397631,-0.0008344158246628153,0.003802119369369805,-0.0044354317091490625,0.0007573145754609101,0.003802119369369805
2019-10-24,-0.0018527934715960592,-0.0033829975033380366,-0.0027076415410415278,-0.010935619761985427,-0.008908534589236017,-0.0027076415410415278
2019-10-25,0.00011230477560042473,-0.0030557363184468,0.01720997083527731,-0.001638039123766255,0.01664717258763071,0.01720997083527731
2019-10-27,0.0,0.0,-0.004302696543443729,-0.0008202851149897716,-0.0051348714598514755,-0.004302696543443729
2019-10-29,0.017519938181983052,0.017455512982553545,-0.012406986437115797,0.016009826760132073,0.017165113156648593,-0.012406986437115797
2019-10-30,0.004857107869982835,0.006636779736482801,-0.0014980188423566743,0.0024242208461568993,-0.007181172703041305,-0.0014980188423566743
2019-10-31,0.0028157974888274317,0.0029926558287560745,0.012046895617257247,0.006449006483524755,-0.004122992098252398,0.012046895617257247
2019-11-01,0.0011070906504571099,-0.0005413644314932187,0.0033612293570954854,-0.0028033518922357947,0.016729306361289664,0.0033612293570954854
2019-11-04,0.004263888868356602,-0.0018688924458112322,0.00020479723288246987,0.006425696781659385,-0.015453935270289487,0.00020479723288246987
2019-11-05,-0.002018173043904281,-0.007348326418658124,-0.002793487152358165,-0.012769341645801346,-0.02338734278726473,-0.002793487152358165
2019-11-06,0.004099084396871566,0.0032293181933205073,-0.006731878075597275,-0.0016167747998691029,-0.0024019483621399162,-0.006731878075597275
2019-11-07,0.003844209304726398,0.0053287533986212665,-0.0022148946908318035,-0.007287461522910488,0.0027304244276156187,-0.0022148946908318035
2019-11-08,-0.008649599006986697,-0.010423105147775447,-0.008361127548094704,-0.012234956721389079,-0.028569291036336986,-0.008361127548094704
2019-11-11,0.0004450569159482054,0.0022509981252920586,0.0014475685084511802,0.0020644568879739644,0.016692598650146717,0.0014475685084511802
2019-11-13,-0.006127528029514329,-0.0053618822585438375,0.008121451824626424,-0.005356450995601336,0.022710051633194395,0.008121451824626424
2019-11-14,0.002672990768123773,-0.004346449293127441,0.0004729816292763367,-0.005385218063524322,0.019019832637232392,0.0004729816292763367
2019-11-15,0.001966845520657623,0.0007080451368723928,-0.008953432771081182,-0.006663883627108236,0.010149953576665594,-0.008953432771081182
2019-11-18,-0.0009205364347466549,-0.0014736231636686137,-0.003235130631920158,-0.0004192968017562304,0.008092018691822522,-0.003235130631920158
2019-11-19,0.004678329704657314,-0.0029160762630878745,0.008330828618878794,-0.0033557014762590764,0.01830700654736228,0.008330828618878794
2019-11-20,0.004941332311304558,0.006200086679175154,0.004286774339242072,-0.0004208850498949035,-0.0022825791343344948,0.004286774339242072
2019-11-21,-0.002558460196964596,-0.004012957855713872,-0.004430966916942003,-0.014736858167146427,0.013537985638959249,-0.004430966916942003
2019-11-22,-0.004511881140131235,-0.002609066694215345,0.00011873179054444627,0.008547041290593693,0.0029553062319178647,0.00011873179054444627
2019-11-25,0.013374538722098483,0.013696051757624561,-0.00944909104572067,-0.0012712155152787563,0.028236008124542966,-0.00944909104572067
2019-11-26,-0.0029858001604721185,-0.0063089533081421845,-0.002006719150149161,-0.005939728106113651,0.004083698657121548,-0.002006719150149161
2019-11-27,0.005233557820665036,0.007240590093788191,-0.0010353712539772353,0.0,-0.012854195569022342,-0.0010353712539772353
2019-11-28,0.004169196368656758,0.010429003125613567,0.0014870524102317262,0.00981645493984562,0.009242778619516168,0.0014870524102317262
2019-11-29,-0.007826467690735917,-0.007618497053309303,0.0023098850515788083,-0.0038038948929973726,0.001917527503856764,0.0023098850515788083
2019-12-02,-0.0006510929783939412,-0.0002452190328011694,-0.00014967207430771623,-0.012303734065910565,-0.003917372524185225,-0.00014967207430771623
2019-12-03,-0.004481997238144242,-0.007226838962515636,0.0022748765163274065,-0.004725111989135944,-0.022850698487968835,0.0022748765163274065
2019-12-04,0.004085307832292884,0.0010941435676015132,0.008123142108790615,0.0004316024535566676,-0.016214316795254535,0.008123142108790615
2019-12-05,-0.00205923710353606,-0.007708614296943361,-0.0026957653374413137,-0.006471079230174981,-0.010650990348910372,-0.0026957653374413137
2019-12-06,-0.008062669529681155,-0.010356864756466022,-0.0012920940455914964,-0.015197584499972772,0.007628454150316877,-0.0012920940455914964
2019-12-09,0.001342112989137334,-0.0034465315345258984,-0.011495487874364385,-0.0008818543868849282,-0.00011770281713963104,-0.011495487874364385
2019-12-10,-0.006760225785340301,-0.010606006127420575,-0.0008725407567322652,-0.015445736267721055,-0.001768992974400918,-0.0008725407567322652
2019-12-11,0.0044995771891509495,0.004755381540676451,0.001972455695853581,0.009412864045194924,0.004087859857552001,0.001972455695853581
2019-12-12,0.005176207859728388,0.007231602971350171,0.00046583058694316115,0.008436883785385652,-0.00258886281033055,0.00046583058694316115
2019-12-13,0.009597587037832866,0.010178525098389679,-0.002012693387827169,0.010568106038845837,0.006559292487808177,-0.002012693387827169
2019-12-16,-0.0027095898360001147,-0.0057503312348287094,0.0066976668345093415,-0.005664534370088736,-0.0020157762285358816,0.0066976668345093415
2019-12-17,0.009212731336046609,0.004173355274228463,0.0017940243749146045,-0.0008764442607862577,-0.0018322328311323188,0.0017940243749146045
2019-12-18,0.004656834412248179,0.0037974540662810696,0.002775940181791059,-0.0017543425226828058,0.0012232993669338832,0.002775940181791059
2019-12-19,0.003113311498149862,0.0038062719671037026,-0.9900136922489977,0.0017574256492296492,-0.008319236552985498,-0.9900136922489977
2019-12-20,0.000986941701855537,0.005698235015890729,0.002980587540124313,0.0043859817901739095,0.004692320349371837,0.002980587540124313
2019-12-23,-0.0007374472230261553,-0.0003696439783923422,99.00000779377253,-0.004803436892370949,0.0003538153084090556,99.00000779377253
2019-12-24,-0.003930618769240168,-0.0004542469336956678,0.002971722721741621,0.003071509083464985,-0.007074235600228351,0.002971722721741621
2019-12-26,-0.007204522590446127,-0.0036148448527582033,0.007407407407407307,-0.001749821279936059,0.0024225115194183022,0.007407407407407307
2019-12-27,0.009833794601157297,0.0069501010206769465,0.004411809584673687,0.014460995973672341,0.006775412438005279,0.004411809584673687
2019-12-30,0.0008206736062803532,0.0002826504477482228,0.004392319311258941,0.0008639506735741431,-0.015601317493475486,0.004392319311258941
2019-12-31,-0.007131240742024536,-0.006224369542251473,0.004373222426105272,0.012516141874139297,0.0116417011497425,0.004373222426105272
2020-01-01,0.001154609211690083,0.0,-0.0029028239943013068,0.0038363237894352142,0.00697047785511562,-0.0029028239943013068
2020-01-02,0.008183886337984836,0.008049090086510224,0.0,0.005095577202590906,-0.01131021070905125,0.0
2020-01-03,-0.004522789386603554,-0.001978254667673429,0.03056777579040859,-0.0008449707519732064,0.007262349196860418,0.03056777579040859
2020-01-06,-0.019105853072941215,-0.020508134383050325,0.021186439764747433,-0.024101467400346688,-0.009778712583792926,0.021186439764747433
2020-01-07,0.004994592001242859,0.007395575300180202,-0.01798067768859113,0.009532032672518564,0.00033336717531784466,-0.01798067768859113
2020-01-08,-0.0022899444111396106,0.0004395469663649454,0.01690136546819976,-0.0154505886176306,-0.0049956797715413614,0.01690136546819976
2020-01-09,0.015845758122611686,0.013187632369763058,-0.029085852671524526,0.0008717763709442661,0.002103908056051651,-0.029085852671524526
2020-01-10,0.0033480474426501594,0.0025189105141183443,-0.0028530235748296384,0.012630702399438087,-0.0037695280917745544,-0.0028530235748296384
2020-01-13,0.0059354808073293075,0.00796680205036493,-0.005722482362619297,0.015914014590683756,-0.0037599765145508446,-0.005722482362619297
2020-01-14,0.0026562202609821117,0.00214353101015341,0.0,0.005503774604049605,-0.03026350982466608,0.0
2020-01-15,-0.0015369308543056182,0.003907035032970185,0.008633071570087747,0.0029473555715460176,-0.03088603833289849,0.008633071570087747
2020-01-16,0.000988406301843714,0.0007131299891023346,-0.0014265117874148192,-0.011335031957298458,-0.014681728648946235,-0.0014265117874148192
2020-01-17,-0.000254978804985595,0.0019410569502968933,-0.0014285496303013678,-0.002972386288406348,0.05591599039531303,-0.0014285496303013678
2020-01-20,-0.010346193941151438,-0.009657355010012747,0.008011409819303372,-0.02725721474130327,0.0094405988336983,0.008011409819303372
2020-01-21,-0.004474618385662321,-0.00476796663279222,-0.002838446648323334,-0.00963219404048754,-0.0011447910056057164,-0.002838446648323334
2020-01-22,-0.005172555189302153,-0.0008508166741231227,0.0045545073312658335,-0.03669318713138403,0.015897500820440946,0.0045545073312658335
2020-01-23,0.0060667236352978104,0.010677462964687079,-0.0022669829690904475,0.0036714052475805836,0.007392431650254494,-0.0022669829690904475
2020-01-24,0.005574584704263197,0.008839557572664969,0.005396263741740404,0.003200717518887508,0.010435049204924551,0.005396263741740404
2020-01-27,-0.010552527912150667,-0.006620066128306457,0.012711777651004397,-0.009115804834598396,-0.022894770822674104,0.012711777651004397
2020-01-28,-0.005214967844912932,-0.0024861031333208716,-0.0036261439037943433,-0.011959532273190243,0.01730214699587007,-0.0036261439037943433
2020-01-29,0.006113256399948197,0.005422507024655854,-0.0030795242607049023,0.005121071354553308,-0.00820754917985389,-0.0030795242607049023
2020-01-30,-0.0077249841553650445,-0.017641359204511486,0.00898623109630603,-0.007874019226144724,-0.006529228077982507,0.00898623109630603
2020-01-31,-0.006123414854723341,-0.008355273006983022,-0.0016699519282322717,-0.034547141385734226,-0.0008425621302688979,-0.0016699519282322717
2020-02-03,-0.021250384719316173,-0.026856686473531344,0.0011151635550172845,-0.028529987615146468,-0.030479938845342613,0.0011151635550172845
2020-02-04,0.02321082268667074,0.02098258705320699,-0.009189585568355363,0.021901469921140837,0.019210748552590973,-0.009189585568355363
2020-02-05,0.009140500467834434,0.015130372108524748,-0.007588545358870991,-0.003896732636647915,-0.0028283537575390927,-0.007588545358870991
2020-02-06,0.004036661230167438,0.011687981659394442,0.0076465717151714685,0.006845935668723824,0.04646015542188664,0.0076465717151714685
2020-02-07,-0.0032625431230384194,0.006064802033250105,0.0033726510879499294,0.012627500094950506,-0.0057485788646080005,0.0033726510879499294
2020-02-10,-0.005525514763038308,-0.0031931546918603226,0.007002800970792311,-0.02254202456134413,-0.002514263902498648,0.007002800970792311
2020-02-11,0.006350030388978967,-0.0034313245677806137,-0.003616163153166041,0.010304268914081316,0.018048041297090478,-0.003616163153166041
2020-02-12,0.0077056964194832656,3.465747683950582e-05,-0.001675080228984105,0.001457051307585111,0.01212725766644085,-0.001675080228984105
2020-02-13,-0.0021759994314084485,-0.0016548371666085249,0.005313267626521068,-0.008729403387476964,0.025702178119961117,0.005313267626521068
2020-02-14,-0.005026854435148831,-0.010641247182645919,-0.0027817047759690627,-0.023483436254572054,-0.0003121155704189915,-0.0027817047759690627
2020-02-17,-0.00558473346026378,-0.011629383547895666,0.0022315713935787684,-0.021041993397286185,-0.0021185518303245,0.0022315713935787684
2020-02-18,-0.004424762618648104,-0.0038782984604260884,0.005844672493431791,0.0015352496361982215,-0.018012637112341134,0.005844672493431791
2020-02-19,0.011123651500938081,0.020327596728167308,0.015771989608485804,0.02606030847393015,0.015748652326525336,0.015771989608485804
2020-02-20,-0.003715252459506435,0.0013639713190818359,0.0029964754316240683,0.004482079329175548,0.028916727758851124,0.0029964754316240683
2020-02-24,-0.02081386879900149,-0.02078493540963544,0.04780016705100287,-0.025780885265084152,-0.039694497890482294,0.04780016705100287
2020-02-25,-0.002662856861702312,-0.007489165005341358,-0.02954907076826696,0.0015267525306827956,-0.0010345796505789595,-0.02954907076826696
2020-02-26,-0.010120477938589723,-0.014122398984600992,0.0021368011215048277,-0.010670781939269514,0.012726462862399979,0.0021368011215048277
2020-02-27,-0.003870376787472707,-0.0023971076010793624,-0.003731326970692228,-0.00873138583920452,-0.005203778003227133,-0.003731326970692228
2020-02-28,-0.03709607866493836,-0.033655326420509946,-0.0002675798808096097,-0.027461077733057726,0.023254414036118165,-0.0002675798808096097
2020-03-02,-0.006159751824491688,-0.0029340207826410447,-0.009098211461221029,-0.004262116236282032,0.026654322451419965,-0.009098211461221029
2020-03-03,0.015319647408546855,0.019769511166198406,0.0024304659885165947,0.03905829434868635,0.017504553619483776,0.0024304659885165947
2020-03-04,-0.004626950146523701,-0.007767514954477361,0.026400850496645534,0.005149350209931125,-0.0065395331198373485,0.026400850496645534
2020-03-05,0.0015998577904186018,0.006003616366845321,-0.0015747391337693761,-0.0056352770374967776,0.032503069358906345,-0.0015747391337693761
2020-03-06,-0.024806975302821943,-0.021791440984314736,0.026550954185727615,-0.02627512791814024,-0.01672962610624762,0.026550954185727615
2020-03-09,-0.048956043335951605,-0.04383110177925076,-0.015108839029834065,-0.058201079559347946,-0.02222623617588293,-0.015108839029834065
2020-03-11,0.0006649981756232659,-0.007313174871499517,-0.007280259645401799,-0.013483133786796553,0.015732350227959158,-0.007280259645401799
2020-03-12,-0.08301938801064712,-0.08732306620672647,-0.00576221107764896,-0.07175400154912337,-0.07479813205491515,-0.00576221107764896
2020-03-13,0.03806507612689369,0.02842419916276895,-0.03530032099331659,0.003067555015309198,-0.07166751665502946,-0.03530032099331659
2020-03-16,-0.07612100106679087,-0.052914179297691266,-0.025942129728253382,-0.04954130891242747,-0.011624456459682464,-0.025942129728253382
2020-03-17,-0.02504518409052825,-0.00816795167391371,-0.0235490995517329,0.0057915156247632105,-0.028674726386718863,-0.0235490995517329
2020-03-18,-0.05556454027271507,-0.04901113577956717,0.017513544748378962,-0.014075512822648406,-0.014333812319963335,0.017513544748378962
2020-03-19,-0.024247781753128472,-0.032808006594439054,-0.006489829321353113,-0.055807895210438385,-0.06428492356605442,-0.006489829321353113
2020-03-20,0.058329146858465686,0.0358504729106599,0.025560964194282,0.07697593614275511,0.014306916446702678,0.025560964194282
2020-03-23,-0.12980466070471242,-0.1163506381982814,-0.030185547886017572,-0.10593489721314087,-0.08767326596829705,-0.030185547886017572
2020-03-24,0.02507142402516349,0.01055075359739166,0.03912047155844767,-0.00713778585553293,-0.027586577813922375,0.03912047155844767
2020-03-25,0.06624746894667499,0.035945398976619414,0.016488109339980905,-0.020129384330890843,0.02350588739269388,0.016488109339980905
2020-03-26,0.038904356430389475,0.05501203138917532,-0.007299282117114614,0.09757886372260005,0.13432447651421597,-0.007299282117114614
2020-03-27,0.0021755381634551707,-0.0013806838294172508,0.039487933007601894,0.03342245980782321,0.00316823468167704,0.039487933007601894
2020-03-30,-0.04378053643081892,-0.008251965125739669,0.04113187280157704,-0.0019404743141764325,-0.04761898136205889,0.04113187280157704
2020-03-31,0.03823772271336057,0.04210879815516155,-0.038500315283659825,0.040829497621933,-0.014221619598243085,-0.038500315283659825
2020-04-01,-0.04000467509668226,-0.021391107372229934,0.000785202688118769,-0.026774555778369846,-0.046900492760152734,0.000785202688118769
2020-04-03,-0.020596574186770744,-0.012816670319768853,0.014382824605634337,0.0076775358080907186,-0.04125200168910581,0.014382824605634337
2020-04-07,0.08763210467115035,0.06385392507100418,0.022686188003303576,0.029841226244729624,0.04976641779767399,0.022686188003303576
2020-04-08,-0.004941902407507137,0.020152245893777065,0.0030250252614323347,0.0018496108455940963,0.028354657885214074,0.0030250252614323347
2020-04-09,0.04150883161880259,0.03429141532026625,0.02513194212091019,0.03076923076923066,0.020809863934424744,0.02513194212091019
2020-04-13,-0.01295567073707915,-0.0015000867025719566,0.04167689935727159,-0.0005970285899603578,-0.023075447868596388,0.04167689935727159
2020-04-15,-0.007621853562688519,0.00816331098146117,0.004236208128222563,0.011947477041458487,0.07057159646023914,0.004236208128222563
2020-04-16,0.007562771164790316,0.0074486748604998265,0.013827048931473573,0.019480514362593793,-0.020845165937493748,0.013827048931473573
2020-04-17,0.03046328187687486,0.012524270652489733,-0.018261607292685667,0.01852922329717499,0.004727743734431966,-0.018261607292685667
2020-04-20,-0.0005288143766692954,-0.005031072069891396,-0.021662395978319315,-0.022171653568238248,0.045817604496918296,-0.021662395978319315
2020-04-21,-0.030274667144095657,-0.01592407151047004,0.012033694565125819,-0.029651174782545642,-0.025628282886909104,0.012033694565125819
2020-04-22,0.02291941778872575,0.012504967136306444,0.01331751209159271,-0.0065908092769138005,-0.005050159514537245,0.01331751209159271
2020-04-23,0.01377995587701486,0.002655410470052466,0.0,0.0,0.004234438373037497,0.0
2020-04-24,-0.017124941572334906,-0.017492648269303523,0.0018774469657714121,-0.014475257673253195,0.0008647444300582396,0.0018774469657714121
2020-04-27,0.013971358975458648,0.02026886745472556,-0.00304514541109957,-0.0018360273173410047,-0.011476632830993871,-0.00304514541109957
2020-04-28,0.010622430648890235,-0.0026164704925135673,0.0028195236845098837,-0.009196788684358581,0.024039078327175334,0.0028195236845098837
2020-04-29,0.018383013524196468,0.010959563155400032,-0.007263387326017057,0.015470297175778525,-0.0019475137713513835,-0.007263387326017057
2020-04-30,0.03208830345213909,0.020263185199852707,0.004720339107418425,0.05118830959162746,-0.003554383989934795,0.004720339107418425
2020-05-04,-0.05744483901313502,-0.04123181355767658,0.003758511828966693,-0.03072467748669605,-0.02363151001370367,0.003758511828966693
2020-05-05,-0.009458265521601117,-0.013737075032721813,-0.02784925437531849,0.005382784466743784,-0.024367949291399404,-0.02784925437531849
2020-05-06,0.007093593467121684,0.009578176483780565,-0.004333180096500633,-0.0005948976323346677,-0.01210848448600621,-0.004333180096500633
2020-05-07,-0.007750119504051356,-0.010862849238952088,-0.007253366359609381,-0.018452350001214812,-0.017729451796893336,-0.007253366359609381
2020-05-08,0.0057016970693835045,0.008772038223874068,0.010959496668085933,-0.02546998678735979,0.014015914735955759,0.010959496668085933
2020-05-11,-0.0013294930214019507,0.010538117221369214,-0.008190801405345227,0.0031114589520051528,-0.007154242958390955,-0.008190801405345227
2020-05-12,-0.004616242718351149,-0.0015860873512291151,0.0017003525050989232,0.00434241260421353,0.006168271493842248,0.0017003525050989232
2020-05-13,0.02033371253039773,0.01264856987425711,-0.006547052540607723,0.029030222226725133,0.00031497506711741785,-0.006547052540607723
2020-05-14,-0.025661909373274727,-0.00643925286482061,0.012692224609964109,-0.023409327324154683,-0.01829949933115571,0.012692224609964109
2020-05-15,-0.0006453627874545287,-0.005526302270733363,0.007471620777365295,0.0036877359713749502,0.00530953905956677,0.007471620777365295
2020-05-18,-0.034322509703259896,-0.031512936628541044,0.01770338976012953,-0.03490506414496408,-0.012825864394715003,0.01770338976012953
2020-05-19,0.00632982284022332,0.005363682170768547,-0.027503572131224896,0.017766540772783612,0.005026122791069065,-0.027503572131224896
2020-05-20,0.021111396826158035,0.019288510661867875,0.012327825704568696,0.009975052261825157,-0.04834571874789506,0.012327825704568696
2020-05-21,0.004378754451001221,0.012170125674981325,-0.010745003616584259,-0.006790160813029633,0.018624272149672105,-0.010745003616584259
2020-05-22,-0.0073575840768702605,-0.010801886064370714,0.005310191143678145,-0.00497202752935888,0.020395968593031277,0.005310191143678145
2020-05-26,-0.0011284338094974533,0.0013134406327039994,-0.010804339650740458,0.018113616741588512,-0.003991710116295066,-0.010804339650740458
2020-05-27,0.03166450477176164,0.0011577467656349594,-0.013349495797953637,0.011042964024594815,0.04709655386650913,-0.013349495797953637
2020-05-28,0.018803043536468778,0.01767113145592014,0.013284061022391436,0.015169903333994483,-0.03186669487716709,0.013284061022391436
2020-05-29,0.009504662651105722,0.024195052693354535,-0.0048554735350853084,0.029288690049340316,-0.011390709804750876,-0.0048554735350853084
2020-06-01,0.025662097319460564,0.015603626510281687,0.005367099219257376,0.016260203124883965,0.017176884513549595,0.005367099219257376
2020-06-02,0.015565527970742954,0.006526016840163518,-0.0007279490406050249,-0.0005714416503905806,0.024497382882278984,-0.0007279490406050249
2020-06-03,0.008262288035990828,0.005902439872580878,-0.007285071268511856,0.005145806390261409,0.030731422108186024,-0.007285071268511856
2020-06-04,-0.003225168681009971,0.0044292100701364134,-0.0017123212572226487,0.0011376824715854106,0.04017585933148249,-0.0017123212572226487
2020-06-05,0.011272276241460544,0.018909792897159994,0.009311375658680232,0.025000029802321633,-0.02538856055111527,0.009311375658680232
2020-06-08,0.002494520758722585,0.0001835562590679629,-0.013109908201840215,0.018292677769324195,-0.015968881047683015,-0.013109908201840215
2020-06-09,-0.011881032349997822,-0.006585144603449389,0.008610048240669244,-0.008709948146492286,0.04715945687366663,0.008610048240669244
2020-06-10,0.006917728526201428,-0.00035372105310915725,0.0051219288895769655,-0.010982914093683571,0.01064585379358407,0.0051219288895769655
2020-06-11,-0.021169158460066062,-0.015303829428264693,0.012618307918371263,-0.010549724133424587,-0.017467358216746276,0.012618307918371263
2020-06-12,0.00716020911179549,0.010091247123934277,0.0016774429808792402,-0.01178446060993199,-0.009010800775403283,0.0016774429808792402
2020-06-15,-0.015963279394844432,-0.009011225153612301,-0.009330129109252683,-0.0193072198071379,0.012899804944360271,-0.009330129109252683
2020-06-16,0.010220386061458031,0.0028293840307440643,0.010625419665063918,-0.005790409891087811,0.0019740225409825563,0.010625419665063918
2020-06-17,-0.0033134566648174157,0.0008185488511447403,-0.004778899773816292,-0.005824134014291271,0.05372943508542605,-0.004778899773816292
2020-06-18,0.021303187551898528,0.0028070059767202338,0.004561791590594,0.021675503564630105,0.003994940867935615,0.004561791590594
2020-06-19,0.015136275444292302,0.010954266142361835,-0.0023900208832793313,0.01720179058909399,-0.019743091787057687,-0.0023900208832793313
2020-06-22,0.006520616350433883,0.01967338286939002,0.01317679000823535,0.022547893105472117,-0.018787862238627495,0.01317679000823535
2020-06-23,0.015497691991291696,0.018098371460158136,-0.0016552303927360734,0.02590966022696395,-0.035855582631861616,-0.0016552303927360734
2020-06-24,-0.015824677233549855,-0.010573193579535012,0.011369008251021828,-0.023105872706774666,-0.021427600159324656,0.011369008251021828
2020-06-25,-0.001591357298992957,0.0007371105342435236,-0.009133475004218905,-0.011001141891208488,0.0006183598423663561,-0.009133475004218905
2020-06-26,0.00914574014738645,0.0016755990270287402,0.0004727122929448768,0.0094549544283693,-0.022164112292464067,0.0004727122929448768
2020-06-29,-0.006799538608783573,-0.008277355397057096,0.0037798214148605513,-0.02093659331973985,-0.012870249013703816,0.0037798214148605513
2020-06-30,-0.0009988732845714887,-0.0006134078986617109,0.0028241686783829767,-0.00506472426952409,-0.0028517940118575336,0.0028241686783829767
2020-07-01,0.012419817334717198,0.0004564310189791865,0.00915276658207076,-0.005090506280225782,0.004348367147720911,0.00915276658207076
2020-07-02,0.011663452514898642,0.00745669447785402,-0.017674379570539633,0.00682199720544685,-0.0015690797492019515,-0.017674379570539633
2020-07-03,0.005273976044848361,0.007659692215233216,-0.0009469913337559754,0.011293098434703275,0.0002036114878889439,-0.0009469913337559754
2020-07-06,0.014735139974255018,0.00453601975583684,0.0016587605108693282,0.013400322342986604,-0.005586966827682449,0.0016587605108693282
2020-07-07,0.003344590235981215,0.004787784178709398,0.0035485618537316466,-0.017630837550955847,-0.0042724281585860835,0.0035485618537316466
2020-07-08,-0.00869476207364206,-0.0034519633346756784,0.01390853790794866,-0.003925950371494347,-0.0075233062443994525,0.01390853790794866
2020-07-09,0.010060032721901813,-0.0011749643838224744,0.0074402120904355495,-0.010135152187839447,0.006780773434796883,0.0074402120904355495
2020-07-10,-0.004198511095439339,-0.002282131637201368,-0.003000255310907085,-0.007394719074560463,0.00023544671064801292,-0.003000255310907085
2020-07-13,0.003217889149241815,0.0025258270718016007,0.0013888323503277178,-0.004584522648042544,-0.004469570207795259,0.0013888323503277178
2020-07-14,-0.01808349601540049,-0.009817306385712987,-0.003236231971344039,-0.020149704349995523,-0.010072388693490808,-0.003236231971344039
2020-07-15,0.0010229309240368245,-0.005444580835066493,0.002319162599617064,-0.007638135406508484,0.0017904797813377282,0.002319162599617064
2020-07-16,0.011466161662100571,0.002890802805611825,-0.0023137965292434615,-0.008288892522651081,0.0134924253588522,-0.0023137965292434615
2020-07-17,0.01506059125586967,0.01640652907300466,-0.005565813305066336,0.034626861116779484,0.01248948323211474,-0.005565813305066336
2020-07-20,0.011053321760931656,0.005685139550393181,0.004430938012505381,-0.006347409742402221,-0.003482694222531557,0.004430938012505381
2020-07-21,0.012706156865764484,0.0017284534406230012,0.004411391410616083,0.022067426438312054,0.01368942791497596,0.004411391410616083
2020-07-22,-0.0026563094918139463,-0.005447501878252492,0.014332010416963303,0.013636350336153846,0.039191919783043705,0.014332010416963303
2020-07-23,0.007442159858846331,0.00815267018277721,0.014129419252345343,0.005044851559310892,0.003456165134949396,0.014129419252345343
2020-07-24,-0.0018991484351116306,-0.01132596889623394,0.009438161099894593,-0.010039057563419052,0.013528651485394505,0.009438161099894593
2020-07-27,-0.005569925698846956,-0.007830132730678563,0.03406061122798265,-0.01070425543986575,-0.016719333504101375,0.03406061122798265
2020-07-28,0.0151592736988444,0.006713422240769873,-0.009472603534536606,0.0,0.0008019052303611662,-0.009472603534536606
2020-07-29,-0.008645614328603224,0.004686445483880641,0.011084593671714549,0.0017084674007932232,-0.012183339619605382,0.011084593671714549
2020-07-30,-0.008988714680747911,0.005006995621594346,0.0006448576741548973,-0.015918174202193658,0.0048385139469167004,0.0006448576741548973
2020-07-31,-0.002585102372305803,0.011140391966107277,0.012674546987278212,-0.000577713991355755,-0.0031173695520743117,0.012674546987278212
2020-08-03,-0.016422215545293994,-0.005048081292832296,0.003182043441261495,-0.0063583068123660436,-0.0035180617592348584,0.003182043441261495
2020-08-04,0.018697932161379383,0.0064151074391640694,-0.0006344384312390039,0.0005817468627777878,0.002521728704418136,-0.0006344384312390039
2020-08-05,0.0005768586219327965,-0.0008513478039706701,0.026449429631707266,0.0,0.05391123123530406,0.026449429631707266
2020-08-06,0.008872554668374333,0.007075463641859958,0.008039645801690032,0.004069749518560872,0.016573916186065407,0.008039645801690032
2020-08-07,0.0012410024488720417,0.002438669715485009,0.005521403571399075,0.004053253790896827,-0.011138592133882574,0.005521403571399075
2020-08-10,0.005002705259437024,0.014581448205672753,-0.015659887568446496,0.018454422837848705,-0.0024533802276826,-0.015659887568446496
2020-08-11,0.004644978776729314,-0.004868136973126713,-0.022727319300397175,-0.00169879314296284,5.339170826768047e-05,-0.022727319300397175
2020-08-12,-0.0012452735151247118,-0.000397947472359772,-0.03424944942949304,0.004537715684302723,0.0038072343775539252,-0.03424944942949304
2020-08-13,-0.0007030344733010008,0.00491765285436796,0.006786369772766587,0.009599101359807127,-0.015517238563940161,0.006786369772766587
2020-08-14,-0.010800437378868932,-0.009280213131581783,0.007175429534979294,-0.0027963780429172136,-0.0003528190634134454,0.007175429534979294
2020-08-17,0.0061457110453491115,0.0033382328759909985,-0.0036700813917386332,0.02972522091493901,0.004566815077588826,-0.0036700813917386332
2020-08-18,0.012292057935075373,0.011560606546409113,0.025135423814918623,0.0021785951442812035,0.0005683010029799984,0.025135423814918623
2020-08-19,0.002024600213507588,0.0015198119835364565,-0.009088993715788418,0.0,-0.002975135241191529,-0.009088993715788418
2020-08-20,-0.008432399987605033,-0.0007867007605573129,-0.02559728531566985,0.03152173563753502,-0.002224291299849246,-0.02559728531566985
2020-08-21,0.005250916093857194,0.0030536255242687993,0.0008756767788991038,0.01685983680411174,-0.009325323616358072,0.0008756767788991038
2020-08-24,0.008341006471886514,0.0001440303634010487,-0.004811925083753166,-0.004663220525681133,-0.009906867975347011,-0.004811925083753166
2020-08-25,0.0005058064691958464,0.0008910595339151062,-0.0125274658203125,-0.00832898776874158,-0.0021065954454616564,-0.0125274658203125
2020-08-26,0.0067423225064831005,0.0006258982050231232,-0.0028934134705593806,0.0031496785141222894,0.008916318166433568,-0.0028934134705593806
2020-08-27,0.0008355606212675504,0.004204073439499689,0.005580357237890077,-0.006279478566232788,0.013434696378958444,0.005580357237890077
2020-08-28,0.007643195654994939,0.00297824240699196,0.0011098609968325235,0.0031595295769111242,-0.009236141731061798,0.0011098609968325235
2020-08-31,-0.022330747801946216,-0.04263569295871106,0.0053215451571360095,-0.02519682737322737,-0.007046490364150393,0.0053215451571360095
2020-09-01,0.007266739846322645,0.011882955109346005,0.002646646040602496,-0.0048465349524466905,0.0013253260796941557,0.002646646040602496
2020-09-02,0.005645038251127943,0.011240490866237574,-0.01011876581030935,0.012987000923330161,0.006508273256224939,-0.01011876581030935
2020-09-03,-0.0006545127600779965,0.0060550298119064205,-0.012444474962022611,-0.01068369994266749,0.013754008631978065,-0.012444474962022611
2020-09-04,-0.016794744948559814,-0.018421649372388327,0.006300688628416262,-0.017278600805329503,-0.0005405963975401162,0.006300688628416262
2020-09-07,0.0018705202595032944,-0.003301903413326368,0.0006708134722275272,-0.01153851555044505,-0.004083073823422434,0.0006708134722275272
2020-09-08,-0.0033201259317187093,-0.006783001359896956,0.0015642389904853005,-0.016120011777003285,-0.01775802671046245,0.0015642389904853005
2020-09-09,-0.003476927967516641,-0.0016658771353377233,0.002677352358362972,-0.01242944696159376,0.0005531059771901603,0.002677352358362972
2020-09-10,0.015184429863450921,0.009717013694710896,0.0062305875066879235,0.004576654794112178,-0.002928594520345995,0.0062305875066879235
2020-09-11,0.0013276149365679668,0.008878511185296478,-0.0011057728971249903,-0.005125293583433499,0.003242041942207452,-0.0011057728971249903
2020-09-14,-0.0021283524468515003,-0.0011910004740381952,-0.003099388871454223,0.00171726890810886,0.0029826126446519385,-0.003099388871454223
2020-09-15,0.007145947910690342,0.009531912551710597,0.011769989081985344,0.0005714416503905806,0.009803567879468345,0.011769989081985344
2020-09-16,0.0071820376506051,0.004733662539627259,-0.003950840644208253,-0.007424389858133984,-0.004526984106603238,-0.003950840644208253
2020-09-17,-0.007622027291120936,-0.0057802778054485415,-0.008814489124372327,-0.0074798139841145694,0.008245819987850345,-0.008814489124372327
2020-09-18,-0.0009681588767627147,0.0024230614566806974,0.007558918542643234,0.009855076886605474,-0.015921866291882636,0.007558918542643234
2020-09-21,-0.02211225483867385,-0.03199671477398969,-0.007060893578531124,-0.024110222414149285,0.009359841579810846,-0.007060893578531124
2020-09-22,-0.00861286032635733,-0.011763606555960426,-0.016444481743706607,-0.018823511460248188,-0.007577211196561073,-0.016444481743706607
2020-09-23,-0.0019545871070447696,-0.002560915387752827,-0.006326226613538988,-0.010191850910290068,0.004740987743330871,-0.006326226613538988
2020-09-24,-0.029312272096516434,-0.022571316601319835,-0.014097292822601082,-0.027861961565366022,-0.01582888479510358,-0.014097292822601082
2020-09-25,0.022645788482354545,0.027283734696623263,0.005996271168666301,0.013707241816879767,0.009003534042961281,0.005996271168666301
2020-09-28,0.016044868187371275,0.022471681492014284,-0.007106775932705256,0.0350337848055946,0.011795944042249706,-0.007106775932705256
2020-09-29,-0.0004586409458945395,-0.0046275153358628085,0.019395061786027012,-0.013657929937784696,-0.011385482703115013,0.019395061786027012
2020-09-30,0.002241001317642377,0.006262608476793163,0.0006794740262758836,-0.010836863248734785,-0.0036178496959720086,0.0006794740262758836
2020-10-01,0.015061092732783665,0.008015736123712314,-0.0018108155387521752,0.002434510495176845,0.004434750160656087,-0.0018108155387521752
2020-10-05,0.0075676439490797165,0.002581595963710992,0.0018141005401992594,-0.000607178463797986,0.012004072358042572,0.0018141005401992594
2020-10-06,0.013826475474619793,0.0037333500330742897,0.009732917659699636,-0.0018225261825909334,-0.01617021423297449,0.009732917659699636
2020-10-07,0.006555187284725372,-0.002492438996318125,-0.014794885415423176,-0.008520960867197003,0.0017186661816435134,-0.014794885415423176
2020-10-08,0.008156676606839941,0.004900371419193528,0.0011376390487507493,-0.011663629427823508,0.004011764368130777,0.0011376390487507493
2020-10-09,0.0067260903253916204,-0.0028629182069959125,0.009090943769975102,0.006211203670828613,-0.008046674810797905,0.009090943769975102
2020-10-12,0.0014058853909966196,-0.004120763231191371,0.008783769735258407,-0.006172862762975684,-0.016307893494265424,0.008783769735258407
2020-10-13,0.0002975290843887368,-0.004159708894790781,-0.0015628420047643088,-0.002484528855874024,0.011607465183637533,-0.0015628420047643088
2020-10-14,0.0030625333853533387,0.007344385717268587,-0.012745967783210577,-0.011830609383656765,-0.00622557442287508,-0.012745967783210577
2020-10-15,-0.02428360085835335,-0.016849499930813416,0.0033974565344854213,-0.009451771872208137,-0.01834491249993342,0.0033974565344854213
2020-10-16,0.007028949362235082,0.008678648001219313,0.004288994236534727,0.00763358037663453,-0.0021180034598464736,0.004288994236534727
2020-10-19,0.009402769621849272,0.008250611682535824,0.0006742813703104478,0.017676810855318248,0.0019219517787900653,0.0006742813703104478
2020-10-20,0.002000328507897331,0.002017952990426952,-0.0017969863035061096,-0.008064581969427276,0.0018029594216204536,-0.0017969863035061096
2020-10-21,0.0034337457642519276,-0.002343794383977582,0.007875839325701683,0.013133270470747638,0.0005145778689537028,0.007875839325701683
2020-10-22,-0.0034512817819539743,-0.0007086721605944479,0.0,0.016666576401200617,-0.011394509049690194,0.0
2020-10-23,0.0028495402835257977,0.0029705930638841416,-0.0031256840095286176,0.015179114172596986,0.002050802784542949,-0.0031256840095286176
2020-10-26,-0.013629073304543216,-0.01349315068493151,-0.002239692842124552,-0.013755954047954044,-0.010233593552007814,-0.002239692842124552
2020-10-27,0.010337608346965288,0.014771408647684448,-0.0006733732841889273,0.003032210133607993,-0.0005827635690932587,-0.0006733732841889273
2020-10-28,-0.013440608945763599,-0.00822767335729957,0.002021566748932946,-0.008464406846896866,0.01608702120758232,0.002021566748932946
2020-10-29,-0.005012942184360991,0.0044573302917889635,-0.005828337428225416,-0.010975628619673827,-0.0017499360732534663,-0.005828337428225416
2020-10-30,-0.002433373422367602,-0.00033447977436140697,-0.0006764099285004876,0.008014862738508155,-0.010745305281933626,-0.0006764099285004876
2020-11-02,0.002297636149117599,0.0035303886741320234,0.00676893590086336,0.010397557940525548,-0.0038046101149892264,0.00676893590086336
2020-11-03,0.01237019016319918,0.0057770040566273995,0.004034072377513187,0.004842610259641944,-0.014810791284975089,0.004034072377513187
2020-11-04,0.008041647267956087,0.006696573561408847,0.0008928775939409661,-0.007228966052757024,-0.011452335851153683,0.0008928775939409661
2020-11-05,0.017785598915690537,0.016048058284192868,0.0017840770759409708,0.022451507858670006,0.038018081873303355,0.0017840770759409708
2020-11-06,0.011819014571289532,0.003559492361255412,0.015360696116040184,0.005934740605685551,0.004989362706621314,0.015360696116040184
2020-11-09,0.016104635537461442,0.014510413059254601,0.004823530317015434,0.014749261872991415,-0.008775969938340289,0.004823530317015434
2020-11-10,0.01364650710436388,-0.00690707015980041,-0.04036662044304751,0.02034874759280414,-8.822242602712915e-05,-0.04036662044304751
2020-11-11,0.009346041508720315,0.011642091001946797,0.005002301568735712,0.01310549627257318,-0.006059736648601377,0.005002301568735712
2020-11-12,-0.004576821525331454,0.005893341741185498,0.001357410804482484,-0.008998866211084255,-0.015419619545419594,0.001357410804482484
2020-11-13,0.002296970330761372,0.00895186938112924,0.001807542568653231,0.004540290572967676,0.003005858034167863,0.001807542568653231
2020-11-14,0.0,0.0,0.008344585715189146,0.003954784847850723,0.016632713212347383,0.008344585715189146
2020-11-17,0.012126619808373373,0.012932362071752745,-0.004473289354392174,0.001125518134409198,-0.004775431214051551,-0.004473289354392174
2020-11-18,0.004975051165572175,0.0034305380515984307,-0.007414019968582486,-0.002248505535063283,-0.00133288077834548,-0.007414019968582486
2020-11-19,-0.01287266861341374,-0.007087673855546761,-0.00792210212094746,0.0022535727057657606,0.018478552825168748,-0.00792210212094746
2020-11-20,0.00683930941371913,0.012613298851449795,-0.0004563188895305714,0.014052837950210284,-0.000407616123579424,-0.0004563188895305714
2020-11-23,0.005241475198302092,0.008927401181851868,0.0015978017034916636,0.02217292673117255,-0.024909725652615844,0.0015978017034916636
2020-11-24,0.0099563448098976,0.005190175783475581,-0.02506841982776664,0.0075921575701620725,0.023125654678813,-0.02506841982776664
2020-11-25,-0.015070680468092346,-0.015170895849919264,-0.002337505305621601,0.008611401941286623,0.0009636631152538655,-0.002337505305621601
2020-11-26,0.010001213639976747,0.00901679822543211,0.006091806927697618,0.004268939417456652,0.0167467506507899,0.006091806927697618
2020-11-27,-0.001389836350773832,0.004914537173005495,-0.0023287954662134513,-0.0015939840479979317,0.0018935102119841396,-0.0023287954662134513
2020-12-01,0.010802694687318537,0.013196192704372445,-0.0128384508660494,0.012772738660158156,0.002807124178239473,-0.0128384508660494
2020-12-02,0.0003585458429504751,0.008389559444702988,0.01276899748964233,0.01891742984831124,-0.037870822362366274,0.01276899748964233
2020-12-03,0.0015365849299400214,0.010546080967942517,0.005603498797787099,0.022692137591944217,0.03609589764749499,0.005603498797787099
2020-12-04,0.009490662358873525,0.003821897398534224,-0.00023214120278725048,0.00806857529136118,-0.004669719617057422,-0.00023214120278725048
2020-12-07,0.007331133249439903,0.009085818208836915,-0.0069670934089633985,0.011005468527936157,0.010131846905894859,-0.0069670934089633985
2020-12-08,0.002785331809333158,-0.0003262375787765892,0.013564121932217343,-0.012864835888733883,0.0007696321459127464,0.013564121932217343
2020-12-09,0.010165752285866914,0.00024591277025076685,-0.0036917361986339436,0.001503698152864441,0.0008826033671611722,-0.0036917361986339436
2020-12-10,-0.0037548548058806697,0.004049267005462154,-0.012274172662137484,0.0,-0.002702725466885769,-0.012274172662137484
2020-12-11,0.002637558535026452,0.002453636498768841,0.0014067422379187011,0.025525537565890932,0.016801673447605525,0.0014067422379187011
2020-12-14,0.0032781762806703973,0.003590759930302667,-0.0035120045515564247,0.029770649934871773,-0.004067962975379591,-0.0035120045515564247
2020-12-15,0.0007153791977927426,-0.0022079204873114433,0.006108982921611661,0.0023696320453365782,0.001126920008018395,0.006108982921611661
2020-12-16,0.008464907059269056,0.005352995825461004,0.011910372252807777,0.010401949157028634,-0.00045051413423957687,0.011910372252807777
2020-12-17,0.004238929390550483,-0.003487441074161546,0.007846672594575166,-0.007955080468777576,0.018269597485936595,0.007846672594575166
2020-12-18,0.0014445849987885229,0.0015922004616479857,0.0013739724251622398,-0.007547162342173674,0.07486262025398438,0.0013739724251622398
2020-12-21,-0.0314049525779333,-0.03463704040476667,0.009833073626275057,-0.06273771600450362,-0.03775599673118768,0.009833073626275057
2020-12-22,0.010346283876607965,0.01439392444031573,-0.010416645970609428,0.012677485228445251,0.007510488546464744,-0.010416645970609428
2020-12-23,0.010010159185716239,0.016949270556884777,-0.0027459709334040072,0.004506767936026224,-0.05425276891488995,-0.0027459709334040072
2020-12-24,0.01089253037474136,0.0037167773934057013,0.0034418931821786902,0.0104686439387911,-0.008303220875039541,0.0034418931821786902
2020-12-28,0.009015051389166695,0.00880923785660892,0.0027440871973680725,0.011346795118015729,-0.022458917923477095,0.0027440871973680725
2020-12-29,0.004281594241144937,-0.0006043436429569171,-0.0038768112853102554,-0.008780502691501546,0.0013887899059041864,-0.0038768112853102554
2020-12-30,0.003542094606974411,0.004110571994393464,-0.00228934234025735,0.0014764117665391208,-0.003149844218818587,-0.00228934234025735
2020-12-31,-1.4318125132972703e-05,0.0013599889973550106,0.0039008297797769043,0.0004914117294534392,-0.0022030083651382038,0.0039008297797769043
2021-01-01,0.0026284263414808606,0.0,0.001371459960937571,0.003929269219441034,0.021236560580678354,0.001371459960937571
2021-01-04,0.00816067272711063,0.02378139280054392,0.01620632417750878,0.01859095649892173,0.014166805105164215,0.01620632417750878
2021-01-05,0.004712380865514287,0.016138022552034004,0.010107833744664285,-0.010086411505801363,-0.006648027812529156,0.010107833744664285
2021-01-06,-0.0037501320469031096,-0.001870299705363121,0.004225008262208174,0.015041215757494175,-0.007454872956196734,0.004225008262208174
2021-01-07,-0.0006291696120880319,0.003965401277871594,-0.01660761741661032,0.008126198645983074,0.0019347241479978905,-0.01660761741661032
2021-01-08,0.014847223590326086,0.013033470078416043,-0.013060076972533974,0.018492147312790808,-0.0001133080347762716,-0.013060076972533974
2021-01-11,0.009583718134137165,0.00371538889891454,-0.018252407445508934,0.0069832226129860064,-0.006333113779215194,-0.018252407445508934
2021-01-12,0.005433314024232416,-0.0027686599438740966,0.004647937918038636,0.011095778445619375,0.016090135760367108,0.004647937918038636
2021-01-13,9.609083312889233e-05,-0.006029684390208678,-0.0037011299816412935,0.006401435037775016,-0.005625196264262833,-0.0037011299816412935
2021-01-14,0.002111247340323086,0.004756072037576553,-0.008590641618444916,0.0031803586595315902,0.004214196608580689,-0.008590641618444916
2021-01-15,-0.011092344158201595,-0.01566208586197304,0.007728290643119529,-0.020833291941218746,-0.00014073980431061894,0.007728290643119529
2021-01-18,-0.010558650142566628,-0.018392048159528995,-0.011387354814550554,-0.026364550418447763,0.0019720246762664484,-0.011387354814550554
2021-01-19,0.016794730817062842,0.017055361421860482,0.005876821688284073,0.012351555263910852,0.000281206434717296,0.005876821688284073
2021-01-20,0.008508265623863087,0.005698971921773932,0.004674006979674461,-0.0009384585131970713,0.006436562720290251,0.004674006979674461
2021-01-21,-0.0037112802046228577,-0.008928915915334512,0.00535007055725556,-0.019727574365092093,0.0,0.00535007055725556
2021-01-22,-0.014972171647596122,-0.008192989277831186,-0.004164745490325417,-0.022041254112291964,-0.005836919169831867,-0.004164745490325417
2021-01-25,-0.009254169343308138,-0.007759652991448984,-0.005808550062316731,-0.01371879905628759,-8.419440747842177e-05,-0.005808550062316731
2021-01-27,-0.019060488041877988,-0.013237335261749639,-0.005375076824381875,-0.007948328568435747,-0.0029500660412169477,-0.005375076824381875
2021-01-28,-0.010735650281904374,-0.00395502358121258,-0.0004699355525920046,-0.007010485451284687,-0.006114116923562007,-0.0004699355525920046
2021-01-29,-0.013240422354072856,-0.023688603718363566,0.0025858158905542883,-0.01210286293704177,-0.003912337081751649,0.0025858158905542883
2021-02-01,0.047423511101338356,0.02892900398443632,-0.00726849618288794,0.014803420414491564,-0.004895539376109204,-0.00726849618288794
2021-02-02,0.02567357148195737,0.020377162436700846,-0.009919744499975125,0.02464797279437625,0.01821929176270931,-0.009919744499975125
2021-02-03,0.009701122671723184,0.004770982524213485,-0.005486630541093773,0.03043686334517104,0.009775343140717263,-0.005486630541093773
2021-02-04,0.0071467580293813615,0.016061771197394492,-0.008635087731177382,0.02763220247882625,-0.012796249345968458,-0.008635087731177382
2021-02-05,0.0019199973566108586,-0.006851002633075698,-0.004839118172725976,-0.0013907640111869846,0.004931177942022691,-0.004839118172725976
2021-02-08,0.01283480273296811,0.011079854626906416,0.0036469172693001095,0.009284997543646867,-0.018618589388618045,0.0036469172693001095
2021-02-09,-0.0004300136336804483,-0.0005253747425435495,0.013808132550384045,-0.00045999213372216463,-0.0006003057004522194,0.013808132550384045
2021-02-10,-0.00018530340410816137,0.003931571348444907,-0.0021505413588854827,-0.004141746639845012,-0.005717646241968466,-0.0021505413588854827
2021-02-11,0.004421924647502795,0.007571065841483593,0.0,-0.002310500853547337,-0.00031646459816025985,0.0
2021-02-12,-0.0006590524229219685,0.002479656435379063,-0.013409903762017006,-0.015284850457330745,0.007075747348970429,-0.013409903762017006
2021-02-15,0.00998465984153385,0.010598717549535897,-0.00024277029236041692,-0.00047037764695090356,0.006112178044468175,-0.00024277029236041692
2021-02-16,-8.162092525865194e-05,0.003985050618258379,0.003884434395400982,0.0324706133674173,-0.008488255641358022,0.003884434395400982
2021-02-17,-0.006827318687430917,0.0020478258167260233,-0.020072504159265647,0.012306223511522552,5.743153638748666e-05,-0.020072504159265647
2021-02-18,-0.005914312869584326,0.0048856307907363394,-0.0012339396963398919,0.04547502343608567,0.00382914294527259,-0.0012339396963398919
2021-02-19,-0.009074717063029758,-0.013292400118458003,-0.009142642338067164,-0.01937979624883157,-0.007773350338225571,-0.009142642338067164
2021-02-22,-0.020428174591586412,-0.016218895328635408,0.00822947240927352,-0.015810303167069883,-0.03171401847305044,0.00822947240927352
2021-02-23,0.0021872625461001327,0.007004839572907207,0.005936133117931508,0.020080355466464583,-0.022917683244091047,0.005936133117931508
2021-02-24,0.01864318245786234,0.005343939579639745,-0.001229388721702085,0.00962376673143539,0.016190815742578968,-0.001229388721702085
2021-02-25,0.007699213013950157,0.006635765379884528,-0.007139269041251617,0.04636047219936068,-0.019083501141221926,-0.007139269041251617
2021-02-26,-0.03763569324758598,-0.022014818376715928,-0.0019836803228976407,-0.02774327481893024,-0.009758181060507964,-0.0019836803228976407
2021-03-01,0.015995389118723446,0.009515988760274707,-0.007204991690120344,0.02853492714464223,0.01874216066642953,-0.007204991690120344
2021-03-02,0.010672985341787733,0.0173448588871854,-0.011010976896642544,0.004140802610737682,0.010162812416222744,-0.011010976896642544
2021-03-03,0.021884698711632122,0.01597097318186491,-0.00480765750273815,0.005360790134705251,-0.011393807453329297,-0.00480765750273815
2021-03-04,-0.010812930524138231,0.0018115809264875882,-0.010170391743106078,-0.008613580463554538,0.011126473498669798,-0.010170391743106078
2021-03-05,-0.009459104528952489,-0.014506292436400114,-0.006678708815625156,-0.007861006762841072,-0.014065828312727069,-0.006678708815625156
2021-03-08,0.0012117060677612201,-0.0016790398218833325,0.0007758623070801551,0.01876567020557518,0.014420541507642826,0.0007758623070801551
2021-03-09,0.00950777560179139,-0.0077202595053045275,0.003875909773244368,-0.01882934859087304,0.01591275946146653,0.003875909773244368
2021-03-10,0.005060099883821945,0.006026771809063858,0.0025740615893452556,-0.006675004255130235,-0.005877464595466786,0.0025740615893452556
2021-03-12,-0.009479506235763657,-0.00936459370696996,-0.008215653107988996,0.0021000061121674296,0.007623033210214292,-0.008215653107988996
2021-03-15,-0.006749419963093084,-0.005310337134586063,0.011131252738449948,0.00335288858590177,-0.001846656262406876,0.011131252738449948
2021-03-16,-0.001275984104457617,0.004675864281812325,-0.0007681155386404237,0.00041772049535282463,0.019246695633025945,-0.0007681155386404237
2021-03-17,-0.012685759862868795,-0.01966008713934919,0.0028183605890839125,-0.026722391507703724,-0.008607272042651215,0.0028183605890839125
2021-03-18,-0.011102973071742905,-0.012000724400865859,0.000766448128888042,-0.013298990692613089,0.0035142204305396163,0.000766448128888042
2021-03-19,0.012786942826028547,0.011367379356808538,0.0015318196603488765,0.01695649520210596,-0.027043810750339903,0.0015318196603488765
2021-03-22,-0.000515437423697751,0.009889659281921537,-0.009686491780508732,-0.002565176037111705,0.007954281565722976,-0.009686491780508732
2021-03-23,0.00531673999743143,0.012185790308964606,0.001801794017336933,-0.011144459054097333,-0.023134583032665135,0.001801794017336933
2021-03-24,-0.017911176994211853,-0.014991800938310873,-0.0010276747870453518,-0.014737761468812227,0.0007678971884139685,-0.0010276747870453518
2021-03-25,-0.015430189146808937,-0.022028660644407894,0.0002571584685835404,-0.024637020555227318,-0.003529837660354085,0.0002571584685835404
2021-03-26,0.012733031929623273,0.012169907442764138,-0.002571315908729721,0.0013532109401113157,-0.0010167004860243134,-0.002571315908729721
2021-03-30,0.02328481586755049,0.003439170357229182,-0.01056973028448649,0.028378339599803848,0.009558471493326559,-0.01056973028448649
2021-03-31,-0.010400699094332388,0.002843257262112431,-0.005471675177841084,-0.007446345898469375,-0.006016842269188416,-0.005471675177841084
2021-04-01,0.012024574166918489,0.015019281162067966,0.024364693471020882,0.01015002399757714,-0.0004606458475997499,0.024364693471020882
2021-04-05,-0.015439860548026041,-0.009193098881047246,0.005882439025818087,-0.008737390167046777,-0.017337704542414456,0.005882439025818087
2021-04-06,0.003122067245233451,0.00999122713204037,0.004068137298833596,-0.004407244562186108,0.0009380449185800721,0.004068137298833596
2021-04-07,0.009231436965811968,0.009886426000230264,0.01570014954501353,0.002213334958956148,0.0003126312626100525,0.01570014954501353
2021-04-08,0.0036945688638336804,0.0075276734511591226,0.004238298837159427,0.003975271864584906,-0.005342709516401922,0.004238298837159427
2021-04-09,-0.0026187118170183377,0.0010686744135146586,0.004220506176627614,-0.01011876581030935,-0.014229546984217079,0.004220506176627614
2021-04-12,-0.03532558930400764,-0.046521506553571235,0.0009888977694159085,-0.05066663953993056,-0.012937360767067863,0.0009888977694159085
2021-04-13,0.013556195506029933,0.010368216279573295,0.0004938661950473211,0.0313670438740179,0.0020660001708963094,0.0004938661950473211
2021-04-15,0.005284484560774683,0.006157619226680122,0.0051839769901520505,0.01044028756548121,-0.012113058670617627,0.0051839769901520505
2021-04-16,0.002496282165007191,0.010721141363602804,0.002701390153584615,0.014375547687956791,0.009489684980907853,0.002701390153584615
2021-04-19,-0.017676978554819645,-0.01713154630135305,0.017144181162142003,-0.03852970957364843,-0.016087742167089636,0.017144181162142003
2021-04-20,-0.004390823034999047,0.004468713669256941,-0.010353968644712386,0.0013818833676029207,0.02636500837617839,-0.010353968644712386
2021-04-22,0.007676757575422188,0.001270605650791401,0.009245768423921108,0.003679849335248564,-0.005630475856562622,0.009245768423921108
2021-04-23,-0.004498133053794207,0.0012265565929470146,0.0009643422364702392,0.014207125127316811,-0.003635143402636709,0.0009643422364702392
2021-04-26,0.010016518287169873,0.005040017063252078,-0.006984607715078139,0.009941311750845339,0.001614410885312223,-0.006984607715078139
2021-04-27,0.011601643402658013,0.0077486758573952486,-0.0036380721039781516,0.004921642108522306,0.001224846332775087,-0.0036380721039781516
2021-04-28,0.014433855260107098,0.006148261592365367,-0.010710867132280089,0.009350000016984383,0.00602088431610559,-0.010710867132280089
2021-04-29,0.0020418099664161193,-0.00034190534074474144,0.001968549022052013,0.002646646040602496,-0.002016364716829644,0.001968549022052013
2021-04-30,-0.017710812045177438,-0.004781601214548181,-0.0031925605161607917,0.017157998453646295,0.0025015439848083965,-0.0031925605161607917
2021-05-03,0.00020851346320172048,0.008640974688548964,0.002463623398501369,0.00043245333781460893,0.01103618529785666,0.002463623398501369
2021-05-04,-0.00940610742344028,-0.003939020008189353,0.0014745975747374462,0.0025940931892807217,0.009903073606777335,0.0014745975747374462
2021-05-05,0.0083709591539336,0.01645834176946437,-0.0053988029620398725,0.012505347197073524,0.00128465457718141,-0.0053988029620398725
2021-05-06,0.0073164109749706,0.005676661507199032,0.007155216488076377,0.0004259041344463199,0.010477719615706205,0.007155216488076377
2021-05-07,0.006679247748155426,0.0033405052373283173,0.010289122655134042,0.012771440925173794,-0.011913634509583604,0.010289122655134042
2021-05-10,0.008041422748121585,0.010419605702497448,0.005334563459068242,0.03909198663460978,0.011100074393332049,0.005334563459068242
2021-05-11,-0.006130201191218876,0.002024069939215334,-0.001447119149026177,0.03276704675527342,-0.0029967495289153767,-0.001447119149026177
2021-05-12,-0.0103866808073666,0.0012478383118676994,-0.00024159748458507657,-0.001175114995637272,0.008479997451208643,-0.00024159748458507657
2021-05-14,-0.0012724250884564858,-0.014262432545892656,0.0024160978568017466,-0.023137260885799593,0.0017883417454627182,0.0024160978568017466
2021-05-17,0.01671576048197254,0.012616413550745165,0.00819474906804718,0.0076274803380762535,0.009082707703598869,0.00819474906804718
2021-05-18,0.012393443335275034,0.013348974861244978,0.006215594313939921,0.009960159211175323,0.02057778924249054,0.006215594313939921
2021-05-19,-0.005159432408138875,0.006566248118960338,-0.003563828114400369,0.0043391992642074495,0.0034670127331528633,-0.003563828114400369
2021-05-20,-0.00825677606093067,-0.0005599437837152665,0.004530339714537979,-0.01728195767993279,0.0008181266501161577,0.004530339714537979
2021-05-21,0.01806313567497475,0.0042831838908048425,0.0009493733637797597,0.001198991956355755,-0.011173709103561302,0.0009493733637797597
2021-05-24,0.001476108604989923,0.007178274161139697,0.0007114677566251171,0.007584851889995914,-0.011667639511490413,0.0007114677566251171
2021-05-25,0.0007073438653115716,-0.0035161013358007143,-0.0018957779528039342,-0.0007924111705641668,0.002013717958040173,-0.0018957779528039342
2021-05-26,0.006115021504864648,-0.0012606459441564244,0.012345690193501735,-0.014670854161714542,-0.003617974007894209,0.012345690193501735
2021-05-27,0.002378821196545866,0.004668849166963307,-0.005863039483548715,-0.0024144653932127724,0.012817779538556673,-0.005863039483548715
2021-05-28,0.006376433707514062,0.0007479894451423164,-0.004010336668861192,-0.0028237837671480914,0.0021143498162350394,-0.004010336668861192
2021-05-31,0.009533088035724946,0.008934482896223228,0.008763593585670693,0.00525894303099772,-0.0055653429378745845,0.008763593585670693
2021-06-01,-0.0005101904286871628,-0.0010721319615842884,0.005635165006032894,0.006438625551548061,0.0034133812682715092,0.005635165006032894
2021-06-02,8.67158252806366e-05,0.01835722764921255,-0.006070560941278114,0.009996001507880825,-0.005608116305473643,-0.006070560941278114
2021-06-03,0.0073284506253876724,0.009286132093974553,-0.0014094755396089065,0.010292962253601212,-6.180401561972637e-05,-0.0014094755396089065
2021-06-04,-0.001281017305247989,0.00459898522818647,-0.00917429793100899,0.014890248979247067,0.021450396519064663,-0.00917429793100899
2021-06-07,0.0051945814919991395,0.0008621829339576781,0.0037986669389724614,0.014671856127880467,0.0028362434565851746,0.0037986669389724614
2021-06-08,-0.0007333060957773752,0.0038178580999652656,0.0030747651813767263,-0.0034246632510031016,0.018443499624353876,0.0030747651813767263
2021-06-09,-0.006654976944212576,-0.009256459808775985,0.0021221446100379016,0.00610919603472504,0.012584742879889532,0.0021221446100379016
2021-06-10,0.0065492869160790335,0.012206011052513954,-0.003529447667738994,0.0018975042253019936,0.019693068038351136,-0.003529447667738994
2021-06-11,0.003914130633349666,0.0022240780283449,0.006611631737489798,0.015530297474865451,0.012102716846543737,0.006611631737489798
2021-06-14,0.0007911718082738162,-0.004400111300090659,-0.014074648693056857,-0.00037300369567483393,-0.009498408874779485,-0.014074648693056857
2021-06-15,0.003630213545097627,0.003241228757300707,0.00047586148809330986,-0.0007462145889685079,0.007020824261369407,0.00047586148809330986
2021-06-16,-0.006408632752808119,-0.009316257095055569,0.0009512703032843461,-0.006721445129220682,-0.03106236469975876,0.0009512703032843461
2021-06-17,-0.0048295020472909345,-0.00935624632995058,-0.017581413062107032,-0.014285754235550785,-0.01506371368362025,-0.017581413062107032
2021-06-18,-0.000513069646403852,-0.005300000385366044,-0.009431666361306323,-0.025553016546140728,-0.010898585114610504,-0.009431666361306323
2021-06-21,0.004026588209654625,0.008711940632668114,-0.00024409965226279695,0.016829758043673815,0.011559222346085196,-0.00024409965226279695
2021-06-22,0.0016670371193598932,0.004918766966820032,-0.0004884116579009223,0.005388810602920291,0.00718309076426249,-0.0004884116579009223
2021-06-23,-0.005439749231269109,-0.008086006399326329,0.00171022952118971,0.006508425376411164,-0.004685909435015345,0.00171022952118971
2021-06-24,0.006597840798329813,-0.004778744892246833,-0.002438987173685181,-0.004564504946917847,0.004619024705018848,-0.002438987173685181
2021-06-25,0.0044266891189239654,0.006847827282986163,0.0012224751881466656,0.0003821256726281863,0.013734194569279046,0.0012224751881466656
2021-06-28,-0.0028782098242977616,0.003909010618585063,-0.0031746291988568043,0.009167294435467044,-0.010640645769280588,-0.0031746291988568043
2021-06-29,-0.0041891404314852165,-0.0019663487057558493,-0.002204805322409187,-0.007948561363166573,0.026505938656855133,-0.002204805322409187
2021-06-30,-0.0017112919035373597,-0.004263328747458162,-0.005155882318508054,-0.0041968220849002424,0.003034441193408677,-0.005155882318508054
2021-07-01,-0.002639697229908089,0.0033494587038205292,0.009624861432441456,0.005747111737085309,-0.010560092510578545,0.009624861432441456
2021-07-02,0.002691338986766656,-0.002805131462800925,0.005866577349351365,-0.003428577241443409,0.0044133795502212525,0.005866577349351365
2021-07-05,0.007133188273225066,0.006284062239880983,0.00121504824317209,0.007645289147784062,0.004997229934771363,0.00121504824317209
2021-07-06,-0.0010167521731027085,-8.381631815057577e-05,0.009951452422809481,-0.0064491681471049445,0.003600032244418294,0.009951452422809481
2021-07-07,0.0038816171589777237,0.004219477724147769,0.0026436099192028717,0.0,0.0039010609715370848,0.0026436099192028717
2021-07-08,-0.0095562557277451,-0.0020752410053577197,0.0004793973436834076,-0.008018365312677411,0.005218571799792349,0.0004793973436834076
2021-07-09,-0.0024224839292732447,0.0016574121288064347,-0.003833249664066285,0.0019246014353422325,0.009536770026677077,-0.003833249664066285
2021-07-12,0.00017844744498685117,0.0007554712195274593,-0.0019240458761821122,0.0034575547527382344,0.0016489476504473188,-0.0019240458761821122
2021-07-13,0.007630985495128417,-0.0019474778717349928,0.0004819387412933196,0.005359853949091553,-0.0011719832952618026,0.0004819387412933196
2021-07-14,0.0026308921169333477,1.2862476909125675e-05,0.0028901476532217085,0.004950463047735276,0.0035477384867035333,0.0028901476532217085
2021-07-15,0.004431072328003882,0.0032889332370669155,0.008165229528615647,-0.010988973659941226,-0.0054836488908078795,0.008165229528615647
2021-07-16,-5.0225736783704455e-05,0.004776606437015829,-0.0030967381975418595,0.0011493785003227064,0.0008675058107401323,-0.0030967381975418595
2021-07-19,-0.010738912280361723,-0.006466223603405763,-0.005495807661224927,-0.0003826376522895192,-0.006543997737992302,-0.005495807661224927
2021-07-20,-0.0076369809214345,-0.006640643067241103,0.001681876420486672,-0.012251209490475756,0.007713376657829674,0.001681876420486672
2021-07-22,0.012279233123449584,0.01767371291493247,-0.009354747001564578,0.009689922767163628,-0.022711024528720092,-0.009354747001564578
2021-07-23,0.002022238326785386,-0.001204259071517666,0.0014528177820685162,-0.0030710144356642655,0.007603274411356109,0.0014528177820685162
2021-07-26,-0.0019929055322251976,0.0009907816861094432,0.0009671401096964516,0.00038506850774910895,0.0009362294597843324,0.0009671401096964516
2021-07-27,-0.004929081202650898,-0.006248919219888682,-0.0012078031380399201,-0.0038491294546465493,0.010854914746255329,-0.0012078031380399201
2021-07-28,-0.002352898858342667,0.0017760832509554625,0.0004836870254345538,-0.002318372020403303,0.0023270393149255053,0.0004836870254345538
2021-07-29,0.004395444954646832,0.000546239285114547,0.007493386059821416,-0.0011618427440527324,0.01230765434846015,0.007493386059821416
2021-07-30,-0.000976039499086867,0.0042707580687757485,0.005758106094345017,0.008918167276909639,-0.0003040941535283892,0.005758106094345017
2021-08-02,0.007746000136419795,0.009087117341508577,-0.009303420960961595,-0.0007686570873101095,0.002017867314586086,-0.009303420960961595
2021-08-03,0.015460955882416139,0.008351991493708022,-0.0012039306171487407,0.004230792705829378,-0.0017928660664431328,-0.0012039306171487407
2021-08-04,0.007938242467802281,-0.00717176741373593,0.001205381813219164,-0.0030639571748741767,0.01223927947749881,0.001205381813219164
2021-08-05,0.0022018725316477195,-0.002187848267143022,0.0007224318535039576,-0.0034575547527382344,-0.010067026424822711,0.0007224318535039576
2021-08-06,-0.003461233501561467,0.0021182183613774885,-0.006256066593817833,0.006553588002850885,0.005546831836595656,-0.006256066593817833
2021-08-09,0.0012347307242392969,-0.00460727947799755,-0.022760257725755073,-0.014553851368528048,-0.0028417033285916826,-0.022760257725755073
2021-08-10,0.0013439090538649445,-0.004024787876999447,-0.0034687657961167684,-0.016323361203505082,-0.011874116195874751,-0.0034687657961167684
2021-08-11,0.00013208706805212245,-0.002264099115378171,0.0009944579715599478,0.018174674102236832,-0.015325068812139242,0.0009944579715599478
2021-08-12,0.005045395484346349,0.0030676610601512166,0.007451640940515203,0.01746212058972829,0.0034459629284062654,0.007451640940515203
2021-08-13,0.010064482340847336,0.0012432335558203444,-0.0014793237490008382,-0.004576618422093115,0.008899737825186715,-0.0014793237490008382
2021-08-16,0.002054024277023725,0.0011949138580142904,0.006913550106095734,-0.00651341278962736,-0.007913549378563811,0.006913550106095734
2021-08-17,0.0031122785775283823,0.005237893033352314,0.009808767480443903,-0.007713102992117249,-0.007777013358471363,0.009808767480443903
2021-08-18,-0.00275360231817956,0.005494865059312293,-0.0036425819516094915,-0.006218416255681092,-0.00017254579279191162,-0.0036425819516094915
2021-08-20,-0.007142898400624986,-0.014804662534960267,-0.0014622851664335412,-0.022682828730086202,-0.006801389717305373,-0.0014622851664335412
2021-08-23,0.0027931806783987323,-0.004106010149418249,0.000976253347287237,-0.006802724203720079,0.001305913740285325,0.000976253347287237
2021-08-24,0.007768362083601765,0.00973101246911412,0.00414537894660949,0.013698636453198354,0.006143368205654198,0.00414537894660949
2021-08-25,0.0006045728309951315,0.004624739183352933,-0.003399693749658428,0.009141476296947726,0.0008353409750732066,-0.003399693749658428
2021-08-26,0.00013525983096518424,0.002993592186909977,-0.005847993984229971,-0.008664801837064529,0.0004890463172477766,-0.005847993984229971
2021-08-27,0.004105261588480014,0.01252628057893479,0.001470621921887627,0.008343229393568574,0.006241629366984469,0.001470621921887627
2021-08-30,0.013519836521704187,0.01545894588542307,0.0036710158820614236,0.016548466910243143,0.015636249065828167,0.0036710158820614236
2021-08-31,0.011880446175423387,0.013574662787556813,-0.004389087974773331,0.005038801238741675,0.006473660377915413,-0.004389087974773331
2021-09-01,-0.00326573477436376,0.007264641699965768,0.0,0.0007713250107319602,0.006767046644183594,0.0
2021-09-02,0.009246783727399066,0.010220171388444,0.002204171781892361,0.0019267528165916037,0.016665845636741672,0.002204171781892361
2021-09-03,0.005190230833697296,0.0057531889155706395,0.0,0.014615352337177034,0.006912286143803792,0.0
2021-09-06,0.0031287476677577253,-0.001306388305819195,0.007087021713198194,-0.0041697765922041885,0.00930659059669936,0.007087021713198194
2021-09-07,-0.0009035189246697772,-0.0034303890653993863,-0.0036398377702987483,-0.0068519338423759235,0.002150791480914682,-0.0036398377702987483
2021-09-08,-0.0004953092983268625,0.005457162052554754,-0.004383835829408156,0.011115331793125627,0.0053114355236489885,-0.004383835829408156
2021-09-09,0.0009075978909154347,0.004359076358268377,-0.0022015692327876923,0.008339697790071154,-0.012301130305901409,-0.0022015692327876923
2021-09-13,-0.000803098507419775,0.003109388219100895,-0.0017160993687933557,0.005263134873710884,0.011292565664899445,-0.0017160993687933557
2021-09-14,0.001423151293159064,0.003133434910350452,0.00024553834070406566,0.008601329252244438,-0.0003204893935407904,0.00024553834070406566
2021-09-15,0.00802354538262362,0.003953158905952048,0.005646932109533154,0.03744902686674245,-0.050078812690457664,0.005646932109533154
2021-09-16,0.006281634763507293,0.007000396308544987,-0.010742154212493138,0.0017870316378563178,0.007483043519942223,-0.010742154212493138
2021-09-17,-0.002515647600612625,-0.008212197878778915,-0.007897327028852597,-0.010346090204182978,-0.017032855114768708,-0.007897327028852597
2021-09-20,-0.010705054879733056,-0.018599486406964072,-0.0007463331697694642,-0.010454182068186157,-0.06255149974949681,-0.0007463331697694642
2021-09-21,0.00949017386246398,0.008749963915344994,0.001493686234155689,0.012386161862950829,0.01602966976726905,0.001493686234155689
2021-09-22,-0.0008740239935656202,0.0054394857439556965,0.009197090134100305,0.007556641869533864,0.018878501407788573,0.009197090134100305
2021-09-23,0.015746528367181822,0.011177215448864075,-0.006403899785832001,0.018928595951625216,-0.012908494126513514,-0.006403899785832001
2021-09-24,0.0016972499684944076,-0.008427009741147407,-0.007188917065701572,-0.010164770716710514,-0.009874810521406263,-0.007188917065701572
2021-09-27,0.00010644538279747096,-0.0028300946487767042,-0.0009987744391847242,0.007436295804650106,-0.009853505711209576,-0.0009987744391847242
2021-09-28,-0.0059646824901542495,-0.007195681499687856,-0.0017495550552558692,0.03339187452073267,0.0015124830336583628,-0.0017495550552558692
2021-09-29,-0.0021015082285871234,-0.005385673553190529,0.002003050420767538,0.04455780554217137,0.010691324836444194,0.002003050420767538
2021-09-30,-0.005259376020738893,-0.0006413360273805901,-0.007496232724363949,-0.006186865267770347,0.013238224267939858,-0.007496232724363949
2021-10-01,-0.004886983449795879,0.0030624715439362404,0.012336300320004323,0.001965906456175004,0.0038045310581766856,0.012336300320004323
2021-10-04,0.009080467581137563,0.01519283510644942,0.0007461475920731431,0.014061488104924358,0.013015744576692967,0.0007461475920731431
2021-10-05,0.007407660919946268,0.004001398905711051,0.0027335186646664233,0.023863262355894754,-0.0008991510987248486,0.0027335186646664233
2021-10-06,-0.009892144870289554,-0.00952983571573962,0.002478371563817916,-0.008188983586829512,0.001741778097541724,0.002478371563817916
2021-10-07,0.008180302016037588,0.010525584790864073,0.002472150117057925,-0.00857416512309117,0.005245210100391473,0.002472150117057925
2021-10-08,0.005893622760496431,-0.0023138351218194853,-0.0002465677366539909,-0.0054452299818349426,-0.002738861978996643,-0.0002465677366539909
2021-10-11,0.0028359561343596074,0.004493779909144013,0.003946715436575765,0.029629632814800688,-0.0032375031301744572,0.003946715436575765
2021-10-12,0.0025632525445875576,0.007539498764566943,0.0034397883789702988,-0.0040662860043384486,-0.008236038681164737,0.0034397883789702988
2021-10-13,0.00943759784921161,0.009690959344586636,0.00195881528057118,0.0,0.0072518953456710555,0.00195881528057118
2021-10-14,0.009734787740718787,0.008597363058345575,0.014662813188337509,0.0069095860442465185,0.015734820567658403,0.014662813188337509
2021-10-18,0.007552396132719963,0.0024822370141752703,-0.013005802253703291,0.015283775507812125,0.004315627417772694,-0.013005802253703291
2021-10-19,-0.003155307734996393,-0.013927060389476442,0.00536850227331942,-0.019662040081394272,-0.003984112041902854,0.00536850227331942
2021-10-20,-0.008260625212080042,-0.017301600677177897,-0.003398043375144044,-0.018802895153206545,-0.005686201447039241,-0.003398043375144044
2021-10-21,-0.004844908296702255,-0.00739342067072235,0.002678928202029862,-0.0038326072798339217,0.008161191896527198,0.002678928202029862
2021-10-22,-0.003476668084567369,-0.013920091057696315,0.0029148105882732533,-0.0169926475655805,-0.0049880639503281365,0.0029148105882732533
2021-10-25,0.000579633328010587,-0.008753895725418182,0.007023514388402097,0.0061970167972345,-0.0035233221658018676,0.007023514388402097
2021-10-26,0.007889480889700096,0.011808673156915583,0.0019239541326252496,0.005186380727185247,0.004311958245558856,0.0019239541326252496
2021-10-27,-0.0031448386638428527,0.005165880499173214,-0.007921219816757197,-0.009351851447496728,0.012308438675403988,-0.007921219816757197
2021-10-28,-0.0194223384240636,-0.021193687875493028,0.005806867968469298,-0.03255208406092913,-0.007182234892840866,0.005806867968469298
2021-10-29,-0.010393515763905459,0.005839790169737791,-0.0016838993345706932,-0.005383575070952773,-0.004214997659954811,-0.0016838993345706932
2021-11-01,0.014599655057507821,0.012446830667859121,-0.005301234233810237,0.013193548851258008,0.008837734062247415,-0.005301234233810237
2021-11-02,-0.002270048271341696,0.0004411371988943813,0.004118265229402951,0.0003338337655596213,0.008419849385604028,0.004118265229402951
2021-11-03,-0.0033400508475575075,0.005696792526846295,-0.008443963386637554,-0.006341743408378675,-0.0014056395775228214,-0.008443963386637554
2021-11-04,0.004913376165984751,0.005291316238718258,0.006326086274533127,0.005038616601403367,0.006615932295952476,0.006326086274533127
2021-11-08,0.008469704042186388,0.01302801311493229,0.003384898152380522,0.021056121629684066,0.021367505701949785,0.003384898152380522
2021-11-09,-0.001344921435271762,0.003690894290991009,0.004096341420368965,0.0016366987122056198,0.025338949755142393,0.004096341420368965
2021-11-10,-0.0014991358050348014,0.0017445728239036118,0.002879835657671359,-0.0052287531182189095,-0.0014650096987295358,0.002879835657671359
2021-11-11,-0.007970140510272006,-0.004291680125718678,0.021775540260253745,-0.007884355023241252,-0.011083826676946518,0.021775540260253745
2021-11-12,0.012820606684330382,0.01218251547133975,-0.005854800832157836,-0.001986800389907506,0.016812137608092304,-0.005854800832157836
2021-11-15,0.0003700663573213969,0.002703278280059118,0.004711443094108425,0.004313240568939225,0.0050522294303720905,0.004711443094108425
2021-11-16,-0.006087981951756416,-0.001621891261344266,0.0035169450366989707,-0.00627685930572508,-0.010832919353560677,0.0035169450366989707
2021-11-17,-0.005586294529162039,-0.0011007158533775652,-0.006074727246912381,0.0009973632553723633,0.0012769638483238754,-0.006074727246912381
2021-11-18,-0.007478195643460861,-0.01414963062429564,0.0016455028988648923,-0.012952550285335818,-0.0048582690220915214,0.0016455028988648923
2021-11-22,-0.019603372100156835,-0.018595487841260194,-0.008918119283549575,-0.018169549820146402,0.0036821384447103256,-0.008918119283549575
2021-11-23,0.004983697932798847,0.015037072499949344,-0.021075050894999503,0.026045244034731185,0.005706477820407896,-0.021075050894999503
2021-11-24,-0.0050446817378146935,-0.005340890394147313,-0.0033865357796732942,0.016032048552915512,-0.005323056131728787,-0.0033865357796732942
2021-11-25,0.006959452503032093,0.008624085539965964,0.002427147385177797,0.006903322943654588,0.00890967178219837,0.002427147385177797
2021-11-26,-0.029071254187753914,-0.03022217601925703,0.011380175045653917,-0.036891909622184915,-0.014619593527551933,0.011380175045653917
2021-11-29,0.0016151341742889347,-0.009170557849034422,-0.0035911305778074665,-0.014237290721828666,-0.005737754317638899,-0.0035911305778074665
2021-11-30,-0.004148599194972014,-0.0024197856673329188,-0.0026429748480193416,0.010660229255697873,-0.010140266277428478,-0.0026429748480193416
2021-12-01,0.01081664117042136,0.005748835624718174,-0.00722715608747504,0.0071453214080452465,0.003886543862015701,-0.00722715608747504
2021-12-02,0.013674571102433752,0.00990298086863306,-0.005581158634943684,0.01858105506663632,0.001604044547475203,-0.005581158634943684
2021-12-03,-0.01177768586739425,-0.0020041234889108805,-0.0014641623709432672,-0.005638476897010025,0.0033683986445351977,-0.0014641623709432672
2021-12-06,-0.01654091957599968,-0.019288754223262705,0.00928643903028381,-0.015343532071259713,-0.008750583945574597,0.00928643903028381
2021-12-07,0.015636548581649423,0.01514201801848225,-0.001936998010538371,0.014566405776009761,-0.0346176191718226,-0.001936998010538371
2021-12-08,0.017060948527881648,0.012953807326730349,0.006065016802436096,0.004340539480969463,0.01541315514258268,0.006065016802436096
2021-12-09,0.002696066593683266,0.0021081894163970105,-0.002893724211469828,0.0,0.017671776455019828,-0.002893724211469828
2021-12-10,-0.00031677089480919296,0.0038819656116346746,-0.001934655847871114,-0.0036569351938352535,-0.0019481490059626294,-0.001934655847871114
2021-12-13,-0.008169055116863166,-0.00483962481225475,0.006784559636325405,-0.003336619166238508,-0.00025083832958083807,0.006784559636325405
2021-12-14,-0.002495911181322197,0.0032716755010948617,0.0,0.008034809654338337,0.013303052740772925,0.0
2021-12-15,-0.005974060321640162,-0.008257550041011807,-0.001925343389322265,-0.006310213557162658,-0.004431294459167234,-0.001925343389322265
2021-12-16,0.0015678167505297491,-0.0034492934218647298,0.006028454126864036,-0.0016710974910779663,-0.0079894701485691,0.006028454126864036
2021-12-17,-0.01525945397337003,-0.02465621233509907,0.010067069910268733,-0.01205224640900282,-0.02614051429662445,0.010067069910268733
2021-12-20,-0.021842546279377872,-0.028286502931471613,-0.0066444894008625965,-0.03219250273030072,-0.024495316421925484,-0.0066444894008625965
2021-12-21,0.00942870544420904,0.018860740063718184,-0.004061203563397453,0.010154093870805792,0.024670243857546348,-0.004061203563397453
2021-12-22,0.011007170994593363,0.013720782654982777,-0.004077672692375689,0.005892550226901827,0.0019756870661300496,-0.004077672692375689
2021-12-23,0.006909306212627531,0.010685765567858718,0.004094368185719066,0.021364539011194283,-0.008628690152806318,0.004094368185719066
2021-12-24,-0.004032754879180422,-0.01044045628384871,0.0004797423464260042,-0.015182147937154777,-0.010058777213152403,0.0004797423464260042
2021-12-27,0.004851870910828504,0.002640287382520645,-0.0028769823667879058,-0.0006851818224646866,-0.006637846041793516,-0.0028769823667879058
2021-12-28,0.008603409174043453,0.009009240699324073,0.00048089583289967486,0.011998641774230379,0.001142950608957083,0.00048089583289967486
2021-12-29,-0.0011402602889762914,-0.0022741061108124683,-0.0026436099192028717,-0.0033875467452245678,-0.0013173017354054517,-0.0026436099192028717
2021-12-30,-0.0005606259494814747,-0.007651986893922436,-0.006746958537274139,0.011896681868187597,-0.0032833546790197454,-0.006746958537274139
2021-12-31,0.008724831757606522,0.015402534359022724,0.006307576754816191,-0.0030231827747392304,-0.0011466801894839396,0.006307576754816191
2022-01-03,0.015653315812207858,0.007859300933039881,0.006027001030832757,0.014150945821274297,-5.9246074116448e-05,0.006027001030832757
2022-01-04,0.01018687423526421,0.00015634586569834852,-0.00647017638929992,0.02259137197866634,0.019404891949655667,-0.00647017638929992
2022-01-05,0.0067395852346920915,0.004794744369032378,0.0024120185968796726,0.0009746191886828015,0.008318746601800209,0.0024120185968796726
2022-01-06,-0.010005417462796928,-0.0025911585074802623,-0.007699703663385127,0.0,0.011802563704480074,-0.007699703663385127
2022-01-07,0.003764183651131514,0.004144222648446494,-0.0036372822447586772,0.009087980899026737,-0.00031179283620852427,-0.0036372822447586772
2022-01-10,0.010700318921871732,0.0039216158436417015,-0.0004867475709272595,0.007397862370778441,0.004956437029838057,-0.0004867475709272595
2022-01-11,0.002913311252602302,-0.0004419274286837638,0.0034087993837039754,0.0,0.003973889989306478,0.0034087993837039754
2022-01-12,0.008673115731830494,0.007456641240968898,0.0029119812969675696,0.012771380026429968,0.00684904759764926,0.0029119812969675696
2022-01-13,0.0024956237305924223,0.0044577065985100806,0.002177506264299245,0.009142465777312259,0.0063283796326274455,0.002177506264299245
2022-01-14,-0.00011232356375068253,0.001448677969073442,0.002655736726566049,0.0012496381638493759,-0.0041001132776106175,0.002655736726566049
2022-01-17,0.0028675682661627455,0.00370821264652732,0.0,0.0053042741868774,0.007622304497777677,0.0
2022-01-18,-0.010653690567923424,-0.017264739892657754,-0.0002407493818225026,-0.013345756948621168,0.009110280651416058,-0.0002407493818225026
2022-01-19,-0.00964224043394124,-0.0007065447045020434,0.00192673447676861,0.008807762542721864,0.0007936416878775443,0.00192673447676861
2022-01-20,-0.010112406160797005,-0.0007535435702604731,0.010817326428975482,0.006860031892629959,0.0025969665349683257,0.010817326428975482
2022-01-21,-0.007875745304668613,-0.01663690348807456,-0.004994033015048749,-0.015794370220553078,-0.005044255289299526,-0.004994033015048749
2022-01-24,-0.02656790518738339,-0.037128147608015194,0.004780132940011006,-0.01195723914112179,-0.009399278495036967,0.004780132940011006
2022-01-25,0.007513491221694313,0.009422350269949087,0.00047574827136331876,0.018471335374277364,-0.0065290773686018655,0.00047574827136331876
2022-01-27,-0.00971173291462768,-0.017060294806879317,-0.005706173814326143,-0.0040650144661481535,0.003063049366196058,-0.005706173814326143
2022-01-28,-0.0004793161771092791,0.008285525266746863,-0.00932566696543291,0.014442731124389985,0.004858218470387143,-0.00932566696543291
2022-01-31,0.0139107178709299,0.011420507518721035,-0.004344685103786827,0.012379996724862341,0.016824692093552196,-0.004344685103786827
2022-02-01,0.013667938611870323,0.017357595223966626,0.007272708777225301,-0.0018342268502914427,0.005977078589446183,0.007272708777225301
2022-02-02,0.011557838585399605,0.01048778270574413,-0.0009627175995629011,0.004594110388103756,0.00027019986295062637,-0.0009627175995629011
2022-02-03,-0.012362248664229525,-0.005182438457907668,0.0012046025964755902,-0.010365858551719898,0.0017010044996104146,0.0012046025964755902
2022-02-04,-0.0024998826581151823,-0.0007649044371335068,0.0009623941171421624,-0.00554529606446863,0.030071859338648865,0.0009623941171421624
2022-02-07,-0.017281112927623465,-0.006693154045600558,0.0007212162282361767,0.008983919655949357,-0.012473853425970183,0.0007212162282361767
2022-02-08,0.0030876976246183574,-0.004669490316053682,0.004563983229260771,-0.010746038606095354,0.015372730041191884,0.004563983229260771
2022-02-09,0.01141215233034587,0.011314312669029158,0.004065088112939819,0.005586601438739791,0.01085186052791487,0.004065088112939819
2022-02-10,0.008133901085124018,0.004130618447621304,0.004286651185604118,0.010802421532034145,-0.0039275891929302365,0.004286651185604118
2022-02-11,-0.01312629691281364,-0.014521417900941525,0.00047428168442276153,-0.007633587786259555,0.025157215613732298,0.00047428168442276153
2022-02-14,-0.03061622289529342,-0.03340907567550244,0.018250781768838653,-0.022461524376502395,-0.024180890815041822,0.018250781768838653
2022-02-15,0.03025912638397754,0.024250062779651582,-0.005586542571791475,0.0015737877349739637,0.0008407310421261194,-0.005586542571791475
2022-02-16,-0.0017432697608654735,-0.0019592011761474515,-0.001872701984285463,0.004085514436267479,0.018930674622283705,-0.001872701984285463
2022-02-17,-0.001016014719190439,0.002129829602214972,0.017589118450646035,0.006259804637358313,-0.00863215967912545,0.017589118450646035
2022-02-18,-0.0016353356196504576,-0.010608666823758939,-0.0048398038125521126,-0.008709196682934017,-0.0024954095294943412,-0.0048398038125521126
2022-02-21,-0.004031556958107085,-0.013060887348119388,-0.0018527519798349212,-0.00596173608579631,-0.024207191128526206,-0.0018527519798349212
2022-02-22,-0.006651566067580439,-0.00200364950445453,0.006496580137056451,0.0006313275748424108,0.00018664871384910242,0.006496580137056451
2022-02-23,-0.0016937094155936583,0.00841092669346688,-0.006685129285081914,-0.007571030684244806,0.0243228585765054,-0.006685129285081914
2022-02-24,-0.04778103847083648,-0.05611586327411788,0.03550704975351415,-0.04291158656731797,-0.011286102974665924,0.03550704975351415
2022-02-25,0.025261660109649586,0.03784073581187353,-0.022411475211520315,0.04516767437511682,-0.01473658040229131,-0.022411475211520315
2022-02-28,0.008134034290366632,0.011176733616612644,-0.0006877299411153226,0.028280944277599307,0.00045488635819634915,-0.0006877299411153226
2022-03-02,-0.011191633122935585,0.00029454380041871175,0.01835281565175806,0.025030826431277742,0.014067631559863347,0.01835281565175806
2022-03-03,-0.00649757722841704,-0.0013328570018966701,0.00022532409029052403,0.02140497251623752,-0.013766781968315378,0.00022532409029052403
2022-03-04,-0.015317032007332254,-0.02419859850540307,0.005630630437124751,-0.021841843421995022,-0.0010967064358752276,0.005630630437124751
2022-03-07,-0.02352668473994779,-0.02631510489622435,0.030235127166538645,0.032890771655486484,-0.011805917519511988,0.030235127166538645
2022-03-08,0.009474776509483585,0.015071781397360873,-0.001521732496178707,-0.008179923547804502,-0.0010291677226721418,-0.001521732496178707
2022-03-09,0.020726290088294297,0.014124794511769956,-0.005878520704761359,-0.004712808359838672,-0.004935821809263663,-0.005878520704761359
2022-03-10,0.01526738719047449,0.019367364116307906,-0.018834879834111584,-0.008878343561177338,0.016351842934583027,-0.018834879834111584
2022-03-11,0.0021421537513466316,0.004920949199121782,0.01071427567880967,0.006867707695106251,0.00930480543407386,0.01071427567880967
2022-03-14,0.014482565042708062,-0.003673223704731887,-0.014134262519924334,-0.008007130723290068,-0.00013267062805388807,-0.014134262519924334
2022-03-15,-0.012346456503312231,-0.009326505749770564,-0.006944389848393073,-0.026606857080688107,0.009113653175358172,-0.006944389848393073
2022-03-16,0.018745100484606647,0.02261080752884026,-0.0022558602456069776,0.013206397022099248,-0.009163043890190847,-0.0022558602456069776
2022-03-17,0.018361988356508263,0.014754574112026297,0.0,0.003940504601514405,-0.0378689297102659,0.0
2022-03-21,-0.009802202470463706,-0.013511110603701582,-0.002034821467767567,0.003321274574247246,0.01610278265361531,-0.002034821467767567
2022-03-22,0.011561223252155806,0.0016937201866622509,0.004077940817053927,0.007523322402765764,0.020822106955739272,0.004077940817053927
2022-03-23,-0.0040339354552280104,0.0021713861315311167,0.002256283276391269,0.0005973852460314788,0.009719309583137825,0.002256283276391269
2022-03-24,-0.0013278937068936791,0.0018948975531380974,0.003602063680885781,0.013432858595207486,-0.010733413391544544,0.003602063680885781
2022-03-25,-0.004049875890900112,0.00040628149352794907,0.004710611840450074,-0.006774654994629703,-0.015541725049444288,0.004710611840450074
2022-03-28,0.004022619949862971,-0.003429034137652276,-0.006697906473061677,0.00860015095883293,0.013620577277081658,-0.006697906473061677
2022-03-29,0.005998187274997013,0.004854099068286821,-0.00696788855013819,-0.011467198144538338,-0.01768525238676344,-0.00696788855013819
2022-03-30,0.009982465582194733,0.005948029898749541,-0.0015844204241894921,-0.008328339922442085,0.011340974791406166,-0.0015844204241894921
2022-03-31,-0.001914477162001882,0.0014784290934446442,0.00022666790738745668,0.004499145926586401,-0.00032299385905387723,0.00022666790738745668
2022-04-01,0.011777965258592316,0.015534412088462402,0.010199473568306194,0.03045675102853873,-0.00024192259803057503,0.010199473568306194
2022-04-04,0.021671841339984343,0.015562483025531204,-0.007852781613587045,0.011590888013150558,0.010493230732759873,-0.007852781613587045
2022-04-05,-0.005317557796472028,0.008238730369762193,0.002035281549150003,0.017759923649232734,0.010810799365864154,0.002035281549150003
2022-04-06,-0.008339180323571727,0.003676873351074139,0.004062295183865139,0.017168607692353843,0.0002896928721414227,0.004062295183865139
2022-04-07,-0.00943974110495216,-0.0029398626310177534,0.003371492594351544,-0.0030437358109937085,-0.009691220921704158,0.003371492594351544
2022-04-08,0.008208759390795572,0.015463581023381412,0.0004480389345236091,0.006383556759055109,-0.011594216689133852,0.0004480389345236091
2022-04-11,-0.006151497975913078,0.009949164439761793,0.012539215745731136,0.004688416754327962,0.00527320219126115,0.012539215745731136
2022-04-12,-0.008183810641252287,-0.011302911090965373,-0.0004422922871243351,-0.011529014002860327,0.0,-0.0004422922871243351
2022-04-13,-0.0031174816283502382,0.0014222513405810489,0.011725636512188498,0.0052763801794635246,0.0021409070082356596,0.011725636512188498
2022-04-18,-0.017281188010147552,-0.0035562882353137315,0.010059022284655939,0.02624311444523597,-0.002269694880211337,0.010059022284655939
2022-04-19,-0.012519178806467801,-0.018224982845864712,-0.004546418937350305,0.0018842447361799852,-0.004630489867111898,-0.004546418937350305
2022-04-20,0.010490244596548015,0.0050011447706042045,-0.016528889280111536,-0.0021494311776161235,0.012154555074088025,-0.016528889280111536
2022-04-21,0.014941678252146096,0.01271619883850117,-0.00022118832287620904,0.012654852677087547,-0.0010628721293631793,-0.00022118832287620904
2022-04-22,-0.012686452605167986,-0.007434687417482211,0.0026543408319432693,-0.013294336396856732,0.017367612940611732,0.0026543408319432693
2022-04-25,-0.012695122564301942,-0.01980222612297644,-0.009485997966168114,-0.02748586475310244,0.00018282958879134448,-0.009485997966168114
2022-04-26,0.014560121616207233,0.023474226775415996,-0.005790693260458224,0.006650088042451374,0.00530607706328956,-0.005790693260458224
2022-04-27,-0.009441443610115341,-0.013175514114588172,-0.0047042806304642415,-0.007982408502920979,0.012662036910214836,-0.0047042806304642415
2022-04-28,0.012128508890934642,0.013677314881614944,-0.002250697128837187,0.010821292445650554,-0.0016177554582148534,-0.002250697128837187
2022-04-29,-0.008263240381694681,-0.012815062567130386,0.010376698972983434,-0.022508912653171675,-0.009617562234668142,0.010376698972983434
2022-05-02,-0.0019559171203674675,-0.003592510803844595,-0.014065663211380586,-0.0002808799791921279,-0.0034796291740452068,-0.014065663211380586
2022-05-04,-0.022936183451936376,-0.028757988483753105,-0.004076093881289489,0.006741620470609444,0.007999443055767275,-0.004076093881289489
2022-05-05,0.00030284821366977077,0.0015377662834397121,0.012733091839921773,0.0019531164767354614,-0.005454327942932102,0.012733091839921773
2022-05-06,-0.0162684216398562,-0.02113731036504629,0.0002244795987356163,0.008632731122480308,0.008168904282378708,0.0002244795987356163
2022-05-09,-0.006666182687180999,-0.01931892498440535,-0.0029180936103605504,-0.009387082858339335,-0.020570596134613206,-0.0029180936103605504
2022-05-10,-0.003790968888092272,-0.022350195707832254,-0.0036019778029610094,-0.033723602651873685,-0.013797328633057049,-0.0036019778029610094
2022-05-11,-0.0044919933245182175,-0.001148872884923935,-0.004518684044885868,-0.005191707527684386,0.00635920549248592,-0.004518684044885868
2022-05-12,-0.022211752141785834,-0.02509584699898748,-0.0009078736786329866,-0.0165266303793008,0.014681746975094612,-0.0009078736786329866
2022-05-13,-0.0016352232651188903,-0.004468401999619509,-0.013630219958631118,-0.003242830235616001,-0.012057985328765342,-0.013630219958631118
2022-05-16,0.0038112305721171857,0.015104973703718994,-0.006448613337278641,0.005323877487860118,-0.0040501868463337365,-0.006448613337278641
2022-05-17,0.026321935902047233,0.025573902826494743,0.00927217272921177,0.0376580969723157,0.00013477014929907938,0.00927217272921177
2022-05-18,-0.0011685620062508173,0.0005441157418917264,-0.003445142919723976,-0.011908193314188797,-0.003581699412667172,-0.003445142919723976
2022-05-19,-0.026532725334179386,-0.027361766875562576,0.004609374642839281,-0.011190800766836317,0.008621212268948186,0.004609374642839281
2022-05-20,0.028891038794289337,0.014977565365134282,0.007570498169356732,0.015089973058008077,5.369521879283745e-05,0.007570498169356732
2022-05-23,-0.0031630222318707046,-0.008685761858871932,0.007513703206117661,-0.022298421655354006,0.007394937180492445,0.007513703206117661
2022-05-24,-0.005522754266735541,-0.008413879545015268,-0.004067803506797363,-0.005555626817767334,0.002766291256821596,-0.004067803506797363
2022-05-25,-0.006161219184365629,-0.01699043306084247,0.0011345413525478687,-0.004116418599168115,-0.004137573943571171,0.0011345413525478687
2022-05-26,0.009007387318995308,0.013840254141709973,-0.005666364597740947,0.009743189886670667,-0.0035958730807622574,-0.005666364597740947
2022-05-27,0.011273847198922216,0.006762024521566046,0.004786936500636552,-0.013450265327804578,0.004731400737598257,0.004786936500636552
2022-05-30,0.018893205092962884,0.023822563119785034,-0.002268654370787826,0.006224038945637611,0.012423972495408941,-0.002268654370787826
2022-05-31,-0.004612433983534836,0.0009243790531854312,-0.0006821004913396544,0.030633310520058465,0.03710451518337288,-0.0006821004913396544
2022-06-01,-0.0037264067061659745,-0.009391579565077302,-0.009783852052589137,0.002572167712792117,-0.011376698004246344,-0.009783852052589137
2022-06-02,0.006370004993115463,0.005251768460902806,0.010569831793064699,0.0059862905790031284,0.005920296259042113,0.010569831793064699
2022-06-03,-0.002628050201467391,-0.014450636125453165,0.003865438504139007,-0.010201207169512005,0.0016307015103846911,0.003865438504139007
2022-06-06,-0.0008893953501298846,-0.0029105305660847014,-0.0033975429375915356,0.004007998523483991,-0.00971720706955892,-0.0033975429375915356
2022-06-07,-0.009245946006475991,-0.008391394703787136,-0.0031818043101917715,0.017393801416017318,0.014538629781587042,-0.0031818043101917715
2022-06-08,-0.0036609606157923524,-0.003123522584970506,0.00045600678261159544,0.0008407729551651588,0.018001323495318466,0.00045600678261159544
2022-06-09,0.00744972774168895,0.00782332882905834,0.001595252805840941,0.0036404668565719334,0.00671541865155012,0.001595252805840941
2022-06-10,-0.016767698414100085,-0.009099383660765792,-0.003185424055020536,-0.005580378406471964,0.0005183116603169058,-0.003185424055020536
2022-06-13,-0.026379749115209128,-0.02164657495964495,0.008673755797908633,-0.03507295234025898,-0.00716051833364395,0.008673755797908633
2022-06-14,-0.00268160945598539,0.003079403179155449,-0.014030299867672569,0.009305021823307724,-0.033176487432041935,-0.014030299867672569
2022-06-15,-0.0025393443813560568,0.002182356462971713,0.0009180839065301427,-0.015269340054058556,-0.03606432026776407,0.0009180839065301427
2022-06-16,-0.021128447854290244,-0.020720358120218996,0.0025223712178865654,-0.039496736748614536,0.017666119837265626,0.0025223712178865654
2022-06-17,-0.00436829362663993,-0.01655696722242861,0.008234231479872234,-0.005178250812090113,-0.03390589381216769,0.008234231479872234
2022-06-20,0.0037042135956451006,-0.007367959691972903,-0.005898414823732989,-0.03735454130601168,0.006378431610895685,-0.005898414823732989
2022-06-21,0.018804337854487096,0.027556569622920746,-0.0009128460932432692,0.02194658149926454,0.006500252255225103,-0.0009128460932432692
2022-06-22,-0.014419265085317434,-0.018273188271659246,-0.0022841132231457006,-0.01680675062483028,-0.002920923632285577,-0.0022841132231457006
2022-06-23,0.009300447519609234,0.011895195843637518,0.0018314564056434168,0.0,-0.008707500085367692,0.0018314564056434168
2022-06-24,0.009166472588529428,0.01314836758143989,-0.0022851571745121646,0.005698015331001338,-0.0012744329214718908,-0.0022851571745121646
2022-06-27,0.008458990377725017,0.0072686093222504855,0.0048098736877366655,0.020459480699277055,-0.0016286334605986053,0.0048098736877366655
2022-06-28,0.0011464333961117568,0.001485850895090346,-0.0015956165153526713,0.01573109700909825,-0.002229682338241723,-0.0015956165153526713
2022-06-29,-0.0032239710103227903,-0.006984845316985178,-0.0009132629274910542,0.011539661846146743,0.0005451210278752949,-0.0009132629274910542
2022-06-30,-0.001193081241402827,-0.004739762995875307,0.0,-0.010507423428057883,0.019201282200264513,0.0
2022-07-01,-0.0017870563085186086,0.010842244766166242,0.013711204566548396,-0.04156550272873538,-0.007669219719796727,0.013711204566548396
2022-07-04,0.005288188249805481,0.010099901254725596,0.007213699062698975,-0.005064889099058889,-0.011202895942740154,0.007213699062698975
2022-07-05,-0.0015471713984448465,0.000861250708320549,0.00268574151891543,0.002863511031308219,0.012609625057339091,0.00268574151891543
2022-07-06,0.011318189707300252,0.01693155765534704,-0.014062524081341232,-0.01935281096105801,0.02186604250017754,-0.014062524081341232
2022-07-07,0.00894949203151052,0.008612773626951231,-0.013131040081527656,0.01908767892269303,-0.013739004028261004,-0.013131040081527656
2022-07-08,0.005436047866567373,0.002881323056505458,-0.00045883133043500557,0.01206346542116199,-0.0056308256754766806,-0.00045883133043500557
2022-07-11,-0.00028356592763323363,0.015764388331756862,-0.00022947719998245297,0.005018875751968244,-0.003408256602655202,-0.00022947719998245297
2022-07-12,-0.0097249750439381,-0.0033441601813642974,0.0013773543779209696,-0.0009364105223730324,-0.010664204802746768,0.0013773543779209696
2022-07-13,-0.005707292501522909,-0.00034740310897130033,-0.004126554552577155,0.004373733573473038,0.002368100991154698,-0.004126554552577155
2022-07-14,-0.0017536552323109689,-0.001143257876569992,-0.0032228221471987117,0.0006219795370867587,0.004725012675110163,-0.0032228221471987117
2022-07-15,0.0069359576863876615,0.003944152087358432,-0.0043879591237120374,0.0009326265372033848,-0.0018378727057990485,-0.0043879591237120374
2022-07-18,0.014287304158276504,0.013413925281594574,0.010206416619797709,0.01490681772867486,-0.0008936572316949887,0.010206416619797709
2022-07-19,0.003811764271124396,0.004838322068362544,-0.003673934562918424,0.0018360273173410047,-0.0016800819209985551,-0.003673934562918424
2022-07-20,0.01103388850696918,0.001836945546369817,0.0,0.006414143973938025,5.4081347928613965e-05,0.0
2022-07-21,0.005108719746296009,0.014695165428026069,-0.008296856773808758,0.010015114073338216,-0.0010041767065708251,-0.008296856773808758
2022-07-22,0.006877295960614926,-0.0037058067166717557,0.01533813307309817,-0.008413425167282718,-0.0002717295168158662,0.01533813307309817
2022-07-25,-0.005290199311757782,-0.001058155259970217,-0.0020599715133172714,0.003030256791548336,-0.010872241542171812,-0.0020599715133172714
2022-07-26,-0.00884795806776506,-0.01269602815260007,-0.003210995287798779,-0.0033231661850466887,-0.0029404788755251765,-0.003210995287798779
2022-07-27,0.0095821774414373,0.00822324791766138,0.0025310771437836443,0.00242491701386105,0.0005787628719349236,0.0025310771437836443
2022-07-28,0.017293731123692924,0.011486331580359943,0.010328225065214136,0.006954930279975846,0.019848023012688953,0.010328225065214136
2022-07-29,0.013505953826479233,0.012588586474613583,0.0009086986622302007,0.01921920133067645,-0.002466955014717276,0.0009086986622302007
2022-08-01,0.010595531668439406,0.01451129206736268,0.0036314081349326788,0.021803232422185514,0.0018683825022904887,0.0036314081349326788
2022-08-02,0.000311327663805816,0.004200029462331223,-0.0009045887476958336,0.006632051332537081,-0.007158402628937299,-0.0009045887476958336
2022-08-03,0.002461808358865669,-0.0038380800038994023,0.00022630877012530526,-0.005729039353011611,0.00016566403632300997,0.00022630877012530526
2022-08-04,-0.0003537116074355806,0.005077719319920737,0.010635918427457147,-0.008931073660915945,0.018754395719916106,0.010635918427457147
2022-08-05,0.0008917270739845495,-0.0009742194167565721,0.0013435148566058874,0.001162706367904942,-0.007916705820680159,0.0013435148566058874
2022-08-08,0.007334364671648164,0.005035439153306287,-0.0022361870771162584,0.013646958172019996,0.011341208040027695,-0.0022361870771162584
2022-08-10,0.0005506610997998429,-0.0034682558456885504,0.00560286880288019,0.002578062245238266,0.009809063333956036,0.00560286880288019
2022-08-11,0.007085929368824795,0.008298477202766552,0.000891484655216157,-0.0028570992606026246,0.00452239925595177,0.000891484655216157
2022-08-12,0.0022170219505635025,0.002757931302826533,0.0020040114204782356,0.024068771228133556,0.0014915874201877344,0.0020040114204782356
2022-08-16,0.007181519343531395,0.01578015666052468,-0.0077777438693575895,0.003637304065833069,-0.003830150414547595,-0.0077777438693575895
2022-08-17,0.006675923198833145,0.01015803678280891,-0.0011198891388353172,0.0008364258401878377,-0.00018705419867037776,-0.0011198891388353172
2022-08-18,0.0006826699360520383,0.006091668499740743,-0.0011210591652723867,0.0,-0.03610697621862091,-0.0011210591652723867
2022-08-19,-0.011029475746944017,-0.010168190955562206,-0.0029180936103605504,-0.011420608077594596,0.013659301454671091,-0.0029180936103605504
2022-08-22,-0.0150773300473388,-0.01846116534221387,-0.009680245569643753,-0.007044237480317905,0.0027333442117898343,-0.009680245569643753
2022-08-23,0.00496268217550444,0.004866862055905141,0.0036371866630418026,0.015039692226255674,-0.005451681485464488,0.0036371866630418026
2022-08-24,0.001561611079505143,0.005963211817378911,0.00407701696386753,0.007827754423081146,-0.00019200675762121033,0.00407701696386753
2022-08-25,-0.004686182219266755,0.00026287234772759405,0.006992951630707678,0.00027745177370719354,0.0034542431420667707,0.006992951630707678
2022-08-26,0.002080255529346653,0.005188265688259808,-0.007616490977523038,0.018025448874860128,-0.003250969870390863,-0.007616490977523038
2022-08-29,-0.014009988924553851,-0.005972516312056753,-0.010158030941070373,-0.00517566416364601,-0.0029327364214261076,-0.010158030941070373
2022-08-30,0.02578426378902554,0.02187211239914677,0.0011403204902578068,0.015607877537773707,-0.0017592730674762525,0.0011403204902578068
2022-09-01,-0.012190795272107646,0.0001064406894781822,-0.012528542884755689,-0.00916689542165361,0.008095873632612216,-0.012528542884755689
2022-09-02,-0.0001910505934481499,-0.0018358394573406711,0.0004613715909496108,-0.0010884602864583703,-0.00038240667530275996,0.0004613715909496108
2022-09-05,0.007203850071011875,-0.0011641921912641795,0.0039198060371081755,0.007899779971664689,-0.005410542792292472,0.0039198060371081755
2022-09-06,-0.0005774531254664206,0.006491007910478963,-0.0009187164604096409,0.0024324365564294403,-0.002582770369440879,-0.0009187164604096409
2022-09-07,-0.0017671004916441913,0.003506155675556011,-0.002068969025008971,0.005122637528372387,-0.026968344382632736,-0.002068969025008971
2022-09-08,0.009892512965589573,0.002680684174352743,0.004376840068574861,-0.003218855574410706,0.013928781104761478,0.004376840068574861
2022-09-09,0.0019439347917691308,-0.0006230654768357713,0.0013761783346535328,0.0016146763599944602,0.004774420138399238,0.0013761783346535328
2022-09-12,0.005775695663245095,0.011917888637844376,-0.0013742870705615307,-0.0005373577944040031,0.00516855961834084,-0.0013742870705615307
2022-09-13,0.007454201929980142,0.006564297109467043,-0.002293543064696424,0.005107489860545211,-0.0035108112926646173,-0.002293543064696424
2022-09-14,-0.0036690976717561608,0.004555051699271617,-0.0073563148235452624,0.006953788191353949,-0.0028020573075873134,-0.0073563148235452624
2022-09-15,-0.007017960667916379,0.006206039758329451,-0.0030106777951933728,0.009296107833635103,0.0071500104704567136,-0.0030106777951933728
2022-09-16,-0.019384853148544656,-0.029067377969844155,-0.01835077652794137,-0.008947372436523438,-0.029557441042020405,-0.01835077652794137
2022-09-19,0.0052136885924867205,0.0032884513776254565,0.001893086470236005,-0.0066383430964666035,-0.002960089116137432,0.001893086470236005
2022-09-20,0.011008809885230342,0.011242491370490049,0.00354278519929907,0.003207669937829838,0.010934421381123105,0.00354278519929907
2022-09-21,-0.005495005437451739,-0.015972760332102598,0.00494231763184616,-0.013056165193371494,0.0029651368089878005,0.00494231763184616
2022-09-22,-0.004997577656902563,0.004226386966244222,0.006791590406224124,-0.009989274768806067,-0.0030407980906368426,0.006791590406224124
2022-09-23,-0.017155677232420508,-0.017918978710288802,-0.003954453989419848,-0.027815562966954532,0.0012708181733656065,-0.003954453989419848
2022-09-26,-0.017951321762256445,-0.027156456669859663,-0.004203650314307139,-0.030855602853757214,-0.010436801698696874,-0.004203650314307139
2022-09-27,-0.0005230508522044985,0.002645894128719517,-0.005159503373645347,0.002026040415918029,-0.010945367333845435,-0.005159503373645347
2022-09-28,-0.00874917846539458,-0.006234115610314728,-0.002828829256589005,-0.005488117636364143,0.00824218624285189,-0.002828829256589005
2022-09-29,-0.0024023347691036756,-0.0031972713152735865,0.014184451528137965,0.006680207383028991,0.012234268210882915,0.014184451528137965
2022-09-30,0.01642575596626905,0.010398271539363124,0.00606056671994204,0.008367020103982936,-0.02338193768010033,0.00606056671994204
2022-10-03,-0.012109264448790458,-0.022960666492849335,-0.0004634026374972233,0.002861186607673316,-0.0022842572387603566,-0.0004634026374972233
2022-10-04,0.02291367093271912,0.023402429976979278,0.021094108954263557,0.020827376836700662,5.811903943908625e-05,0.021094108954263557
2022-10-06,0.0033286441360573793,0.007936360170744505,0.005221329085582038,0.006987143894053416,-0.008317258212812373,0.005221329085582038
2022-10-07,-0.0009895331040011834,-0.0016632928040022366,0.0047426130297931746,0.006106056845873065,0.004733864110864738,0.0047426130297931746
2022-10-10,-0.00425364584114718,-0.008306596070767336,-0.017082537818790655,-0.0033103153623383896,0.00026207800889044286,-0.017082537818790655
2022-10-11,-0.014932383199930399,-0.018389786251755136,-0.007088986428906874,-0.011901475019751806,0.0050010976978007715,-0.007088986428906874
2022-10-12,0.008246145339619648,0.008019995554954251,0.0039152922803245005,0.019607864089071114,0.008390536881224042,0.0039152922803245005
2022-10-13,-0.006380083772817624,-0.009789041982041113,0.0022940691390467283,-0.006043989326393606,-0.005451323728984381,0.0022940691390467283
2022-10-14,0.010070888003887335,-0.0036246478694659245,-0.00984207641775725,-0.0052514821754107155,-0.012232187844170683,-0.00984207641775725
2022-10-17,0.007337586960815656,0.006490955039686552,-0.0004622432695854384,0.006668459365844592,0.012500244044000297,-0.0004622432695854384
2022-10-18,0.010117285874136073,0.010318682416747382,-0.0027752715523550187,0.010764543046537511,0.007586598695723756,-0.0027752715523550187
2022-10-19,0.0014468379208691928,-0.0012170801724697977,0.0016233695862282183,-0.006826870761657111,-0.011709149807316188,0.0016233695862282183
2022-10-20,0.0029521745492440132,0.009689166226430679,-0.0034729732797185164,0.01594726005191638,-0.004547637705422436,-0.0034729732797185164
2022-10-21,0.0007032337856462956,-0.01327953394033865,-0.0072026339845912,-0.005954024794602608,-0.00034947028490595056,-0.0072026339845912
2022-10-24,0.008787356376761757,0.0032182779562126562,0.01755207133242931,0.007350951841238018,0.014002032765406902,0.01755207133242931
2022-10-25,-0.004196122026705051,6.682654708356495e-05,-0.007129746470900478,0.002162211650126755,-0.013981065654557145,-0.007129746470900478
2022-10-27,0.004564907874966551,0.011463668265736748,0.006717649474814236,0.014023641245640484,0.004920687814032876,0.006717649474814236
2022-10-28,0.002810605244745412,-0.004853132191853793,-0.004141746639845012,0.0079788048918219,0.006779372982166132,-0.004141746639845012
2022-10-31,0.012672230395564199,0.01029404684305657,-0.0011552504267736685,0.002638482060556502,0.006870827770731669,-0.0011552504267736685
2022-11-01,0.007395053222392978,0.010210237841748349,0.0018506091117702628,0.02052628366570719,-0.0001451150561398995,0.0018506091117702628
2022-11-02,-0.003447197631545107,-0.0021040727183788688,0.0043869457558169955,-0.0030943511001044754,-0.005808426952019996,0.0043869457558169955
2022-11-03,-0.0016673473084335422,0.0011659392993363937,-0.011494252873563204,-0.0012933067061016157,-0.006572615457667186,-0.011494252873563204
2022-11-04,0.003570168155688336,0.0018306403427366114,0.006744207337845198,-0.0033670309779891827,-0.01834849560318963,0.006744207337845198
2022-11-07,0.004727586225111935,0.004343633018209614,0.010395027799088075,0.009875287750410244,-0.00023958292747783272,0.010395027799088075
2022-11-09,-0.002516139235956394,-0.0019591860456931176,0.005258334097173911,-0.009778720075830583,0.0009586753165091721,0.005258334097173911
2022-11-10,-0.007093725904609771,-0.009759277426271473,0.0047759626709715786,-0.008835762906252098,-0.0028436723593999735,0.0047759626709715786
2022-11-11,0.017833173247033374,0.00960534512600053,0.013128067278203925,0.002097583438252615,0.026086058075700747,0.013128067278203925
2022-11-14,-0.0011198455015547504,0.005346243646310089,0.0013405133052060147,-0.004971282975871016,0.004768583294158857,0.0013405133052060147
2022-11-15,0.004050924260950772,0.0016744512937727496,0.0073628253748694306,0.009466227239206315,-0.0212550162323335,0.0073628253748694306
2022-11-16,0.0003396111515991951,-0.007327714155737963,0.004429611107046316,0.0020839237386458542,-0.0005353855086801529,0.004429611107046316
2022-11-17,-0.00357149639481924,-0.007526572049333713,-0.003969135859585471,0.0007797966816993629,-0.003303916260337214,-0.003969135859585471
2022-11-18,-0.00197613371355454,-0.0056757500121021875,0.0019924763390795075,-0.010649346686028793,-0.02601091500973418,0.0019924763390795075
2022-11-21,-0.008067729540576885,-0.005496904930976987,-0.010163479927788766,-0.002887913098212125,0.011344334677696688,-0.010163479927788766
2022-11-22,0.00463933015368867,0.002401421012858007,0.0022321939848524153,0.006582411875018179,0.020100100981892632,0.0022321939848524153
2022-11-23,0.0012634580983039712,0.0019094158269152839,-0.0028953466302290565,-0.0018310147962958823,0.010075089573871487,-0.0028953466302290565
2022-11-24,0.011870949889830174,0.003835145386516192,0.00603083437576446,0.011530362381246828,-0.004531180287866254,0.00603083437576446
2022-11-25,0.0015500019600884762,0.002757533058162176,-0.001332179664106814,0.004145073931010046,0.0007683391654791372,-0.001332179664106814
2022-11-28,0.0027008413120686026,0.002192208508493776,0.0031124809042510915,0.0,0.005050408608856305,0.0031124809042510915
2022-11-29,0.00297912654375021,0.0050734811245409794,-0.00044327256731246933,-0.003353902452202906,0.0018807261113809037,-0.00044327256731246933
2022-11-30,0.007535634625419174,0.012533759379089071,0.0,0.004659598762588368,0.005778054525683585,0.0
2022-12-01,0.002886735334004964,0.0038809394584531365,0.00598670658311895,-0.004380365308607637,-0.003995127455113434,0.00598670658311895
2022-12-02,-0.006187396179402005,0.0014376571950462935,0.011240955438331701,0.0007763659360955355,0.0011125572536594408,0.011240955438331701
2022-12-05,0.00026482378562620035,-0.0017133553936141688,0.004577137741581305,0.015515963724565207,0.003246422800464055,0.004577137741581305
2022-12-06,-0.0031175136590962937,-0.0008906671147472789,-0.005858113622690286,-0.0017825234022980085,0.004227115606167953,-0.005858113622690286
2022-12-07,-0.004411902750398933,0.001963229748352502,0.0004365006088362655,-0.009183688860840866,0.011553720860522976,0.0004365006088362655
2022-12-08,0.002631912360927746,0.004015507035747934,0.004799328533394487,-0.0036045156822459568,0.004390557120627525,0.004799328533394487
2022-12-09,-0.006058782405979346,-0.0061234028781589345,0.00108552400281825,-0.006976755877024066,0.009914706940262308,0.00108552400281825
2022-12-12,2.977743269738653e-05,0.00018943601669207943,0.0017349385230644998,0.004163409995876499,0.000424269141795941,0.0017349385230644998
2022-12-13,0.0059927938646799905,-0.0016560028028367313,-0.0006494648233119626,0.002591305356975715,-0.009586911507649565,-0.0006494648233119626
2022-12-14,0.002810661073194387,0.00463594235757725,0.008232258868530629,0.01214787380164628,-0.0008279363805171469,0.008232258868530629
2022-12-15,-0.013150934355333654,-0.008944596154675355,-0.010958361112973547,-0.007405539240483594,0.004400806754794484,-0.010958361112973547
2022-12-16,-0.00792295301794177,-0.012810082354310026,0.0015207407490895886,-0.013120615784603329,-0.0026459469356272525,0.0015207407490895886
2022-12-19,0.008289956688926514,0.009938038676573502,0.0069414252801733856,0.00834201485225905,-0.004393365543897243,0.0069414252801733856
2022-12-20,-0.0019081205394395617,-0.0019405874490322494,0.007109044465138714,-0.005687725412806821,0.00220621272554844,0.007109044465138714
2022-12-21,-0.01012771964355863,-0.015938492318571917,0.002352954232119009,-0.013520553045816674,-0.0054889826722994695,0.002352954232119009
2022-12-22,-0.003942502735851727,-0.007324223357571769,0.00021336580031960928,-0.01027937279296276,-0.0012364800652167052,0.00021336580031960928
2022-12-23,-0.01768316025411787,-0.037153053143412884,-0.0038404162423253396,-0.02130490687922504,-0.020925546932258565,-0.0038404162423253396
2022-12-26,0.011669632893506865,0.0,0.0,0.017142886207217156,-0.0035866732023922543,0.0
2022-12-27,0.006533654614990558,0.03399929548945502,0.0038552218991245724,0.008293139372277158,-0.009913386910029298,0.0038552218991245724
2022-12-28,-0.0005405150382313817,0.002896320012399478,-0.006827388566602477,0.0026532844909019637,0.0018774278207489559,-0.006827388566602477
2022-12-29,0.00377983170092433,-0.00021056083683046456,0.0012889661498263205,0.0018523337689431152,0.00389646516038189,0.0012889661498263205
2022-12-30,-0.00471107793689185,-0.0015360865230433784,0.003861838721705757,0.005282640246042858,-0.0043258862071852144,0.003861838721705757
2023-01-02,0.005089583355357918,0.0014590040420070505,0.008121334601040031,0.011035159059138877,0.0028864190047332983,0.008121334601040031
2023-01-03,0.00192892762485819,0.004399020303099466,0.009752022832868468,-0.0028586437541617826,0.008782844541123769,0.009752022832868468
2023-01-04,-0.010399069487028845,-0.013503243252796948,0.009237846249042558,-0.01876459280814713,0.0012648791378730984,0.009237846249042558
2023-01-05,-0.0028154392892826285,0.006909731553644383,-0.006032887817109089,0.00451522342777233,0.0004111501691357322,-0.006032887817109089
2023-01-06,-0.007375503705446151,-0.0073343954994602445,-0.005860167150489759,-0.006081426337711027,-0.00135087731641792,-0.005860167150489759
2023-01-09,0.013536251708490266,0.008087655509753766,0.012842118112664558,0.004522430653238763,-0.005174855752321794,0.012842118112664558
2023-01-10,-0.010333504750958511,-0.0036379831257890016,-0.0031178865927229404,0.001324233421093668,0.003221741109382892,-0.0031178865927229404
2023-01-11,-0.0010299775022909463,-0.003245642400457327,0.0012510711934197172,-0.006612007165294642,0.011077519328596575,0.0012510711934197172
2023-01-12,-0.00209547554088918,0.0021246172303994726,-0.0014577195784449826,0.0007986895154430407,0.004983081637692122,-0.0014577195784449826
2023-01-13,0.005510095918388247,0.004134238574849514,0.005839390507649034,0.00691668849368976,-0.018527626358910254,0.005839390507649034
2023-01-16,-0.003438847072569362,-0.0006476677335716108,0.009744997411653245,0.00026425724263390293,-0.0025112687440690395,0.009744997411653245
2023-01-17,0.008854568511824201,0.0008629420630750229,-0.004106791782468533,0.006603275118058027,0.002428606394890842,-0.004106791782468533
2023-01-18,0.006206556323560042,8.421857025964208e-05,-0.0008247611448937153,0.009971164052199333,-0.010429359338712807,-0.0008247611448937153
2023-01-19,-0.003165367099256078,-0.003461378939330073,0.0008254419373310284,0.008573603584487222,0.008329930611731262,0.0008254419373310284
2023-01-20,-0.004428975305189153,-0.0037519208618848054,0.005360790134705251,0.0072127455306034705,-0.005832972505175893,0.005360790134705251
2023-01-23,0.005042276095628795,0.0015479822715018798,0.00020512995436372528,0.0007673297996162454,0.015963434606090177,0.00020512995436372528
2023-01-24,-1.3798013043020418e-05,-0.002518745714200521,0.0028706046408526475,-0.006133444209444727,0.0031955029937562607,0.0028706046408526475
2023-01-25,-0.01249297962501228,-0.025165779538852906,-0.0030668887006108925,-0.004885539462352262,-0.006282738456436343,-0.0030668887006108925
2023-01-27,-0.016074246906178757,-0.03722877215783327,0.0004101816745722964,-0.008527178928913859,-0.010498141377028425,0.0004101816745722964
2023-01-30,0.0025334426073457816,-0.011401143398537927,-0.00020496764623634256,-0.018504016268883983,-0.0140866895810422,-0.00020496764623634256
2023-01-31,0.0007479862801675896,0.010214470046222113,-0.002050487756401931,0.01593198291428899,-0.010308732323191183,-0.002050487756401931
2023-02-01,-0.0025959245256645946,-0.016177644271995084,0.015204473110890016,-0.01620488654166574,-0.026497884019674567,0.015204473110890016
2023-02-02,-0.0003349392530399564,-0.0023661259893212883,0.021453174996245883,-0.010095671473888013,-0.04182957773712315,0.021453174996245883
2023-02-03,0.013835596307890219,-0.00025341856156946285,-0.020804498243742753,0.007514831095210228,0.002525462634106024,-0.020804498243742753
2023-02-06,-0.005010133160870178,0.005549404670867508,-0.007689139366596542,0.002930223965606382,0.0028503315497780957,-0.007689139366596542
2023-02-07,-0.0024261514654264627,-0.0016056208242294367,0.0006117206104574446,0.0034527821553635984,0.0065108632966361935,0.0006117206104574446
2023-02-08,0.008475536424681795,0.008947184420763588,0.002649298327363603,0.0,0.00820922012470171,0.002649298327363603
2023-02-09,0.0012170079483646568,-0.00497292163958829,-0.0018292713656964388,0.004235041095337122,-0.003615223424544456,-0.0018292713656964388
2023-02-10,-0.0020649578680046465,-0.0008216100574582885,-0.009163118659065939,-0.0013178502601565167,0.0068970357393574044,-0.009163118659065939
2023-02-13,-0.00479375070002519,-0.01441309235274335,0.00020547311065666207,0.007389780517477851,-0.0023050016357704095,0.00020547311065666207
2023-02-14,0.0089443537049958,-0.0011066843283226158,0.0024656410745171886,-0.0010478675071726729,0.004685712965423194,0.0024656410745171886
2023-02-15,0.004796470794436125,0.007089254190669081,-0.01291250371579189,-0.00262266682447021,0.0029793046985855387,-0.01291250371579189
2023-02-16,0.0011101336008929596,0.00715794604225839,0.00041529189840194825,0.022087830122286878,-0.0012592256881316377,0.00041529189840194825
2023-02-17,-0.005081567689351307,-0.006222918639731789,-0.004773755516386369,0.003087284535106871,-0.010960358056729569,-0.004773755516386369
2023-02-20,-0.005550518480140765,-0.00312433755812469,0.008967680882877582,-0.005642503494033613,-0.006701221299307503,0.008967680882877582
2023-02-21,-0.001003126492992057,-0.0018541773936743278,-0.0024804205029486104,0.006706172774396668,0.003093495161244242,-0.0024804205029486104
2023-02-22,-0.015280363131582653,-0.01438627911080903,-0.0020720778615624935,-0.010504736362676792,0.0006563589014123572,-0.0020720778615624935
2023-02-23,-0.002452434977984641,-0.0042893314963659,-0.006229220058369012,0.0005178782578152408,0.0,-0.006229220058369012
2023-02-24,-0.002595429723749043,-0.000855213801889465,-0.0016715802347353481,0.010610762264192664,-0.00016382892584099196,-0.0016715802347353481
2023-02-27,-0.004185411445805309,-0.009360306007400232,-0.007115951470790138,0.009731141499091045,9.81051189301585e-05,-0.007115951470790138
2023-02-28,-0.0051027157362857345,0.00267547564420334,-0.0006323520270926641,-0.006594018113571742,6.574420138294457e-05,-0.0006323520270926641
2023-03-01,0.008492348770636093,0.011652830400770586,0.007593347637844694,0.00842486204955506,-0.0005575942610617224,0.007593347637844694
2023-03-02,-0.007392168719804415,-0.000558470330279004,0.000837364771698379,0.002025362811511,-0.008102899299403,0.000837364771698379
2023-03-03,0.015728598629827895,0.009091829269785023,0.00020912615030344028,0.0032844175695811995,-0.0032409755323373757,0.00020912615030344028
2023-03-06,0.006655523618366965,0.007958840134712375,0.0002091621977060587,0.019894256704635627,0.010850076645345208,0.0002091621977060587
2023-03-08,0.0024250512391459367,0.0037130763483990137,-0.014844300062496263,0.003950613516348289,-0.0020024936250139236,-0.014844300062496263
2023-03-09,-0.009282249899975281,-0.007306339539433382,-0.0010611043759323202,-0.005410753111872557,-0.0009537491289464128,-0.0010611043759323202
2023-03-10,-0.010045664635585094,-0.0023224533293818572,0.007648196572883181,0.002472855890561565,-9.867728148760246e-05,0.007648196572883181
2023-03-13,-0.014851035931626178,-0.012820614076971104,0.02930633313735731,-0.011593517762430783,-0.00895566245692292,0.02930633313735731
2023-03-14,-0.006470680525861194,-0.00583584875253873,0.006349884785515014,-0.007486878945479392,0.00023255750428186062,0.006349884785515014
2023-03-15,-0.004174683738684903,-0.0005766010346210937,-0.004070847925734089,0.003520226000427673,-9.961772860411777e-05,-0.004070847925734089
2023-03-16,0.0007924286811309411,0.006027425108422024,0.01573677606705881,0.0030067384701468747,0.006544078098148498,0.01573677606705881
2023-03-17,0.006738129621978839,0.005540389648431621,0.0010060208509661273,0.0017486809132860603,-0.003795340358338173,0.0010060208509661273
2023-03-20,-0.0065292432199922645,-0.007274983093094378,0.02331657984747948,-0.009975005645942447,0.005930097109255739,0.02331657984747948
2023-03-21,0.007010642946744028,0.0057647528888065125,-0.008446283764772744,-0.0062972290981258006,0.011065276992547668,-0.008446283764772744
2023-03-22,0.0025953757489405316,0.006475197563360124,-0.008716296170740656,-0.006083692619145986,-0.001921669040044427,-0.008716296170740656
2023-03-23,-0.004372693304643627,-0.004067343079293129,0.0063948778770890335,-0.0005100856473009285,-0.004373304965466285,0.0063948778770890335
2023-03-24,-0.007720933328590696,-0.007668194418062657,0.010722813919433305,-0.011737665235822536,0.057263660464910826,0.010722813919433305
2023-03-27,0.0023988383407489433,-0.00518407391705622,-0.009823182416719312,-0.0038729076414799612,-0.024120275208735498,-0.009823182416719312
2023-03-28,-0.002001683861354908,-0.009420346567472038,0.0001983793894939634,-0.0028512339328874425,-0.02881463635706294,0.0001983793894939634
2023-03-29,0.007609856589321451,0.008022735537871917,0.005554429282769613,0.0171562211195595,0.009944335852196673,0.005554429282769613
2023-03-31,0.016337198944623932,0.013915341076745635,0.007496568917147561,0.010989018488071656,0.011109580496265314,0.007496568917147561
2023-04-03,0.002206297973761151,0.0024763792156941022,-0.005286870165989721,0.011880621579633655,0.005958301764576124,-0.005286870165989721
2023-04-05,0.009138954817361267,0.0053560828627410295,0.02086616907894956,0.002248317645076714,-0.002706791542775977,0.02086616907894956
2023-04-06,0.002397874785437182,0.0024347474057235807,-0.0009641194846142787,-0.0042372426089525295,0.005651789345456404,-0.0009641194846142787
2023-04-10,0.0014148632219350699,0.0028726810923001,-0.008299561740553352,0.01576973857531616,-0.003016191053121564,-0.008299561740553352
2023-04-11,0.005574768321964241,0.0021646337482945643,0.0033086447141164044,0.00788565008341946,0.0030889930653872355,0.0033086447141164044
2023-04-12,0.005083967961446945,0.00472255498366958,0.003297807684939036,-0.0004890087290343459,6.359964498114934e-05,0.003297807684939036
2023-04-13,0.0008757724412713497,-0.0016635617970357508,0.004253623372263204,-0.0009784959511300872,6.359560032342948e-05,0.004253623372263204
2023-04-17,-0.006795512150830185,0.004331534480183308,-0.004620675204371594,0.010773717557910123,0.0060314692781600066,-0.004620675204371594
2023-04-18,-0.0026373533282438855,0.003689485884619925,-0.003481630609661668,-0.0026647435466188307,0.01880648094315429,-0.003481630609661668
2023-04-19,-0.002344283016240789,-0.00892124657275839,-0.007764004703509797,-0.009958704533569174,-0.005667834457794285,-0.007764004703509797
2023-04-20,0.0003234746363958152,0.00040819655430923696,0.010172153142189,0.004416101879000545,0.0016509631918559808,0.010172153142189
2023-04-21,-2.260708945023282e-05,-0.0012890661564954886,-0.006777662243568017,0.0007328430630324512,0.003824823324193316,-0.006777662243568017
2023-04-24,0.006771973756565242,0.0037981841949059625,-0.0005849599036574782,0.0024407730325026744,-0.00281884386763398,-0.0005849599036574782
2023-04-25,0.0014568576938982503,0.00431923577984028,0.0011705301454489891,-0.0009739692190059435,-0.014943081769841937,0.0011705301454489891
2023-04-26,0.0024958627615121465,0.0038668632567522288,0.0031176899525244828,0.0065805621690613325,0.016777934553243057,0.0031176899525244828
2023-04-27,0.005695152810193838,0.002664073776823317,-0.00019421759172710829,-0.00024209011423492743,0.002915773974367042,-0.00019421759172710829
2023-04-28,0.008370013603697934,0.013392470731175665,-0.004274358179238491,0.004359416352255119,0.01963873139537431,-0.004274358179238491
2023-05-02,0.004575166931912511,0.006587525152894402,0.001170758503239222,0.017603075012013525,0.0007887469680909476,0.001170758503239222
2023-05-03,-0.00318502836487633,0.0017762244025694152,0.014617033325405648,0.004028392556205906,-0.0014852957084094953,0.014617033325405648
2023-05-04,0.009173717607303677,0.006299386747014246,0.008643813606832751,-0.00047204291403979415,-0.017878533916432016,0.008643813606832751
2023-05-05,-0.010232406865540389,-0.00012216728266645216,-0.00019040795758518136,-0.004014124558922805,-0.009117878913006416,-0.00019040795758518136
2023-05-08,0.010814123118324304,0.006830706513266671,-0.006285749162946441,0.0118539591366158,-0.009360541534306765,-0.006285749162946441
2023-05-09,8.480038171931881e-05,-0.0010355673498126938,0.003833635613552877,-0.0014058428505620002,-0.002626203127322091,0.003833635613552877
2023-05-10,0.0026908205008338015,0.005659239554518525,0.001145720345899992,0.0077428868917170934,0.020938357025773957,0.001145720345899992
2023-05-11,-0.0009882342854272697,0.007780230077802264,-0.0011444091730262729,0.0027939215309236154,-0.020414292500780862,-0.0011444091730262729
2023-05-12,0.0009728797753729701,-0.0016125097878484373,-0.008783637461420524,-0.011609008672922916,-0.0010599167331302173,-0.008783637461420524
2023-05-15,0.004589120522186851,0.004753528981390476,0.007127700500334511,0.0014094755396090175,-0.004371702918814391,0.007127700500334511
2023-05-16,-0.006106338807060685,0.0013904117427285811,-0.004399379257969849,0.006802652910252505,0.00038749502435986294,-0.004399379257969849
2023-05-17,-0.005728269488420423,-0.0056185340162189235,-0.008261293208043141,0.0,-0.014555609132803848,-0.008261293208043141
2023-05-18,-0.002849053652701161,-0.0099469124170668,-0.0005811464532663457,-0.009319611562123908,-0.0022596195956098297,-0.0005811464532663457
2023-05-19,0.0040513721791914925,0.0032363166456124137,-0.002907569789401987,0.012699927321584648,-0.00039395644050044254,-0.002907569789401987
2023-05-22,0.006097761825706316,0.009305465396586055,0.010497685263291645,-0.014166293332492308,0.0006565512535816609,0.010497685263291645
2023-05-23,0.001834600568861644,0.002123534193940513,-0.010580978105119931,-0.0018846131829645119,-0.00420031632421114,-0.010580978105119931
2023-05-24,-0.0034117947119577385,-0.0006413205507375119,0.006222043416787892,0.00401231975284877,0.0005602818067369508,0.006222043416787892
2023-05-25,0.001955111686716471,0.005593639370193193,-0.005797086706484045,0.0,-0.021474073587402498,-0.005797086706484045
2023-05-26,0.009726420827874671,0.011438017061580874,-0.002332340721192039,-0.0011753464030203054,0.01201627889924417,-0.002332340721192039
2023-05-29,0.005367798508963517,0.005771939512802637,-0.0029222973023187437,-0.0018828389713910765,0.012172583694607608,-0.0029222973023187437
2023-05-30,0.0018925684396833287,0.0004937166427976258,-0.0007815731787578217,0.0011789492393408096,0.00663748701727318,-0.0007815731787578217
2023-05-31,-0.0053370195013254795,0.0024627087505364464,-0.00019550883168817368,-0.011069180785209576,0.005353295112842105,-0.00019550883168817368
2023-06-01,-0.0025169624936233204,0.0025065443548826227,-0.0027381065269670435,-0.00643011305003427,0.0011364895569516698,-0.0027381065269670435
2023-06-02,0.002507044360454902,0.0041916849609831,0.006471818111290162,0.0016778449850447519,-0.02062660195902921,0.006471818111290162
2023-06-05,0.003223787573137793,0.0016525115536469848,-0.01169131873906859,0.0040679149370908,0.0026491113567146396,-0.01169131873906859
2023-06-06,0.00027699431442118616,0.004616598122148652,0.0069006006643830275,0.0016682482447938352,0.004590936715858085,0.0069006006643830275
2023-06-07,0.006849851638528914,0.009423139668577107,-0.0015664385517027979,0.007613602286894228,0.002367046071193979,-0.0015664385517027979
2023-06-08,-0.0049048192636628185,-0.006629319191367111,-0.005687407452073301,0.00708389758127459,-0.008921265006110457,-0.005687407452073301
2023-06-09,-0.00381819725413457,-0.0009552209431985537,0.005128171945181892,0.003985888929972425,-0.008273389123078623,0.005128171945181892
2023-06-12,0.0020524046550352004,0.004637685988481799,-0.0005886730737013623,0.003035989468513467,0.009810676067236512,-0.0005886730737013623
2023-06-13,0.0061635024393194016,0.009519300517792484,-0.0007854096856009241,0.004423716492059526,-0.01883598728898328,-0.0007854096856009241
2023-06-14,0.0021238341844009856,0.0023245079532758783,-0.006484535671355207,0.006490467854852522,0.009059889951964273,-0.006484535671355207
2023-06-15,-0.0036149041015322014,0.00033660246546451944,-0.007911422369743293,-0.0009211677226343973,-0.007710111056205005,-0.007911422369743293
2023-06-16,0.0073790483520230765,0.010206479064484464,0.00996810210368837,0.004840919301567492,-0.0024894186885148217,0.00996810210368837
2023-06-19,-0.0037475183921172883,-0.0016436159443845577,-0.002566148213714925,-0.0039000225521330645,-0.001989332416288514,-0.002566148213714925
2023-06-20,0.003265717567498605,0.003692509382785092,-0.0007915515890822844,0.007600226738164961,-0.015677956765851597,-0.0007915515890822844
2023-06-21,0.0021337637466720683,-0.000470158956768274,-0.007922390821577308,0.006628592354910756,0.0026775101255469558,-0.007922390821577308
2023-06-22,-0.004539443817404343,-0.011809414470625335,-0.004591725724409801,-0.008628543601625016,0.01619307939977932,-0.004591725724409801
2023-06-23,-0.005633615236065759,-0.012768758029766514,-0.002206189510730261,-0.00847455183641499,-0.01128586719548319,-0.002206189510730261
2023-06-26,0.0013768299134766515,0.004049506779850498,0.00482415434104122,-0.0018480441063236652,0.0010562993072937843,0.00482415434104122
2023-06-27,0.00675190341711196,0.004324917413660145,-0.003800808862306826,-0.0009257328482962235,-0.00292728259893682,-0.003800808862306826
2023-06-28,0.00822107281232487,0.006316999818943181,-0.0050200803981931275,0.008339138883969976,-0.006349695652043019,-0.0050200803981931275
2023-06-30,0.01143527476356887,0.006553517049056934,-0.004843549292933735,0.015851193676909014,0.002026974921675695,-0.004843549292933735
2023-07-03,0.00695709243369369,0.003989704713637243,0.005069965383035058,-0.0009045887476958336,0.011314557379039636,0.005069965383035058
2023-07-04,0.003438946519135566,-0.0037940331685099027,0.006456813679522444,-0.0006790126548134046,-0.0063738121145585636,0.006456813679522444
2023-07-05,0.0004899685388621844,0.007993948277014828,0.0020047809137881956,0.0036240054786480513,0.001569595818422309,0.0020047809137881956
2023-07-06,0.00509321758125636,0.005987611374353774,-0.0016006005820351499,0.0218911617229276,0.006540871939379134,-0.0016006005820351499
2023-07-07,-0.00848835445771845,-0.008329593359002851,0.002404788140588199,-0.009938095414612436,0.021728821247163133,0.002404788140588199
2023-07-10,0.0012466303397029588,-0.0055122045622407745,0.00019988647424429296,-0.00892263014813921,-0.0036105733290351383,0.00019988647424429296
2023-07-11,0.004313930032438185,0.007560602066654987,0.002598462348334607,0.01102853613333088,0.0058178564530178,0.002598462348334607
2023-07-12,-0.002834429471475497,0.002541364168138438,-0.0011961996306527611,0.0013357385515766484,-0.010543985425771063,-0.0011961996306527611
2023-07-13,0.0015192303855748879,-0.006464515068580257,0.008383273381924905,-0.012894575861718272,-0.0008018015530417699,0.008383273381924905
2023-07-14,0.007765114931427508,0.007421920098395596,0.001385583812152591,0.001576569649066828,0.016014202422097945,0.001385583812152591
2023-07-17,0.007511013251041421,0.002872714562076828,-0.001976645064627025,-0.0033730947101722197,0.014445663091596783,-0.001976645064627025
2023-07-18,0.001917706853032497,-0.004271945929299692,0.0033669669893834353,-0.0018050094067749711,-0.0003242420440047189,0.0033669669893834353
2023-07-19,0.004248282371482448,0.005291844536549739,0.007106210253373213,0.009945719032898426,-0.005451381413963063,0.007106210253373213
2023-07-20,0.007361412439498949,-0.0014319152907023014,0.0011760363142427899,0.0020143274837325365,-0.0012396586989360525,0.0011760363142427899
2023-07-21,-0.011719737128305097,-0.0037440311860208464,-0.008418173252968786,0.001116802245908266,0.006761663526072104,-0.008418173252968786
2023-07-24,-0.0036794322929856182,-0.00017990865060912853,0.0,0.011601973701568902,0.003342301763600508,0.0
2023-07-25,0.0004193703428323481,0.00522332980024065,-0.0013820274968492363,0.010807271213448155,-0.0016496647210301196,-0.0013820274968492363
2023-07-26,0.004964339187534694,0.0036187363617867785,0.005140338317931148,-0.0002182442904397064,-0.01992085041830971,0.005140338317931148
2023-07-27,-0.0059863783008722304,0.002876469656089231,0.0017702626341025152,0.0,0.01824378317339148,0.0017702626341025152
2023-07-28,-0.0007044597937843067,0.010514240548505471,-0.005105088055615936,0.015931897579623655,0.0059719657978607454,-0.005105088055615936
2023-07-31,0.005484562836559181,0.002670161152363848,-0.00019732231881808282,0.024919438591280985,0.006614695778519142,-0.00019732231881808282
2023-08-01,-0.0010251191770254131,-0.0005244330602600655,0.0005921590877857597,0.005030427228511547,-0.016988343472098322,0.0005921590877857597
2023-08-02,-0.010489749274959825,-0.01364129219068455,-0.0001972444624990244,-0.02210638908081708,0.005086994841012382,-0.0001972444624990244
2023-08-03,-0.007420685416911321,-0.0051796584662698875,-0.0027624188793491378,-0.0076775563027846605,0.014131783743055681,-0.0027624188793491378
2023-08-04,0.006983389270114548,0.007890414573278548,-0.0007914704155664865,0.006232557987007281,-0.00980010558118305,-0.0007914704155664865
2023-08-07,0.004114401867602702,0.0016407733441303751,-0.00019798656501390788,-0.0006407257473816097,0.0029593973297417087,-0.00019798656501390788
2023-08-08,-0.0013497354646058168,7.840648062584776e-06,0.0013864070607483292,0.00021368500400864576,-0.002819432428584956,0.0013864070607483292
2023-08-09,0.003152707884763739,0.002438683781563755,-0.0037579595776400243,0.008333320427484026,0.00197251368281548,-0.0037579595776400243
2023-08-10,-0.004556268458015711,-0.006051417231973666,-0.002779420143283251,-0.0006357020591201135,0.015585366757810526,-0.002779420143283251
2023-08-11,-0.005874136161590715,-0.002449835596349925,-0.0019908117665222713,0.00466499621320926,0.005040100748370913,-0.0019908117665222713
2023-08-14,0.00032169565781225984,-0.012519419847796587,-0.0007979436400368245,-0.0023216675363392225,-0.0014466980868265145,-0.0007979436400368245
2023-08-16,0.0015667570139761278,2.2722753997728162e-05,0.0003992904312786205,0.009308200178718584,-0.003734351501979205,0.0003992904312786205
2023-08-17,-0.005124582584125403,-0.002656194081993246,-0.005787286210238718,-0.005239991716565862,-0.009790822825448409,-0.005787286210238718
2023-08-18,-0.0028452826260957353,-0.0048265618422703715,-0.0014050520925934507,-0.009270936266261742,-0.0029042258040273827,-0.0014050520925934507
2023-08-21,0.0043215209131937105,0.008078991724090656,-0.0014070290416928755,0.010846412517399262,0.009163923817507413,-0.0014070290416928755
2023-08-22,0.00014693555773015454,0.0065994965881222,0.004428365928979439,0.011782061596326887,-0.005675428425605089,0.004428365928979439
2023-08-23,0.0024515199000461063,0.0004850590531195742,-0.0018036102171502533,0.0031191833105210787,0.0,-0.0018036102171502533
2023-08-24,-0.002946964680621278,0.0035764570085239367,0.004416731578807509,-0.006011627392973229,-0.007567224055383126,0.004416731578807509
2023-08-25,-0.006236153774081932,-0.00937095865613613,-0.0017989237414319792,-0.008133459508719465,-0.007328417867211279,-0.0017989237414319792
2023-08-28,0.002089194238900971,0.005418727810155399,-0.0028033518922357947,0.009251442683012145,-0.00029797764181793696,-0.0028033518922357947
2023-08-29,0.0018957584743610756,0.00593210652746734,0.0036144640147268703,0.0035416285196940844,0.007583810048407802,0.0036144640147268703
2023-08-30,0.0002480956863764039,0.0034504067758538426,0.0072028934303478565,-0.001037974651466378,-0.0007887031326391236,0.0072028934303478565
2023-08-31,-0.004840350603388277,-0.007325127253831609,0.00019861584233016316,-0.004364070846508472,0.0038155490271809533,0.00019861584233016316
2023-09-01,0.009426710188917609,0.00865125913251008,0.00039722856742385737,0.03130870391937646,0.005144588424055074,0.00039722856742385737
2023-09-04,0.004810833701642592,0.008956523194883825,0.00138971007164157,0.023274671714841988,0.008867370125476448,0.00138971007164157
2023-09-05,0.0023605960187407238,0.0020597235127541857,-0.0017843012497671396,0.003560132521492898,-0.0007429988108519359,-0.0017843012497671396
2023-09-06,0.0018467726478093027,0.0047257119054373575,-0.000794381371245434,-0.002562102164265445,-0.005174276394464994,-0.000794381371245434
2023-09-07,0.005915032360780392,0.0050804775175050665,-0.002782810584855744,0.018178189248176713,-0.009264353517508095,-0.002782810584855744
2023-09-08,0.004709190366575022,0.008120998791214529,0.0007973074942646541,0.017853716387282503,0.014961432829881716,0.0007973074942646541
2023-09-11,0.008900143420050854,0.010299071572253071,-0.0009958023894091061,0.007435641257873993,-0.013932607082347337,-0.0009958023894091061
2023-09-12,-0.0001575482868895195,-0.02297588475003942,-0.002791056420939353,-0.037282384841299865,0.008916960934424178,-0.002791056420939353
2023-09-13,0.003841345269944396,0.003078030849824831,-0.002798868220056372,0.013957202950222625,0.004484053525273479,-0.002798868220056372
2023-09-14,0.001649208239910216,0.006915932389300217,0.0,0.010856873569488501,-0.012195386808048658,0.0
2023-09-15,0.004439613877174287,0.0017544102638311632,0.004811504784087539,-0.004411191885859367,0.0189939972420079,0.004811504784087539
2023-09-18,-0.002924316846098174,-0.0005602550250337623,0.006384670822900729,0.015411274116974072,-0.013979991561938188,0.006384670822900729
2023-09-20,-0.011518249945432046,-0.008808106210910327,-0.0011894837475665554,0.0077784074090960775,-0.009582645731168515,-0.0011894837475665554
2023-09-21,-0.007991939166498319,-0.008536687488858052,-0.002183418182203689,-0.016377992269923758,-0.0010858232770053489,-0.002183418182203689
2023-09-22,-0.003449417659114995,-0.0012203792891504195,-0.0009946138174905528,-0.0001913554360422065,0.0013507574182851645,-0.0009946138174905528
2023-09-25,1.5288066889551644e-05,-0.0023253670367009427,0.0,0.0011484984047862579,0.0012829076865801259,0.0
2023-09-26,-0.0005007261720755274,0.0019513504879415944,-0.003982492195898302,0.0032505159870463984,0.0015114715997759376,-0.003982492195898302
2023-09-27,0.002631619198663282,0.001410643908601239,-0.0063974348639684875,0.003621090571540142,-0.008267566780850721,-0.0063974348639684875
2023-09-28,-0.009783629666773708,-0.014899646591954085,-0.00663987577442382,-0.0026585527925199193,-0.006086967995564074,-0.00663987577442382
2023-09-29,0.005877516917168757,0.010950859455128858,-0.0016203771133921352,0.020182813481570028,0.0005656893122805151,-0.0016203771133921352
2023-10-03,-0.005578424654468894,0.0033328759512001316,-0.009332503062051023,-0.01306459012723915,-0.0014967852527718595,-0.009332503062051023
2023-10-04,-0.004744307271330683,-0.013851370977111643,-0.009625255029259816,-0.012102862646013346,0.006529744009430738,-0.009625255029259816
2023-10-05,0.005641584105285702,0.0024415349165265443,-0.002274619705608827,-0.0017228206297127402,0.00036427648405923385,-0.002274619705608827
2023-10-06,0.0055127073660514725,0.006285028197452913,0.0026943226552380573,0.0026845519760716474,0.006716656325969073,0.0026943226552380573
2023-10-09,-0.00718194675884698,-0.012086586412696887,0.010334848883034153,-0.00937084853485426,-0.000854518949607197,0.010334848883034153
2023-10-10,0.00909680297624016,0.013491032631499422,0.0010228976261861256,0.02007723804720185,-0.002993552321445714,0.0010228976261861256
2023-10-11,0.006170692128707245,0.005129328103845365,0.0049049225888548875,0.0015139669970933856,0.006499907287091711,0.0049049225888548875
2023-10-12,-0.0008757409120068171,0.0023199836624516745,0.004474297923445336,0.00982616167339212,0.010096352491661742,0.004474297923445336
2023-10-13,-0.0021698099802970328,-0.0011402059624630034,0.0020247477233077404,0.0013098745625572672,-0.003472496768987199,0.0020247477233077404
2023-10-16,-0.0009772027556287366,0.002895729002406977,0.015356603268491753,0.0076621166188135525,0.0049172737342328965,0.015356603268491753
2023-10-17,0.004041709427698992,0.003639267000352886,0.0011940571799207156,0.01224042441621398,0.0,0.0011940571799207156
2023-10-18,-0.007086812741337156,-0.01023323663125797,0.00934202729430611,-0.008244792008845536,0.0032083340887836265,0.00934202729430611
2023-10-19,-0.0023588102112444,-0.003230256924551589,0.002560084112649408,-0.0016626667432472209,-0.005394679570585037,0.002560084112649408
2023-10-20,-0.004180896084593599,-0.009490968493257257,0.013356910375444508,-0.007216864971154702,0.0022085202293138373,0.013356910375444508
2023-10-23,-0.013350307425555652,-0.019370235416817594,-0.0009691652822768626,-0.019944075757539093,-0.012314327373366574,-0.0009691652822768626
2023-10-25,-0.008277236732921023,-0.006091406326006243,-0.0025223334459830715,-0.0051350408589032615,-0.015617897819797277,-0.0025223334459830715
2023-10-26,-0.013853064912347501,-0.009768807937689528,0.008169655415078081,-0.007455614492582252,-0.005566338704669049,0.008169655415078081
2023-10-27,0.010075700327460302,0.01960715905522803,-0.0036658775746445382,0.020223480138445993,0.023596495849862897,-0.0036658775746445382
2023-10-30,0.004916740769664862,0.0015763116623894735,0.007358657486572495,0.0013214969456496473,0.014997383758072358,0.007358657486572495
2023-10-31,-0.0032026069828995363,0.002562257063777995,0.0007689526177498962,0.0018853407314294302,0.005452113165467454,0.0007689526177498962
2023-11-01,-0.004740624572936891,-0.005360243999187109,-0.005762640104572281,-0.008091838730046041,0.007925121109767064,-0.005762640104572281
2023-11-02,0.007588523257266999,0.015255940900492648,0.0017387974402318651,0.006450391927402821,-0.00047743562260360584,0.0017387974402318651
2023-11-03,0.005087980838331285,0.00976125275298112,-0.0009643054683117214,0.010933116670989618,0.015820841748012127,-0.0009643054683117214
2023-11-06,0.00941990339899168,0.007629480199398353,-0.0009652362509066092,0.013425273012607208,0.003893864879595421,-0.0009652362509066092
2023-11-07,-0.000260191958478706,0.008089148709901739,-0.007536220089824908,0.001103981140304633,-0.008074862904093982,-0.007536220089824908
2023-11-08,0.0018962926582819506,0.0066149555106138624,0.0007788340158096929,0.007351617845996694,-0.002692469336807668,0.0007788340158096929
2023-11-09,-0.002478937369815082,-0.005109500358070118,-0.008949472480819232,0.0007297409200497373,0.008837537655429273,-0.008949472480819232
2023-11-10,0.001549283945833313,0.001397289192238027,0.007263501306574938,0.008021922582438057,-0.0067533077212336146,0.007263501306574938
2023-11-13,0.0009369804014345284,0.005740942531200277,-0.007405984368440088,0.02459758704705739,-0.005901130448202285,-0.007405984368440088
2023-11-15,0.011926753508604282,0.009543010695602705,0.010406416181446776,0.004942608504060919,0.01458236950376901,0.010406416181446776
2023-11-16,0.004561522280999375,0.0035756172453864643,-0.001360273922844657,0.004391357784294225,0.0013039204775389113,-0.001360273922844657
2023-11-17,-0.0016897597201204206,0.005294934695525999,0.009145772062371327,-0.0017488365440256892,0.0007303887084564309,0.009145772062371327
2023-11-20,-0.0019157289123818977,-0.002590864571157092,-0.00385655149605868,-0.0015767370304975437,0.007838239866388985,-0.00385655149605868
2023-11-21,0.0045394734754240496,2.89309124792414e-05,0.004258637656851416,0.0007018266301470621,0.004124896930611799,0.004258637656851416
2023-11-22,0.0014380348265852216,-0.0037908432464829334,0.005589766670384799,0.0015781194899930906,-0.01530274407950194,0.005589766670384799
2023-11-23,-0.0004971574875239915,0.002887817517663649,-0.0028751718697764828,-0.0014005255226425817,0.011432340443695566,-0.0028751718697764828
2023-11-24,-0.00036868908443588033,-0.0014525973473297205,0.002499059342008003,0.006661943326065511,0.006958316419014343,0.002499059342008003
2023-11-28,0.004799264638990497,0.011890709565469226,0.002876274339267404,0.004702202479513362,-0.015383680630049135,0.002876274339267404
2023-11-29,0.010402389113554511,0.006902827101992859,0.014340344377453462,0.002080130862171181,0.008574307436396422,0.014340344377453462
2023-11-30,0.0018187545137213768,0.011221867596735935,0.001885057309265692,0.008821973869885147,0.014389008899331257,0.001885057309265692
2023-12-01,0.0066929416105065975,0.009704209360247518,0.0026340430033717777,0.012860082371820791,-0.013812330740008427,0.0026340430033717777
2023-12-04,0.020668169003769332,0.019353929637806022,0.008069061696159396,0.027763660032524617,-0.00166818954392145,0.008069061696159396
2023-12-05,0.008135565760247543,0.010370315573319244,-0.01451977990077813,0.015977618766777724,-0.0014188827673267124,-0.01451977990077813
2023-12-06,0.003960643244200535,0.011614552671542766,-0.0020777634776666387,0.00016209989435367333,-0.0620383226228548,-0.0020777634776666387
2023-12-07,-0.0017455990623970186,0.007982405797760439,0.003785669909339706,0.011347070489905686,0.07388337469352835,0.003785669909339706
2023-12-08,0.003265370504707432,-0.006124270981308633,-0.0016971554716125326,-0.006250992041412773,0.021502159107530394,-0.0016971554716125326
2023-12-11,0.001320935183362959,0.010490249956776276,-0.017378129822639643,0.010806422079763012,0.013316836940314491,-0.017378129822639643
2023-12-12,-0.004319607014175553,-0.006383485783031273,-0.0032680119597577884,-0.010052613241181674,0.001302360860582441,-0.0032680119597577884
2023-12-13,0.0009542158562574343,0.009058685308681591,-0.0003856633298916501,0.011927753914399597,0.008437230837333942,-0.0003856633298916501
2023-12-14,0.012250087289956912,0.012715130013554843,0.018714979196174264,0.0033450605806506495,0.00014993787148842586,0.018714979196174264
2023-12-15,0.012932779200891975,0.0006143874387221082,0.00018943440104157716,0.02016193719515047,-0.018590253053994532,0.00018943440104157716
2023-12-18,-0.0017710126840955187,0.006614048390950478,-0.006059452499580176,0.0010893198334451792,-0.009104531974469698,-0.006059452499580176
2023-12-19,0.0016083748565725031,0.0016481371054091198,0.0019050956548571918,0.009482365816708027,0.03521115750328074,0.0019050956548571918
2023-12-20,-0.01412146609423337,-0.029446079944237313,0.004563637150987621,-0.021558384250787377,-0.010424593189505171,0.004563637150987621
2023-12-21,0.004959794076523361,0.013296335387130043,0.0005678360449958841,0.01652495132568843,-0.008336810828867725,0.0005678360449958841
2023-12-22,0.004438926556610712,0.008217124111191465,0.006242868190447837,0.0055736279727944815,-0.01672339139546275,0.006242868190447837
2023-12-26,0.004306875934107168,0.009449629649237679,0.00507615086923674,0.02032332189139452,0.028397481334829555,0.00507615086923674
2023-12-27,0.0099527499207277,0.004679095085404317,0.00317998478402437,-0.004225121374382468,-0.00999476889198958,0.00317998478402437
2023-12-28,0.005723881307796219,0.005389166099602605,0.003915701664930715,0.01970000142205719,-0.01518930676587893,0.003915701664930715
2023-12-29,-0.0021717930740454694,0.00718787268204224,-0.0033432448860631903,-0.0060930845078167595,-0.000554226239801503,-0.0033432448860631903
2024-01-01,0.00048317180721269004,0.0,0.0014909025583709212,0.004336138269092515,0.007639281642546569,0.0014909025583709212
2024-01-02,-0.003500136051024061,-0.00126161838200467,0.005024127923959343,0.0011910351829020893,0.005104937106676255,0.005024127923959343
2024-01-03,-0.00685186637566948,0.007561382619304613,-0.008887234903781849,-0.0028253151138475374,0.007116759942703554,-0.008887234903781849
2024-01-04,0.006564470186349425,0.012660082068552514,-0.004483427409722851,0.018640024537844857,0.002657609363762914,-0.004483427409722851
2024-01-05,0.002410182228605562,-0.0011902001322636746,-0.0028148155995846302,0.0035134753585401857,0.001596234484346537,-0.0028148155995846302
2024-01-08,-0.00911070868564301,-0.010430959660375438,-0.0054572999408771805,-0.002625824903900842,-0.011697407357804779,-0.0054572999408771805
2024-01-09,0.0014804820050666745,0.004313321261733671,0.0032166885250870525,0.0033639859338832068,0.01752553883673702,0.0032166885250870525
2024-01-10,0.0034277152411805734,0.002168246738834423,-0.0018861238769324329,-0.005393514947774847,0.021440113193058608,-0.0018861238769324329
2024-01-11,0.0013183031833516878,0.009577952073833718,-0.0015116783659370192,-0.0017587973131740764,0.02459087187101905,-0.0015116783659370192
2024-01-12,0.011426492637705898,0.0026979623043694723,0.0028387873854227585,0.004110978957388545,-0.00011428506585975384,0.0028387873854227585
2024-01-15,0.009267074694848665,0.003539271860462545,0.004906554317752665,0.02105574578531444,-0.010058437958003097,0.004906554317752665
2024-01-16,-0.0029482333845447517,-0.002179783503470145,-0.0037558828721023785,-0.0047257886639197055,0.010276097576354282,-0.0037558828721023785
2024-01-17,-0.020894393512082443,-0.011139784535533992,-0.00716307396004201,-0.004316590672774234,0.004343035135768281,-0.00716307396004201
2024-01-18,-0.0050852715087356115,-0.004756860371267102,-0.0034174387077279267,-0.008381419468760365,0.0093025043473558,-0.0034174387077279267
2024-01-19,0.00746195718645537,0.014098686606631494,0.006667907466740841,0.021276581551075147,-0.009555091549470984,0.006667907466740841
2024-01-23,-0.01774084294273448,-0.025851336731616326,0.0003785097976138907,-0.01840754682965351,0.006118550241045462,0.0003785097976138907
2024-01-24,0.010129971071150878,0.01714244710810897,0.0009458803723652043,0.025439743810280913,0.0039037452624925972,0.0009458803723652043
2024-01-25,-0.004724053755400193,0.0015394177191929703,-0.0035909776461334753,0.012333466618803524,-0.01467955628333839,-0.0035909776461334753
2024-01-29,0.018030591452244726,0.013277368338651785,0.004742033274115709,0.04075053750849911,0.011695306941348793,0.004742033274115709
2024-01-30,-0.009913698102483215,-0.003388357184639368,0.003020574735225212,-0.008207758515290209,-0.0077163602673294696,0.003020574735225212
2024-01-31,0.009460025419002926,0.008628188493654099,0.004140737842708075,0.009089651027908596,0.023015476371323063,0.004140737842708075
2024-02-01,-0.0013003033741542103,0.003790314742062595,0.00206186716959178,0.005108966077503219,0.01698455734813198,0.00206186716959178
2024-02-02,0.007205988175093214,0.0077726201606640455,0.002244720326171512,0.03772070110010839,0.009171777065421605,0.002244720326171512
2024-02-05,-0.0037568550808078083,-0.004834604300888001,-0.011198250621757166,0.020752778710390496,-0.007216536301154486,-0.011198250621757166
2024-02-06,0.007243402101531293,0.014291355804259442,-0.0007550191746501511,0.004419730563590463,-0.0035522765277555823,-0.0007550191746501511
2024-02-07,5.014315737827957e-05,0.01631355734338369,0.0051001221149911125,-0.005280339000641399,0.0012340514170585681,0.0051001221149911125
2024-02-08,-0.009692017110872975,0.0047763353951439935,-0.0030069507642370708,0.013650077909113989,-0.0016435681337760855,-0.0030069507642370708
2024-02-09,0.0029722318898448563,-0.003950711391580319,0.0,-0.018453812766279665,-0.004334870128038126,0.0
2024-02-12,-0.0076414194307357075,-0.019312959104041405,-0.004901005188923113,-0.04738317199050823,0.001230065781991252,-0.004901005188923113
2024-02-13,0.005884480011507653,0.010108561234388302,0.000378868297344237,0.016668889660069297,0.012145797585068951,0.000378868297344237
2024-02-14,0.004451992284961959,0.013698468363852356,-0.013444477953166833,0.028069247765094785,0.017544783236379757,-0.013444477953166833
2024-02-15,0.0032371361888359207,0.008903739291447721,0.0013435642394306058,0.03674413094837048,-0.000162601256236794,0.0013435642394306058
2024-02-16,0.005930843022260657,0.006878814467906169,0.0034502647401457587,-0.002215115683531721,-0.002413353364213666,0.0034502647401457587
2024-02-19,0.0037000088082788096,0.0,0.00553965470831308,-0.00024672264441505387,2.7360189195801965e-05,0.00553965470831308
2024-02-20,0.0033766555730090353,0.0020525329486078547,-0.0015197191733469229,0.00789537884189806,-5.4338889041383176e-05,-0.0015197191733469229
2024-02-21,-0.006392700010330099,-0.0054491238777076845,0.0015220322349167592,-0.02190934336590966,-0.024408892339405797,0.0015220322349167592
2024-02-22,0.0073633218581414805,0.010490438714428896,0.0015197916410010226,0.015642597205795195,-0.013958472424664747,0.0015197916410010226
2024-02-23,-0.0002137959201901074,0.002622925812301835,-0.005311126470235794,0.0019713655186728296,0.02836882654538564,-0.005311126470235794
2024-02-26,-0.004080928508836235,0.000757361642330423,0.005148750282883308,-0.001229691029222435,0.014644750870695056,0.005148750282883308
2024-02-27,0.003448994348646428,-0.0008091810207822014,0.0015177733341729116,0.000738704231618037,-0.006255394355995203,0.0015177733341729116
2024-02-28,-0.011135927809948543,-0.012905144346077146,-0.003599212693901732,-0.014640778288364853,-0.004087586374394658,-0.003599212693901732
2024-02-29,0.0014418556686905948,0.01034558496740745,0.0034220591330309524,0.0007492220093896496,0.022792763077045475,0.0034220591330309524
2024-03-01,0.016192168700068565,0.00873684741659031,0.002273640571380575,0.017841550567083475,0.011797642285514609,0.002273640571380575
2024-03-04,0.0029925402887358565,0.007351253744323216,0.01871451484335429,0.025618978805845405,-0.012426927538714994,0.01871451484335429
2024-03-05,-0.00220029050703785,0.0006197821346218824,0.01354610411030266,0.011115098906754328,0.027147889676531145,0.01354610411030266
2024-03-06,0.005266971542034149,-0.002921741431874736,0.001830873137567579,-0.007446776179442671,-0.025361540173574948,0.001830873137567579
2024-03-07,0.0008676673462120199,0.008657927226018547,0.01315784703845102,-0.0004763715010817071,0.011847228851064484,0.01315784703845102
2024-03-11,-0.007153178801771132,-0.00021135901906621513,0.010281380031449183,-0.014297592563790151,0.0031454210101080626,0.010281380031449183
2024-03-12,0.0001365188668460693,-0.015485515413752093,-0.0012497714144245053,-0.017526949338811937,-0.010802753220810257,-0.0012497714144245053
2024-03-13,-0.015132725270416536,-0.037516899867458875,-0.008401812970039169,-0.0648375580981031,0.01789905567879302,-0.008401812970039169
2024-03-14,0.006771215952804832,0.023983538256431736,0.006670252816700417,0.019076396625320458,0.00787647647922296,0.006670252816700417
2024-03-15,-0.005567468627318717,-0.007884430395995068,-0.0019699249650962924,-0.014846392195600133,0.0,-0.0019699249650962924
2024-03-18,0.0014688778023679294,0.006255713412311792,-0.004127032910919315,0.0030140658405470866,-0.0008310291285782423,-0.004127032910919315
2024-03-19,-0.010802196640288697,-0.017447207922529184,0.0019819929793074564,-0.012673127895225123,-0.004651112945856517,0.0019819929793074564
2024-03-20,0.0009923428906801757,0.0031139650649323336,0.001978072453591828,0.007807383481113872,-0.03349334379590685,0.001978072453591828
2024-03-21,0.0079146856998078,0.023216705738359433,0.01758793109775092,0.029280404678453387,0.013504964728755064,0.01758793109775092
2024-03-22,0.0038524885010076115,0.004592760698491016,-0.012522029540019464,0.00497511663075656,0.0019989425910393877,-0.012522029540019464
2024-03-26,-0.00416580634029895,0.010349940253523648,0.005536659212370898,0.001396301244681819,-0.0013300008478093206,0.005536659212370898
2024-03-27,0.005405716783151604,0.0018427500773392502,-0.001420923933241558,-0.001140782590783429,0.004128056026955207,-0.001420923933241558
2024-03-28,0.009187001078543977,0.011894197156687936,0.006937022077203814,0.014086301616289099,-0.019680127588536656,0.006937022077203814
2024-04-01,0.006050979178091831,0.016664947359895432,0.0302066607672844,0.018270542079388497,-0.007765003168356599,0.0302066607672844
2024-04-02,-0.0003872860275131451,0.010051172300867384,0.005486963245862508,0.01376422611998196,0.010634275852255959,0.005486963245862508
2024-04-03,-0.0008306302403686683,0.002725096551745798,0.0022169350182186243,0.00945567704565864,0.0034535820764909353,0.0022169350182186243
2024-04-04,0.003565912488363576,-0.0042419877250244875,0.00697634582641804,-0.004443318507306615,0.009598650499601735,0.00697634582641804
2024-04-05,-4.224679746289706e-05,0.008641593052991503,-0.0025346658517301224,0.006393230030658392,-0.0025298065346788245,-0.0025346658517301224
2024-04-08,0.006778164752814453,0.004745111619155917,0.019989841259993923,0.005753366357159395,-0.000907900159164865,0.019989841259993923
2024-04-09,-0.0010390218270411866,-0.003167794447377581,0.005646905128015023,-0.001310935592310436,-0.011838553093546533,0.005646905128015023
2024-04-10,0.0049044741142307835,0.008462560240797057,0.0011560643386658853,0.011336478683126483,-0.012413203281339213,0.0011560643386658853
2024-04-12,-0.010301592814249916,-0.004067837803410801,0.021280121053397716,-0.00814162172750732,-0.024837061845289887,0.021280121053397716
2024-04-15,-0.010963897188301042,-0.016802587986524897,-0.010983690952217073,0.0008327349138383955,-0.00786268229257403,-0.010983690952217073
2024-04-16,-0.005594325260972033,0.0007958883427996444,0.010779027475851022,0.004992342946056327,-0.009651556483265322,0.010779027475851022
2024-04-18,-0.0068652458503182245,-0.0011006047818555853,0.0011310340202705937,-0.015020747801552381,0.040040008143073624,0.0011310340202705937
2024-04-19,0.0068717686886063944,-0.0016341682507065025,0.004519086477267287,-0.0002401133928856547,0.002967690219972452,0.004519086477267287
2024-04-22,0.008551965982977361,0.01285792570260913,-0.008033418806493775,0.0025222084924889643,-0.015589550595152546,-0.008033418806493775
2024-04-23,0.0014147135985376202,0.0018330513078632649,-0.02413348943893001,0.006349571960535982,0.013081057282349873,-0.02413348943893001
2024-04-24,0.0015379287654238016,0.00762513864241865,0.007966797381515844,0.011309487479073566,0.009038660505311213,0.007966797381515844
2024-04-25,0.0074969296067168845,0.0067488675545313015,0.0021406400312060647,0.01047674422155298,0.007432549647633069,0.0021406400312060647
2024-04-26,-0.006663626980883297,0.00675151528307083,0.00772266210958894,0.005475317343363706,-0.021620325747274016,0.00772266210958894
2024-04-29,0.00996662256880243,0.0055118496300958775,-0.0004891993004791928,0.0018538253578417319,-0.017071025049320676,-0.0004891993004791928
2024-04-30,-0.00170251731563964,0.006395746401904212,-0.006851519970189401,0.0052040816686660385,0.010791472549258607,-0.006851519970189401
2024-05-02,0.0019177127972140884,0.01707770452461843,-0.0004928152672102337,0.013920836515905144,-0.008590897323972446,-0.0004928152672102337
2024-05-03,-0.007609859296553445,-0.0036109030358499883,-0.006080508482545377,0.00612732250489656,-0.009899269473589878,-0.006080508482545377
2024-05-06,-0.0014749338156797576,-0.012666796854212792,0.003968281750716507,-0.015676095842474647,-0.009228349453089146,0.003968281750716507
2024-05-07,-0.006246985595782073,-0.015400168455508845,-0.000658776592937671,-0.02623740774009431,0.0006962322921888475,-0.000658776592937671
2024-05-08,0.0,0.01324575411404294,-0.002966386029507495,0.01529595345844803,0.014382450857812756,-0.002966386029507495
2024-05-09,-0.01546911781190452,-0.021195714043150904,-0.001322344314953483,-0.029319721317115133,0.008604054428100527,-0.001322344314953483
2024-05-10,0.0044494691449390444,0.008249307193227251,0.02482621723697709,0.015639894044691127,0.000255012065496274,0.02482621723697709
2024-05-13,0.0022149680905385605,0.006572370091197932,-0.012435346670481406,-0.006465299797000834,-0.01694397809309167,-0.012435346670481406
2024-05-14,0.005148324587705533,0.014768257754332215,0.0006540817634019813,0.017629029251579942,-0.0005186826492912244,0.0006540817634019813
2024-05-15,-0.0007786004689536163,0.005189547164919928,0.008498128279687434,0.016742178540246178,-0.010842875668339191,0.008498128279687434
2024-05-16,0.009157377676264788,0.010305634322789414,0.004699415327009904,0.003087527522965372,0.0054810167704235635,0.004699415327009904
2024-05-17,0.0027785403439750667,0.011834157813430224,-0.0006451760568926268,0.011171861763583424,-0.015976209363195104,-0.0006451760568926268
2024-05-21,0.002802051667603722,0.016939159987733765,0.010813460192746982,0.04475762522314053,0.026371562747699473,0.010813460192746982
2024-05-22,0.0030516154749500313,0.0012675524880296773,0.0007983272586276069,0.009711897525217728,-0.024574414849457327,0.0007983272586276069
2024-05-23,0.01636661960848307,0.00719390405871656,-0.016911317296268158,-0.0006412050741629871,-0.0043852159168267235,-0.016911317296268158
2024-05-24,-0.0004593757337192361,0.003101623874125936,-0.011846795762578188,0.008020532380133671,0.00854317517102432,-0.011846795762578188
2024-05-27,-0.0010737589261899938,0.0014927136561004861,0.0018065464190211156,-0.009654186733352499,-0.003576015924625753,0.0018065464190211156
2024-05-28,-0.0019317094176221072,-0.00854392467053866,0.0019671956046682926,-0.016497064174610276,0.00014707902276311913,0.0019671956046682926
2024-05-29,-0.008015115627261094,-0.00693117503778562,0.0013089305047901956,0.0010892724776709883,0.01635294422676159,0.0013089305047901956
2024-05-30,-0.009515599658179275,-0.010464105229137433,-0.0075163248159829665,-0.014688347837289562,0.004369736008195124,-0.0075163248159829665
2024-05-31,0.0018697799732139142,0.0025155854022047563,0.009054975664505527,0.012919675683326304,0.008038586325582964,0.009054975664505527
2024-06-03,0.03254231769535276,0.04579756046684125,-0.01142112502011916,0.07565675959922591,0.021465778847940653,-0.01142112502011916
2024-06-04,-0.05929359941641077,-0.09343073073941255,-0.0004951110615831755,-0.11877978552949642,-0.018048250526949694,-0.0004951110615831755
2024-06-05,0.033624236760035675,0.04394182433203353,0.001981488262278841,-0.018631341852166083,-0.002650326990433882,0.001981488262278841
2024-06-06,0.008888049244237806,0.020783218473649834,0.012689526267157802,0.02777446462359001,0.0104289641806532,0.012689526267157802
2024-06-07,0.020539931466807104,0.01462520884076346,-0.005858431340633574,0.023033116793072184,-0.0037610249150739072,-0.005858431340633574
2024-06-10,-0.0013289382574128705,0.007546006703047059,-0.01571450453551826,0.007802016704394177,0.00627297999390497,-0.01571450453551826
2024-06-11,0.0002429314342191624,-0.0009448535947395031,0.004822835451168128,0.013824375418195034,0.008264595261439078,0.004822835451168128
2024-06-12,0.002497312914139238,0.007512271167862572,0.0028136707844184095,0.017781225214038354,0.008784398439797725,0.0028136707844184095
2024-06-13,0.0032564994745150067,0.009122205683920637,0.0,0.0011789990005739437,0.004354143359656781,0.0
2024-06-14,0.0028505279152657437,0.014815977245312695,0.0001650160341313267,0.005887971317855456,0.005384117300848201,0.0001650160341313267
2024-06-18,0.003933450786960613,0.006308820884582511,-0.0044553902617952,0.01298426173468048,-0.009117960373207223,-0.0044553902617952
2024-06-19,-0.0017786131162043084,-0.011182419481115535,0.0062986448182464905,-0.014078629575422386,-0.007843802362484609,0.0062986448182464905
2024-06-20,0.0021687361796223215,0.001334979050308327,0.005270955355788587,-0.0022378419934769855,0.0038270323371389914,0.005270955355788587
2024-06-21,-0.00279629951309035,-0.007264976188040451,0.008192692282497971,-0.004806119421580601,-0.0015860977682509159,0.008192692282497971
2024-06-24,0.00156375661610908,0.007459425134938247,-0.014789531374382214,0.0038634965569062096,-0.026117692837150264,-0.014789531374382214
2024-06-25,0.007793879853915442,-0.0039278280274558375,0.0021445244210793746,-0.0067350571654034574,0.012536089204570056,0.0021445244210793746
2024-06-26,0.006218040121837909,-0.001752427062763906,-0.004773677621849326,0.0,-0.0028267648031621295,-0.004773677621849326
2024-06-27,0.007361040898544724,0.0014718942876990049,-0.0023155704890572837,0.00796467371221632,0.0015307664833397183,-0.0023155704890572837
2024-06-28,-0.0014099020825968367,0.0025624197635398804,0.005139280087191667,0.007581410281947143,0.00568905763549199,0.005139280087191667
2024-07-01,0.005470484349075377,0.009420642398549006,-0.0013195089830990714,-0.0044510191418888345,0.005009500325334981,-0.0013195089830990714
2024-07-02,-0.0007497161563467802,-0.005398405063904765,0.00280762982303262,0.0030870865232117684,-0.0051525102733435135,0.00280762982303262
2024-07-03,0.006742306607722792,0.010826907008320896,0.0057641381272199865,0.014326630860952427,0.0005348530733988444,0.0057641381272199865
2024-07-04,0.0006444070008029268,0.004729587334840524,0.00360244345509253,0.009625425311996505,0.006976886122082471,0.00360244345509253
2024-07-05,0.0008928929498506211,0.006832700291039551,0.0030999938631237622,0.0185492322852574,-0.0025144337502120973,0.0030999938631237622
2024-07-08,-0.00013562113637344275,0.0011201670717271295,0.0014638931889721096,0.01312443690621179,-0.005797891486433726,0.0014638931889721096
2024-07-09,0.004631820986013446,0.004826696974830513,-0.0030858961775332983,0.002811797290101614,0.010846381761672186,-0.0030858961775332983
2024-07-10,-0.004450911197766749,0.0004589329085356031,0.002606709752815961,0.0017023649900487214,0.0033164285719768927,0.002606709752815961
2024-07-11,-0.0003494426502141934,0.0021882083291044907,0.002274933174612803,0.01249625127715892,0.0018057294174058658,0.002274933174612803
2024-07-12,0.007657573644356042,-0.004416757792382708,0.0034046544006751667,0.0005923929632394298,0.004713760477874418,0.0034046544006751667
2024-07-15,0.003450669707641296,0.008615650260036523,0.00048471125533566806,0.015591098166084505,-0.004526194108231074,0.00048471125533566806
2024-07-16,0.0010697158254551198,-0.0059925280131223335,0.008397940457699704,-0.0016517506021157535,0.003520914318881241,0.008397940457699704
2024-07-18,0.007632129743428306,-0.010946759757843427,0.007527245852662068,-0.012360064652714442,0.006602643340440695,0.007527245852662068
2024-07-19,-0.010884676251089243,-0.024065652248247527,-0.007947862044392795,-0.03025226244845669,0.0021681422578032628,-0.007947862044392795
2024-07-22,-0.0008825762723847497,0.012794880733816294,-0.005287582393274204,0.011990576484812943,-0.002026526658727157,-0.005287582393274204
2024-07-23,-0.0012321559717249908,-0.008769689910597123,-0.03092786609233189,-0.01295304080297488,0.015092421605083839,-0.03092786609233189
2024-07-24,-0.002677831825905974,0.0029657794013298044,-0.009308533489218451,0.013021350351565264,-0.012786590784226726,-0.009308533489218451
2024-07-25,-0.0003031269840456652,0.005088779337796501,-0.0038590528208855,0.010945936110142718,0.013664213126723057,-0.0038590528208855
2024-07-26,0.01756732976027453,0.01648517263823357,0.010443031122391533,0.011721469421261954,0.004754359783269768,0.010443031122391533
2024-07-29,5.03324972633834e-05,0.012093196128312389,-0.020170076101268863,0.008345591427152188,-0.0003494968125428155,-0.020170076101268863
2024-07-30,0.0008536433743000504,-0.0009751914574364084,-0.007315418749672231,0.01470303973807785,0.006266654367486968,-0.007315418749672231
2024-07-31,0.00377553501085659,0.007710616909355039,0.0056555585207263,0.002303021455503318,-0.030630184704612873,0.0056555585207263
2024-08-01,0.0023946791656728195,-0.0065980164583751,0.006987045761414956,0.01646722135909129,0.03339013937180657,0.006987045761414956
2024-08-02,-0.011722935491954689,-0.013009012362620753,0.00981550202842607,-0.015635264776715396,0.0006231161005316732,0.00981550202842607
2024-08-05,-0.02678645789462286,-0.03261026019275726,-0.01558566313083154,-0.04171850082510031,-0.009284818574668896,-0.01558566313083154
2024-08-06,-0.0026209626510589334,-0.00922573902884416,-0.0020429476192205254,-0.009186202245913933,0.019973085367763765,-0.0020429476192205254
2024-08-07,0.012710162480444431,0.030146882767902783,-0.007164759068544857,0.04131813297812026,-0.009643555807800519,-0.007164759068544857
2024-08-08,-0.007428747813561065,-0.007946707584468471,-0.0018900448266249148,-0.017807064111869275,0.0026236246041395628,-0.0018900448266249148
2024-08-09,0.010386864037815746,0.012432188728930482,0.009812354851557403,0.017046047820946653,0.01459519297809897,0.009812354851557403
2024-08-12,-0.0008412844977941925,-0.003913724658528128,0.006137071450528664,-0.003100171391589135,0.01310898311826425,0.006137071450528664
2024-08-13,-0.008543146999630324,-0.011382089619206393,0.0064385134728552895,-0.01098158276050476,-0.008188848206240662,0.0064385134728552895
2024-08-14,0.00019677699987563635,0.0004552667920132425,0.003535338031618762,-0.013068627744233785,0.01391940569939032,0.003535338031618762
2024-08-16,0.016459762490292462,0.01815691149194021,-0.0023485889651899683,0.013938608746062897,0.007412116567227844,-0.0023485889651899683
2024-08-19,0.0012835584110202358,0.005861366881124264,0.014629206558379737,0.00972118547490286,0.005129848690818228,0.014629206558379737
2024-08-20,0.005135759339910173,0.00818509930728517,0.005468976061036246,-0.0012642699649669797,-0.03953912938637694,0.005468976061036246
2024-08-21,0.0028887826964991703,0.0028011287317315503,-0.004779909503582536,0.0003894928599414982,0.014088944421070115,-0.004779909503582536
2024-08-22,0.001667357653657442,0.006495838585304448,0.0011593192048018341,-0.00535327461357904,-0.006986322950361279,0.0011593192048018341
2024-08-23,0.00046955607782672715,-0.003438906924849827,-0.0033085320167948185,0.0017614277412214552,-0.005063383366632368,-0.0033085320167948185
2024-08-26,0.007551387144671073,0.00490830154496269,0.009626586407546656,0.012308239455214975,-0.013231903428865155,0.009626586407546656
2024-08-27,0.0002858944102370753,0.0010720548323654988,-0.004603034449543575,-0.003570347650234007,0.003284405322005357,-0.004603034449543575
2024-08-28,0.0013830024432652799,0.003120868632723539,0.0,-0.0027115899041670888,0.01799192374648162,0.0
2024-08-29,0.00397565940632294,-0.0024792504416493166,0.00033031309687325816,-0.002233475912176819,0.00924900535824591,0.00033031309687325816
2024-08-30,0.003337760073577778,0.0051190503882498906,0.001485886627725641,0.006228704522125872,0.02212053027102212,0.001485886627725641
2024-09-02,0.001695950113232314,0.0007438914864899004,-0.006758982005332204,-0.006577041388819871,-0.004560299300775061,-0.006758982005332204
2024-09-03,4.550829989491412e-05,0.0010333940268685282,0.0018257362713951508,-0.004089165346013557,-0.005642251675257448,0.0018257362713951508
2024-09-04,-0.0032100820170585243,0.0004892806310861086,-0.008780629124214734,-0.013784374322899584,0.014836459118752865,-0.008780629124214734
2024-09-05,-0.0021270784221717465,0.0004692643256603013,0.012034052882681667,-0.010011841141299382,0.0020517195494342833,0.012034052882681667
2024-09-06,-0.011650350298901935,-0.013564816798489643,0.0018166905324126237,-0.0188245201873376,0.00511927405858259,0.0018166905324126237
2024-09-09,0.003390048695012693,0.0014893292887647736,-0.008242664049748272,-0.010409191400171824,-0.004252813405285272,-0.008242664049748272
2024-09-10,0.0041986500501236534,0.002208619062031403,0.003324480775377836,0.00453751094015975,0.0011764835494860737,0.003324480775377836
2024-09-11,-0.004897963449619458,-0.005115919624210208,0.005798516742577142,-0.009239313130515625,0.0005619031403756303,0.005798516742577142
2024-09-12,0.01887963282727112,0.01467416977953806,-0.00164714998565485,0.018132835574179662,-0.00022983090887995772,-0.00164714998565485
2024-09-13,-0.0012761636040355961,-0.0002492458165378464,0.016993875085375976,-0.003867340469682179,-0.012512379854561773,0.016993875085375976
2024-09-16,0.0010746751326089488,0.00048722252708155445,0.006651522574170565,0.006947285699397954,0.010395411223233841,0.006651522574170565
2024-09-17,0.0013709866056039743,-0.002704507408822221,-0.004512470310066297,-0.001116077648907865,-0.014511298873932321,-0.004512470310066297
2024-09-18,-0.0016129951842196455,-0.004305790763835415,-0.001457020429349476,-0.008938519864867156,-0.01376407829971249,-0.001457020429349476
2024-09-19,0.0015072376499098983,-0.006893889975288392,0.008268455236865702,-0.006046903143753113,0.02517368399427644,0.008268455236865702
2024-09-20,0.014760441377741573,0.014274538506453327,0.0038591684156064066,0.01227051733161888,-0.010633977654453841,0.0038591684156064066
2024-09-23,0.005742385099666292,0.016237657292828223,0.006086834314555256,0.013955411756495506,0.012747498900083087,0.006086834314555256
2024-09-24,5.2030021699067674e-05,0.001255377570641647,0.0028657904989686234,0.011553159687579528,0.010587246765413783,0.0028657904989686234
2024-09-25,0.0024575565157058943,-0.0037289619674157892,0.010636579633150678,0.008640332665537098,-0.003018522253481204,0.010636579633150678
2024-09-26,0.008148714241454025,0.007443466442017321,0.0017279392179583297,-0.0024615991139205207,0.007887402517565034,0.0017279392179583297
2024-09-27,-0.0014152231703233875,0.009421787287691608,-0.004547607236092377,0.004737966326136656,-0.016484445704529782,-0.004547607236092377
2024-09-30,-0.014060900852023384,-0.009228525508187868,0.0011027047153275849,-0.004322648958136832,0.000795510108559272,0.0011027047153275849
2024-10-01,-0.0005404401234794243,0.0024554682277246886,0.0006294400630617591,-0.00404534818833302,0.000153982014030829,0.0006294400630617591
2024-10-03,-0.021196375260987388,-0.023758416806420324,0.0015725503047827605,-0.013374341894822894,0.009051965625719971,0.0015725503047827605
2024-10-04,-0.009326695880144675,-0.010975024080025042,0.0047103636085179534,-0.005723463357607872,0.0033544567967791483,0.0047103636085179534
2024-10-07,-0.008748875168602677,-0.0232638342139031,-0.002812944217133073,-0.03110476980485566,5.0603113509017916e-05,-0.002812944217133073
2024-10-08,0.00876764730346924,0.023503005084042572,-0.005641758385892315,0.012924722036846248,-5.0600552963575574e-05,-0.005641758385892315
2024-10-09,-0.0012473907279866303,0.010865004952634205,-0.006776994483929766,0.0010290026117212303,-0.009016718787587252,-0.006776994483929766
2024-10-10,0.0006604768849507447,-0.0017199191313729267,-0.00015871368070163872,0.007401328430694409,0.009533363347250523,-0.00015871368070163872
2024-10-11,-0.0013680536120755926,0.0013330777532518656,0.008411404667709954,-0.00081634521484375,-0.01845625955967789,0.008411404667709954
2024-10-14,0.006557345754428789,0.0036250412242722074,0.006924750084500886,-0.0005105741758391069,0.00595825068678546,0.006924750084500886
2024-10-15,-0.0028096049048969007,0.002751404514397704,-0.0018755694395644618,-0.00367835496320279,2.5570113512118908e-05,-0.0018755694395644618
2024-10-16,-0.0034340754096676696,-0.0021316034986803567,0.009082396265443604,-0.006563422988692946,-7.688232099722914e-05,0.009082396265443604
2024-10-17,-0.008868227322834543,-0.0223380009604347,0.0,-0.00846494963946054,-0.004589809978213788,0.0
2024-10-18,0.004210173941240125,0.0037955553735162795,0.01148351700393535,0.006663189685726101,0.008474946519872795,0.01148351700393535
2024-10-21,-0.00293518237799828,-0.013498123910951842,0.009358708307694252,-0.011479993611792638,0.0015070057615915733,0.009358708307694252
2024-10-22,-0.012469180337869368,-0.02901948451712455,-0.0009119555822895142,-0.0277254810118438,-0.0019893895762042035,-0.0009119555822895142
2024-10-23,-0.001495564743491773,-0.0038497824019326776,0.006541918198919694,-0.007317338888870206,-0.0066955754450894744,0.006541918198919694
2024-10-24,-0.0014773427748562273,-0.0008246225549809472,-0.006197152953668739,0.006504048499957671,-0.009570900009669647,-0.006197152953668739
2024-10-25,-0.008959220549493163,-0.01566862568609806,-0.0045627840571530465,-0.022509384730610926,0.011897432698215527,-0.0045627840571530465
2024-10-28,0.0065485676346082045,0.004504627670637529,0.005042045018209151,-0.006500704642994237,0.009087646036526564,0.005042045018209151
2024-10-29,0.0052466588480091225,0.007251188376500961,0.007905203437379882,0.017855169602366106,0.025410016858377293,0.007905203437379882
2024-10-30,-0.005149825253829232,-0.0038277049862834867,0.010859631344911413,0.001307504338397214,-0.0076304643962014085,0.010859631344911413
2024-10-31,-0.005566773640794054,-0.005074853110547561,-0.0014920692200816044,0.0030467766555806186,0.0031973122326385273,-0.0014920692200816044
2024-11-01,0.004090004961616156,0.006994532392623487,0.0,0.0,0.0,0.0
2024-11-04,-0.0127137736646451,-0.013955817232060741,-0.013448917371557179,-0.009221072589575274,0.01962958783309432,-0.013448917371557179
2024-11-05,0.00908305881860727,0.0054625854872458746,-0.0012116662485253116,0.007664479735115526,-0.020219268614374286,-0.0012116662485253116
2024-11-06,0.011181870759630508,0.022813780141064388,-0.005307947991458395,0.020319491159253467,-0.014736772096823447,-0.005307947991458395
2024-11-07,-0.011628025706147627,-0.010504280307913394,-0.01921016278679155,-0.00777426352578281,0.004420230466208208,-0.01921016278679155
2024-11-08,-0.002113709312467793,-0.012255047524819762,0.010415018651870778,-0.012987003415826703,-0.00417043166939024,0.010415018651870778
2024-11-11,-0.00028567088740283353,0.0028598947184321766,-0.007846186711237935,-0.0015223944219467933,-0.0006937613085025163,-0.007846186711237935
2024-11-12,-0.010680930776533315,-0.021791765662123264,-0.025585327428094273,-0.01884124768768769,-0.002236871397594431,-0.025585327428094273
2024-11-13,-0.013582562322921432,-0.019685419974002083,0.006524504239601381,-0.018314951310419936,-0.02272844113472816,0.006524504239601381
2024-11-14,-0.0011185324376894457,0.004578072429038738,-0.023082989477828608,-0.0031659743506042837,0.0021885503490823854,-0.023082989477828608
2024-11-18,-0.0033527151631265184,0.0009398135694522747,0.01796408146795514,-0.0064656000515087575,-0.01039289327024484,0.01796408146795514
2024-11-19,0.002758581406631766,0.004498162200616607,0.013036560809729814,0.009590181555034327,-0.0005050979801234368,0.013036560809729814
2024-11-21,-0.007168807933116472,-0.014902831775494119,0.013339586595062958,-0.006671988750978519,-0.02112100947619533,0.013339586595062958
2024-11-22,0.023869464111237804,0.01874320294295173,0.011770205046034432,0.021857990418786333,0.00027179551678147007,0.011770205046034432
2024-11-25,0.013161295867362366,0.01949298640031416,-0.014541627904641086,0.025958045300888966,0.00029886659474009925,-0.014541627904641086
2024-11-26,-0.0011312238174179257,0.002589268472507289,-0.01537741388637559,-0.008252736855884013,0.003938106267425745,-0.01537741388637559
2024-11-27,0.003323085437806128,0.009538650396096138,0.008991949839288083,0.010073340090884342,0.011795005637053046,0.008991949839288083
2024-11-28,-0.014861029054492936,0.0009809955351511856,0.0012508103846129437,-0.007804891281334658,-0.004358162179172176,0.0012508103846129437
2024-11-29,0.009072001940535257,0.006727017404640989,0.003903810062866331,0.0010925213094585828,-0.0025512131656203474,0.003903810062866331
2024-12-02,0.006006820004948565,0.006185769482660808,-0.008243935082385967,-0.0009821711294143443,-0.004711514645614812,-0.008243935082385967
2024-12-03,0.007460011144599932,0.010207335857786104,0.004705132449152272,0.011361163481820924,-0.003976486750904784,0.004705132449152272
2024-12-04,0.00042109681465385407,0.004925551096629288,-0.000780446835289883,-0.0014042436837464756,-0.008744988786625885,-0.000780446835289883
2024-12-05,0.009847825562885104,0.003352423145204675,0.000781056408291958,0.0008653524466797347,0.024329387662648472,0.000781056408291958
2024-12-06,-0.0012384293961259507,0.0076337992283534994,-0.0010926612986977835,0.0015130162271197456,-0.007489243748073804,-0.0010926612986977835
2024-12-09,-0.0023827399277279726,-0.004549494281364641,0.004688220490569162,-0.0018344466634756529,-0.008354104146720998,0.004688220490569162
2024-12-10,-0.0003635086213900074,0.0053412419545320056,0.005910674257374238,-0.0024865227776604826,0.017148111976742486,0.005910674257374238
2024-12-11,0.0012901233029631864,0.002677220359315502,0.00572139720207554,-0.0010837593774705168,-0.006439091793329799,0.00572139720207554
2024-12-12,-0.003778196379659149,-0.0028590630711103904,0.006918772169555165,-0.007920101356636677,0.0005110503058798344,0.006918772169555165
2024-12-13,0.008945547808588916,-0.001596117749041004,-0.013437124478893891,0.0020778084748354075,0.005913012237565907,-0.013437124478893891
2024-12-16,-0.004039468921733236,0.0025991360268413644,-0.0020120299054313673,-0.0031649124110011417,0.0032863720652480666,-0.0020120299054313673
2024-12-17,-0.013468730047733413,-0.013226623004027105,-0.005893375667320511,-0.012261825729052434,-0.008522132108266134,-0.005893375667320511
2024-12-18,-0.005635699812006956,-0.012993849393250989,0.004368155787241035,-0.020505413977943587,0.0107980409010906,0.004368155787241035
2024-12-19,-0.010213311567061067,-0.00876206140350877,-0.009319641188540784,-0.00769492230441382,0.00039854615902479296,-0.009319641188540784
2024-12-20,-0.01520556915080562,-0.027228821836950745,-0.0072122780382049,-0.021439215765431285,-0.054056232450161446,-0.0072122780382049
2024-12-23,0.0070354729729729115,0.0027117540842618304,0.010265343161902196,0.0,0.025918948062539693,0.010265343161902196
2024-12-24,-0.0010861087115143775,-0.00046020622410203327,-0.00453338924485569,-0.0025638180510715314,0.020528865129284757,-0.00453338924485569
2024-12-26,0.0009503186263191132,0.0044817584568073165,0.005025120811725348,0.003388257132089123,0.0030039194807964797,0.005025120811725348
2024-12-27,0.002661079652128029,-0.00880063082068705,0.003281235694885254,-0.0048905237817599145,0.0002941753372582845,0.003281235694885254
2024-12-30,-0.007075847935867907,-0.007196208911019131,-0.0032705043991105853,-0.01287150112222446,-0.014622878877659895,-0.0032705043991105853
